job_id,title,company,location,posted,contract,sector,description,language_detected,url,source
2178199,Begeleider Brabo (100%),Introductie,2025 Français,,,,"Pour les recruteurs Comparateur de salaire Mes Offres Se connecter Trouver un emploi Begeleider Brabo (100%) Elegast VZW DEURNE Publiée: il y a 4 heures Vous serez l’un des 1er candidats Sauvegarder Begeleider Brabo (100%) Elegast VZW Sauvegarder Introductie Ben je op zoek naar een gevarieerde job met verantwoordelijkheid én maatschappelijke relevantie? Lees dan zeker verder. Elegast is al meer dan 40 jaar een vaste waarde in de Antwerpse jeugdzorg en hulpverlening. Met ruim 200 collega’s, 15 afdelingen en 10 locaties zijn we groot en veelzijdig, maar toch toegankelijk en persoonlijk; Een dorp in ’t Stad, zeg maar. Voor Brabo zijn we op zoek naar een begeleider (100%) met een opmerkelijk sterke, professionele basishouding. Je begeleidt 6 jongens (14j-21j) met een complexe problematiek die zich uit in sterk externaliserend probleemgedrag. Er wordt ingezet op verbinding, veiligheid en behandeling. De jongens wonen per 3 in 2 appartementen. Deze module is als aanbod op maat ontstaan zodat deze adolescenten niet meer in de gemeenschapsinstellingen (GI) belanden. Zo blijven de GI -met uitzondering van time-out opties- tevens behouden voor jongeren met een (eerder*) forensisch traject/MOF-profiel. Jouw verantwoordelijkheden Wat doe je? Je neemt uiteenlopende taken op binnen een multidisciplinair team. Een greep uit het takenpakket: Je bent aanwezig voor de jongeren. Je voert bijvoorbeeld informele gesprekken tijdens de huishoudelijke taken (eten, koken, afwassen), beantwoordt vragen over hun schoolwerk. Je bouwt een warme vertrouwensband op en werkt aan een veilig leefklimaat. Je biedt de jongeren niet alleen een plek waar ze kunnen thuiskomen, maar ook structuur en duidelijkheid. Je ondersteunt hen op persoonlijk vlak (medische opvolging, hygiëne, orde) en pedagogisch vlak. De jongeren kunnen met al hun vragen of zorgen bij jou terecht. Jij bent op jouw beurt altijd alert voor hun noden en bekommernissen. Je begeleidt niet alleen een groep, je begeleidt ook enkele jonger",fr,https://www.stepstone.be/offres-d-emploi--Begeleider-Brabo-100-DEURNE-Elegast-VZW--2178199-inline.html,stepstone
2099070,Assistant(e) administratif(ve),Introduction,1970 Wezembeek Oppem il y a,,,,"Description du poste Responsable des dossiers d'assignation et d'exécution avec l'assistance d'un huissier de justice et d'un candidat huissier de justice. Préparer les dossiers et assister l'huissier de justice dans ses activités quotidiennes Discuter des dossiers avec les clients et donner des conseils (en concertation avec l'huissier de justice). Une gamme variée de tâches avec des possibilités d'évolution au fil du temps. Votre profil Qui êtes-vous ? Vous avez au moins un diplôme de l'enseignement secondaire, un diplôme de bachelier ou de master est un plus. Bonne éthique de travail La volonté de travailler de manière indépendante est un atout Bonne connaissance du néerlandais, le français est un plus mais n'est pas obligatoire. Vous avez le sens des responsabilités et apportez beaucoup de soin à votre travail. Notre offre Que pouvez-vous attendre en tant que gestionnaire de dossiers ? Un salaire compétitif en fonction de votre expérience et/ou de votre diplôme ; deshoraires de travail flexibles + des chèques-repas d'une valeur de 8 euros par jour + une assurance hospitalisation DKV pour vous et votre famille Un bon équilibre entre vie professionnelle et vie privée, avec la possibilité de télétravail. Un soutien interne et des possibilités de formation pour vous permettre de vous spécialiser et de développer votre carrière au sein de ce cabinet. Un environnement de travail collégial et dynamique, avec une interaction agréable entre les membres de notre équipe. Intéressé.e? Confido Gerechtsdeurwaarders Huissiers de Justice 1 Job Des offres d'emploi similaires Responsable administratif(ve) XLG Evere il y a 1 jour Agent Front Office Service Desk Etnic - Fédération Wallonie Bruxelles Bruxelles il y a 1 jour Gestionnaire de dossiers de recrutement Wallonie Bruxelles Enseignement Bruxelles il y a 1 jour Office Manager Scale Dogs 1970 Wezembeek Oppem il y a 2 jours Administrative Coordinator ARCADIUS Anderlecht Télétravail possible il y a 4 jours Management Assistant Hydria Brussel Télétravail possible il y a 1 jour Gestionnaire administratif et comptable Confédération Des Betteraviers Belges Asbl Bruxelles il y a 18 heures NOUVEAU Property Accountant | Prioriser votre bien-être Sander Brussels Brussels centrum Télétravail possible il y a 5 jours Comptable Clients Robert Half Bruxelles il y a 1 jour Gestionnaire de dossiers Robert Walters Brussels il y a 1 jour Stepstone Qui sommes-nous Espace Presse Devenez partenaire Candidat Carrière chez Stepstone Conseils de carrière FAQ Recruteur Pourquoi Stepstone Actualités recrutement Publier une annonce Recrutement international: THE NETWORK Restons en contact Donnez-nous votre avis Apps Déclaration de confidentialité Conditions d'utilisation Contactez-nous Conditions générales de vente THE NETWORK The Stepstone Group GmbH © 2025 Français",fr,https://www.stepstone.be/offres-d-emploi--Assistante-administratifve-Groot-Bijgaarden-Confido-Gerechtsdeurwaarders-Huissiers-de-Justice--2099070-inline.html,stepstone
2159553,Account Manager,Introductie,2023 zijn we zelfs naar Ibiza gegaan,,,,"Pour les recruteurs Comparateur de salaire Mes Offres Se connecter Trouver un emploi Account Manager Novotek BVBA Vlaanderen Contrat fixe à durée indéterminée Plein temps Publiée: il y a 39 minutes Candidature facile Sauvegarder Account Manager Novotek BVBA Sauvegarder Introductie Ben jij een innovatieve en klantgerichte Accountmanager met enkele jaren ervaring in een soortgelijke functie? Zoek je bovendien een werkomgeving waarin je veel vrijheid hebt en aantrekkelijke voordelen krijgt? Dan zouden wij wel eens een goede match kunnen zijn! Wie zijn wij bij Novotek? Al meer dan 38 jaar leveren wij standaardoplossingen in hardware, software en diensten voor industriële productieprocessen. We zijn momenteel actief in 13 landen in Europa en blijven groeien! Dagelijks ondersteunen wij klanten in industriële automatisering als distributeur van onder andere de wereldwijde bedrijven GE Vernova, PTC en AUVESY-MDT. De rol van Accountmanager Als commercieel B2B-talent richt jij je op de Belgische markt. Je biedt innovatieve oplossingen om de productieprocessen van klanten te optimaliseren en identificeert verbeterpunten met ondersteuning van technische specialisten. Je hebt nauw contact met eindklanten, partners en collega's gedurende het verkoopproces. Jouw profiel Je hebt een bachelordiploma en/of ervaring in verkoop, bij voorkeur binnen automatisering. Je bent een proactieve teamspeler met goede onderhandelingsvaardigheden. Vloeiend in Nederlands en Engels, met Frans als pluspunt. Je hebt een klantgerichte instelling. Wie zitten er in jouw team? Je maakt deel uit van een dynamisch team dat jong en ervaren talent combineert. Je rapporteert rechtstreeks aan onze Sales Manager, België. Wat kunnen wij bieden naast een flexibele rol? Omdat we een kleiner bedrijf zijn binnen een grotere groep, zijn er altijd mogelijkheden om impact te maken en kansen om te groeien! Dit omvat zowel jouw verantwoordelijkheden als taken. We bieden ook: Aantrekkelijk salaris met extra voordelen zoals",fr,https://www.stepstone.be/offres-d-emploi--Account-Manager-Vlaanderen-Novotek-BVBA--2159553-inline.html,stepstone
2166704,Business Unit Manager Non-Life,Introductie,"hoofdkantoor Leuven – hybride werken mogelijk Over Immotheker Finotheker Bij Immotheker Finotheker begeleiden we klanten in alle financiële keuzes rond wonen, beschermen en vermogensplanning. Met meer dan 100 kantoren verspreid over België zijn we dé onafhankelijke gids voor wie financiële gemoedsrust zoekt. Binnen de pijler “Beschermen” helpen we onze klanten om hun risico’s correct in te schatten en zich optimaal te verzekeren, met producten van meer dan 15 verzekeringsmaatschappijen. Om deze pijler verder te professionaliseren en uit te bouwen, zoeken wij een sterke leidinggevende voor de business unit Non Life. Jouw verantwoordelijkheden Jouw rol: eindverantwoordelijke voor onze schadeverzekeringswerking Als Business Unit Manager Non-Life ben je verantwoordelijk voor de volledige werking en uitbouw van onze schadeverzekeringsactiviteiten (Non-Life). Je combineert inhoudelijke expertise met operationeel leiderschap, en bent het eerste aanspreekpunt voor interne collega’s, franchisekantoren én externe partners. Je bouwt de unit verder uit met het oog op: operationele efficiëntie kwaliteit en compliance sterke relaties met onze verzekeringspartners schaalbare ondersteuning van de kantoren Inhoudelijke en commerciële aansturing Je verdiept je in het productaanbod van de verschillende schadeverzekeringspartners Je volgt commerciële evoluties in de markt en vertaalt die naar nieuwe kansen of bijsturingen Je evalueert jaarlijks onze partnerships en onderhandelt mee over voorwaarden en samenwerking Je volgt de commerciële resultaten van de kantoren mee op en stuurt bij waar nodig Operationele en teamverantwoordelijkheid Je leidt en ondersteunt het interne schadeverzekeringsteam Je organiseert taakverdeling, prioriteiten en volgt de kwaliteit van de output op Ondersteuning & coaching van kantoren Je bent eerste aanspreekpunt voor operationele en inhoudelijke vragen over schadeverzekeringen Je organiseert onboarding, opleidingen en bijscholingen voor onze kantoorhouders Je optimaliseert de ondersteuning en beschikbaarheid van kennis via Sharepoint en andere systemen Partnerbeheer Je bouwt mee aan krachtige relaties met de schadeverzekeringsmaatschappijen Je coördineert implementaties van nieuwe producten of aanpassingen in bestaande formules Je bewaakt de evenwichten tussen klantgerichtheid, commercieel belang & compliance Jouw profiel Ervaring en competenties Je hebt ruime ervaring met schadeverzekeringen Je hebt een goed begrip van commerciële én operationele realiteit in een distributiemodel Ervaring met people management is een sterke troef Sterk in plannen, organiseren en communiceren Vlot tweetalig: Nederlands én Frans Persoonlijkheid Je bent klantgericht, oplossingsgericht en ondernemend ingesteld Je combineert oog voor detail met helikopterzicht Je denkt in termen van groei, schaalbaarheid en continu verbeteren Je werkt graag samen met mensen op verschillende niveaus: van kantoorhouders tot verzekeraars Technische tools Vlotte kennis van Brokercloud en/of andere software van verzekeringsmaatschappijen Bekend met Microsoft 365-toepassingen (Excel, SharePoint, Teams) Ons aanbod Een sleutelrol binnen een toekomstgerichte en groeiende organisatie Veel autonomie en ruimte om je stempel te drukken op onze verzekeringswerking Een aantrekkelijk salarispakket met extralegale voordelen (o.a. Maaltijdcheques, hospitalisatieverzekering, pensioensparen,…) Werken in een dynamisch, mensgericht team met impact Geïnteresseerd? Immotheker Finotheker 19 Jobs Localisation Immotheker Finotheker Vital Decosterstraat 50 C, 3000 Leuven, België Afficher la carte Temps de trajet De: À: Via: En voiture Transports en commun À pied À vélo Calculer mon temps de trajet - - : - - Des offres d'emploi similaires Junior Embedded Software Engineer - Machine Learning NXP Semiconductors Netherlands B.V. Leuven il y a 8 heures NOUVEAU Teamlead Accounting Dixon Finance Leuven Télétravail possible il y a 1 jour SAP Consultant Sociale Wetgeving Acerta Career Center Leuven Télétravail possible il y a 4 jours Kantoorverantwoordelijke A-Z dossiers en teamondersteuning Austin Bright Leuven il y a 5 jours Dossierbeheerder / Cliëntbeheerder verzekeringen (Leuven) VANBREDA RISK & BENEFITS Leuven il y a 2 jours Regiomanager Facilities Acerta Career Center Leuven Télétravail possible il y a 4 jours Manager Klantrapportering Acerta Career Center Leuven Télétravail possible il y a 1 jour Manager BI Acerta Career Center Leuven Télétravail possible il y a 1 jour Junior Juridisch Adviseur Bouwsector Embuild Brussel – Vlaams-Brabant Leuven il y a 2 jours Junior Accountant Robert Walters Leuven Télétravail possible il y a 4 jours Stepstone Qui sommes-nous Espace Presse Devenez partenaire Candidat Carrière chez Stepstone Conseils de carrière FAQ Recruteur Pourquoi Stepstone Actualités recrutement Publier une annonce Recrutement international: THE NETWORK Restons en contact Donnez-nous votre avis Apps Déclaration de confidentialité Conditions d'utilisation Contactez-nous Conditions générales de vente THE NETWORK The Stepstone Group GmbH © 2025 Français",,,,"Pour les recruteurs Comparateur de salaire Mes Offres Se connecter Trouver un emploi Business Unit Manager Non-Life Immotheker Finotheker Leuven Contrat fixe à durée indéterminée Plein temps, Télétravail possible Publiée: il y a 3 heures Sauvegarder Business Unit Manager Non-Life Immotheker Finotheker Sauvegarder Introductie Business Unit Manager Non-Life Voltijds – Tweetalig NL/FR – Standplaats: hoofdkantoor Leuven – hybride werken mogelijk Over Immotheker Finotheker Bij Immotheker Finotheker begeleiden we klanten in alle financiële keuzes rond wonen, beschermen en vermogensplanning. Met meer dan 100 kantoren verspreid over België zijn we dé onafhankelijke gids voor wie financiële gemoedsrust zoekt. Binnen de pijler “Beschermen” helpen we onze klanten om hun risico’s correct in te schatten en zich optimaal te verzekeren, met producten van meer dan 15 verzekeringsmaatschappijen. Om deze pijler verder te professionaliseren en uit te bouwen, zoeken wij een sterke leidinggevende voor de business unit Non Life. Jouw verantwoordelijkheden Jouw rol: eindverantwoordelijke voor onze schadeverzekeringswerking Als Business Unit Manager Non-Life ben je verantwoordelijk voor de volledige werking en uitbouw van onze schadeverzekeringsactiviteiten (Non-Life). Je combineert inhoudelijke expertise met operationeel leiderschap, en bent het eerste aanspreekpunt voor interne collega’s, franchisekantoren én externe partners. Je bouwt de unit verder uit met het oog op: operationele efficiëntie kwaliteit en compliance sterke relaties met onze verzekeringspartners schaalbare ondersteuning van de kantoren Inhoudelijke en commerciële aansturing Je verdiept je in het productaanbod van de verschillende schadeverzekeringspartners Je volgt commerciële evoluties in de markt en vertaalt die naar nieuwe kansen of bijsturingen Je evalueert jaarlijks onze partnerships en onderhandelt mee over voorwaarden en samenwerking Je volgt de commerciële resultaten van de kantoren mee op en stuurt bij waar nod",fr,https://www.stepstone.be/offres-d-emploi--Business-Unit-Manager-Non-Life-Leuven-Immotheker-Finotheker--2166704-inline.html,stepstone
2175192,Chauffeur CE avec ADR,Introduction,1831 DIEGEM,,,,"Pour les recruteurs Comparateur de salaire Mes Offres Se connecter Trouver un emploi Chauffeur CE avec ADR TRANSPORT VANDERVORST NV Diegem Contrat fixe à durée indéterminée Plein temps Publiée: il y a 2 heures Vous serez l’un des 1er candidats Sauvegarder Chauffeur CE avec ADR TRANSPORT VANDERVORST NV Sauvegarder Introduction Transport Vandervorst sa Chaussée de Zaventem 93 1831 DIEGEM 45 travailleurs 35 tracteurs/50 semi Faisons partie du groupe Français (1800 travailleurs) Travail proposé : Transport de gaz (propane ou gaz de l’air) avec semi citerne. Chargements et déchargements : Belgique, Pays-Bas en Luxembourg. Sporadiquement France. Parfois du petit international. Nous cherchons : Un chauffeur poids lourds avec un permis CE (tracteur/semi) en en possession d’un certificat ADR. Vous avez quelques années d’expérience (pas spécialement avec des marchandises ADR). Vous avez plus de 25 ans. Vous habitez dans un rayon de 40 kms de Diegem. Vous avez une voiture pour vous rendre au travail. Vous parlez le français ou le néerlandais. Notre offre Votre salaire : Salaire de base 15,4705 euro/heure + RGPT 1,7790 euro/heure + 0,30 euro/heure prime ADR + 13 euro/chèque repas + abonnement GSM + assurance hospitalisation + épargne pension. Intéressé.e? TRANSPORT VANDERVORST NV 1 Job Localisation TRANSPORT VANDERVORST NV Zaventemsesteenweg 93, 1831 Diegem, Belgique Afficher la carte Temps de trajet De: À: Via: En voiture Transports en commun À pied À vélo Calculer mon temps de trajet - - : - - Des offres d'emploi similaires Integration Specialist CANON BELGIUM Diegem il y a 21 heures NOUVEAU Internal Sales Advisor Robert Half Diegem Télétravail possible il y a 3 jours Chauffeur CE Stadsbader NV ZEDELGEM il y a 3 jours Chauffeur CE - Gietasfalt Stadsbader NV PUURS il y a 3 jours ADR-chauffeur met rijbewijs C(E) SGS Group Belgium Melsele il y a 4 jours Betonmedewerker Voorspan/Dak Stadsbader NV KLUISBERGEN il y a 2 jours Chauffeur CE - Prefab Stadsbader NV Kluisbergen il y a 2 ",fr,https://www.stepstone.be/offres-d-emploi--Chauffeur-CE-avec-ADR-Diegem-TRANSPORT-VANDERVORST-NV--2175192-inline.html,stepstone
2134736,Collaborateur de vente - Zaventem,Introduction,1930 Zaventem,,,,"Pour les recruteurs Comparateur de salaire Mes Offres Se connecter Trouver un emploi Collaborateur de vente - Zaventem Neworch Belgium Srl - Orchestra - Prémaman Belgium Zaventem Contrat fixe à durée déterminée, Contrat fixe à durée indéterminée Plein temps Publiée: il y a 3 heures Candidature facile Sauvegarder Collaborateur de vente - Zaventem Neworch Belgium Srl - Orchestra - Prémaman Belgium Sauvegarder Introduction Orchestra est une marque de mode créative pour enfants qui a été fondée il y a 20 ans et qui utilise un concept de distribution original. Depuis sa fusion avec Prémaman et Baby2000, le groupe offre le meilleur des produits pour bébés, de la mode maternité et de la mode pour les enfants de 0 à 14 ans. De plus, il continue de se développer en ouvrant de nouvelles grandes surfaces et des magasins traditionnels. Grâce au dynamisme de nos équipes et à notre image forte, Orchestra-Prémaman est toujours en mesure d'augmenter son chiffre d'affaires et la démarche du groupe reste un modèle économique rentable. Vous aimez les défis et souhaitez évoluer dans votre travail ? Alors venez travailler chez Orchestra-Prémaman, leader en Belgique et à l'étranger sur le marché des produits pour bébés et de la mode pour la maternité et les enfants ! Pour notre magasin de Zaventem nous sommes à la recherche d’un(e) vendeur (se) pour notre rayon textile. Vos responsabilités Vous êtes l’image d'Orchestra dans le magasin et, avec vos collègues, vous mettez tout en œuvre chaque jour pour offrir à nos clients une expérience d'achat optimale. Vos conseils juste et précis rassurent nos clients et leur offre un service personnalisé Et bien sûr, vous ferez votre part pour assurer la performance commerciale et stylistique de nos collections. Votre profil Vous savez travailler en équipe et votre optimisme est contagieux Votre attitude orientée vers le service et votre ouverture d'esprit font que chaque client se sent comme chez lui Vous avez de bonnes compétences en matière de comm",fr,https://www.stepstone.be/offres-d-emploi--Collaborateur-de-vente-Zaventem-Zaventem-Neworch-Belgium-Srl-Orchestra-Premaman-Belgium--2134736-inline.html,stepstone
2173838,Électrotechnicien,Vos responsabilités,1190 Brussel il y a,,,,"Pour les recruteurs Comparateur de salaire Mes Offres Se connecter Trouver un emploi Électrotechnicien Skyliners SARL Bettange-sur-Mess Contrat fixe à durée indéterminée Plein temps Publiée: il y a 5 heures Sauvegarder Électrotechnicien Skyliners SARL Sauvegarder Vos responsabilités En tant que Technical Service, vous êtes responsable de l'étalonnage, de l’entretien et de la réparation d’équipements de mesure de précision, tels que les lasers, les appareils GPS, les niveaux optiques... Vous testez les différentes fonctions des équipements défectueux afin de les réparer. Vous assurez l’entretien des équipements et utilisez des outils informatiques pour examiner certains paramètres. Vous analysez les causes des pannes, proposez des améliorations et effectuez les réparations nécessaires dans les plus brefs délais. Vous travaillez selon des normes ISO de haute qualité. Vous vous efforcez d’offrir en permanence le meilleur service et la meilleure qualité à nos clients lors de l’entretien et de la réparation de nos appareils de mesure et GPS. Votre profil Vous avez suivi avec succès une formation technique, de préférence en électromécanique. (CAP minimum) Vous êtes passionné par la technologie de précision, tant électronique que mécanique. Vous travaillez de manière particulièrement précise et êtes disposé à suivre chaque processus prescrit jusque dans les moindres détails. Vous aimez aider vos collègues lorsque c’est nécessaire. Vous aimez mettre la main à la pâte. Vous êtes flexible, avez le sens de la résolution de problèmes et aimez communiquer correctement et efficacement avec vos collègues et votre manager. Vous êtes curieux d’apprendre et motivé à suivre régulièrement des formations à l’étranger. Vous êtes Germanophone ou francophone avec une bonne connaissance de l'autre langue. Vous avez une connaissance pratique de l’anglais (les formations et les logiciels sont en anglais). Divers Déplacements occasionnels à l’étranger (Suisse) Poste basé à Bettange-sur-Mess (L",fr,https://www.stepstone.be/offres-d-emploi--Electrotechnicien-Bettange-sur-Mess-Skyliners-SARL--2173838-inline.html,stepstone
2172529,Group IT Director,About Aspria,1200 Bruxelles,,,,"Pour les recruteurs Comparateur de salaire Mes Offres Se connecter Trouver un emploi Group IT Director Aspria Belgium Brussels Contrat fixe à durée déterminée, Contrat fixe à durée indéterminée Plein temps, Télétravail possible Publiée: il y a 2 heures Sauvegarder Group IT Director Aspria Belgium Sauvegarder About Aspria For over 25 years, the Aspria Group has been a leader in premium wellbeing, offering an exclusive collection of members’ clubs and hotels across Europe. Through our luxury wellbeing brand, Aspria, and our exciting new family fitness brand, Aspresso, we enable our members to live well, find balance, and enjoy a sense of belonging. Our world-class health, fitness, and wellness experiences support this vision. About the Role As Group IT Director, you will set the technology vision and strategy for Aspria, balancing commercial objectives, security standards, and operational efficiency. You will partner with the executive team to deliver cutting-edge solutions that support our ambition of being a premier luxury club, combining fitness, hospitality, and a community space that feels like a second home. Leading a diverse technology team responsible for infrastructure, applications, and innovation, you will foster a culture of continuous learning and accountability while modernizing IT standards and roadmaps to support growth and reliability. You will report directly to the CEO Designate and work closely with the senior leadership team as a trusted advisor. You’ll guide infrastructure, applications, innovation, and data strategies, leading a hungry and talented team eager to grow under expert technical leadership. Key Responsibilities Define and execute a multi-year technology vision and strategy aligned with Aspria’s member experience aspirations, and operational goals. Communicate effectively with varied audiences, from leadership to technical teams, vendors, and external stakeholders. Serve as a trusted advisor within the executive team, collaborating acr",fr,https://www.stepstone.be/offres-d-emploi--Group-IT-Director-Brussels-Aspria-Belgium--2172529-inline.html,stepstone
2176792,Full stack senior developer,Mission,1000 Brussels,,,,"Pour les recruteurs Comparateur de salaire Mes Offres Se connecter Trouver un emploi Full stack senior developer Shayp SPRL Brussels Contrat fixe à durée indéterminée Plein temps Publiée: il y a 3 heures Vous serez l’un des 1er candidats Sauvegarder Full stack senior developer Shayp SPRL Sauvegarder Mission Help us save 100 billion liters of water (and write some pretty nice code while doing it) Shayp uses smart IoT sensors and machine learning to detect water leaks in buildings before they become disasters. We're talking about the real environmental impact here, not another app for ordering avocado toast. Your tasks What we do Tasks What you'll actually do Build the backbone and frontend (~80% backend, some full-stack adventures) Design and ship features that can ensure we can have a stable system and that we sleep better at night Own deployments because ""it worked on my machine"" isn't a strategy Keep our cloud infrastructure fast, reliable, and cost-effective Be the guardian of code quality (constructive gatekeeping is an art form but we swear by it) Solve real problems Turn ""the sensor network is acting weird"" into ""here's what happened and here's the fix"" Make architectural decisions that scale with us Help shape our tech stack because we value pragmatic sustainable solutions over resume-driven development Your profile Requirements You're probably a good fit if you: Write backend code that doesn't make future-you cry Have strong opinions about API design (and can defend them over coffee) Actually enjoy diving into cloud infrastructure (AWS/Azure/GCP) Know when to ship fast and when to refactor Believe documentation is a love letter to your colleagues and your future team Have shipped features with React/Vue or similar (you'll touch frontend sometimes) Tech you'll work with React js ; Python Django ; Docker ; CI/CD pipelines ; REST APIs ; OAuth2 ; PostgreSQL ; Git workflows that don't cause existential dread ; Whatever else makes sense for the problem We offer Ou",fr,https://www.stepstone.be/offres-d-emploi--Full-stack-senior-developer-Brussels-Shayp-SPRL--2176792-inline.html,stepstone
2040006,Helpdesk Technicus,Introductie,1140 BRUSSEL,,,,"Pour les recruteurs Comparateur de salaire Mes Offres Se connecter Trouver un emploi Helpdesk Technicus Heidelberg Benelux Bvba Evere Contrat fixe à durée indéterminée Plein temps, Télétravail possible Publiée: il y a 4 heures Candidature facile Sauvegarder Helpdesk Technicus Heidelberg Benelux Bvba Sauvegarder Introductie Heidelberg Benelux is onderdeel van Heidelberg Druckmachinen AG en levert totaal oplossingen aan de grafische markt in de Benelux. Naast de verkoop van machines leveren wij alle bijbehorende services, onderdelen, verbruiksgoederen, software en opleiding gedurende de gehele levenscyclus van de machine. Heidelberg Benelux realiseert samen met haar 160 medewerkers vanuit Evere (BE) en Haarlem (NL) een omzet van ongeveer €90 miljoen. Om de support naar onze klanten te versterken zijn wij voor onze service organisatie, standplaats Evere, op zoek naar een Helpdesk Technicus Press Electro (M/V/X). Jouw verantwoordelijkheden De helpdesk technicus is ondersteunend naar klanten en technici in de gehele Benelux, en werkt nauw samen met de service planning en met de collega’s van het Heidelberg Solution Centre in Wiesloch (Duitsland). Het takenpakket is gevarieerd: Monitoren van storingsmeldingen en initiëren van de oplossing van deze storingen Opvolgen van escalaties in samenwerking met het Heidelberg Solution Centre. Remote analyseren en oplossen van storingen. Support geven aan de field technici bij analyse en oplossen van storingen Support geven aan de onderdelen medewerkers bij analyse van benodigde onderdelen. Voorstellen doen voor zinvolle retrofit acties Samenwerken met derde partijen op basis van onderling overeengekomen SLA’s. Bij aanvang in deze functie zal het grootste deel van de tijd “in the field” worden gewerkt en zullen de nodige opleidingen bij de fabriek in Wiesloch (Duitsland) worden gevolgd. Na deze inwerkperiode zal gemiddeld ca. 10% van de werktijd “in the field” worden gewerkt om kennis te onderhouden en machine storingen op locatie te",fr,https://www.stepstone.be/offres-d-emploi--Helpdesk-Technicus-Evere-Heidelberg-Benelux-Bvba--2040006-inline.html,stepstone
2178198,Litigation Officer,Over onze klant:,2025 Français,,,,"Pour les recruteurs Comparateur de salaire Mes Offres Se connecter Trouver un emploi Litigation Officer Headit bv ZAVENTEM Publiée: il y a 4 heures Vous serez l’un des 1er candidats Sauvegarder Litigation Officer Headit bv Sauvegarder Over onze klant: Headit is op zoek naar een punctuele Litigation Officer met een passie voor dossieropvolging, juridische procedures en klantgerichte oplossingen. Onze klant is een gevestigde en groeiende speler binnen de mobiliteitssector. Vanuit hun hoofdkantoor in regio Brussel ondersteunen zij dagelijks zowel particuliere als professionele klanten met slimme mobiliteitsoplossingen. Binnen deze moderne en mensgerichte organisatie krijg je alle ruimte om je talenten te benutten en jezelf verder te ontwikkelen. Voor het Collection-team zoeken we een Litigation Officer die dossiers rond geschillen en faillissementen efficiënt en correct opvolgt. Jouw verantwoordelijkheden Wat houdt de functie in? Als Litigation Officer ben je verantwoordelijk voor de administratieve en juridische opvolging van dossiers in het kader van geschillen, wanbetaling en faillissement. Je werkt nauw samen met advocaten, curatoren en externe partners om openstaande vorderingen optimaal te innen en elk dossier correct af te ronden. Jouw takenpakket omvat o.a.: Administratieve opvolging van dossiers in geschil of faillissement; Actief ondernemen van stappen om openstaande bedragen te recupereren; Contact onderhouden met externe partners zoals advocaten, curatoren en gespecialiseerde dienstverleners; Indiening en opvolging van faillissementsdossiers in REGSOL; Voorbereiden van juridische dossiers en opvolging van dossiers m.b.t. collectieve schuldenregeling of gerechtelijke reorganisatie. Wie ben jij? Je bent nauwkeurig, georganiseerd en weet van aanpakken; Je hebt minstens 2 jaar ervaring binnen debiteurenbeheer of incasso, met kennis van de juridische context rond invorderingsprocedures; Je spreekt en schrijft vlot Nederlands en Frans – kennis van het Engels is e",fr,https://www.stepstone.be/offres-d-emploi--Litigation-Officer-ZAVENTEM-Headit-bv--2178198-inline.html,stepstone
2172517,IT Consultant Software,Introductie,1702 Groot-Bijgaarden,,,,"Pour les recruteurs Comparateur de salaire Mes Offres Se connecter Trouver un emploi IT Consultant Software Interflex Groot-Bijgaarden Contrat fixe à durée indéterminée Plein temps, Télétravail possible Publiée: il y a 3 heures Sauvegarder IT Consultant Software Interflex Sauvegarder Introductie Samen nieuwe wegen inslaan is precies ons ding! Als medewerker van Interflex werk je in teams waarin een collegiale werksfeer en wederzijds respect dagelijks in de praktijk worden gebracht. Interflex staat voor flexibiliteit, zeker als het gaat om het ondersteunen van onze medewerkers. Wij bieden de vrij heid om talent optimaal tot ontwikkeling te brengen. Want vrijheid en vertrouwen creëren potentieel. Je zou zo vrij kunnen zijn om te zeggen: Als ik me goed voel, groei ik boven mezelf uit - in Duitsland, België, Nederland, Oostenrijk en Zwitserland. I’m So Good – Verantwoordelijkheden Je zorgt voor een naadloze communicatie met interne en externe klanten over IT-oplossingen, met de nadruk op toegangscontrole- en tijdregistratiesystemen. Als belangrijk teamlid werk je in een team van consultants en draag je bij aan de ontwikkeling en het onderhoud van klantspecifieke oplossingen binnen onze applicaties. Je analyseert de behoeften en wensen van klanten met betrekking tot ons softwarepakket in hun specifieke klantomgeving. Je wilt graag diepgaande ervaring opdoen in het configureren en testen van onze softwareoplossingen in combinatie met onze hardware, waaronder badgelezers en klokken die zijn aangesloten op Linux-controllers, met een hands-on aanpak. Je ondersteunt presales-activiteiten door potentiële klanten te adviseren, technische concepten te ontwerpen, demonstraties te geven en technische vragen te beantwoorden om de toegevoegde waarde van onze oplossingen te communiceren. Je neemt deel aan en beheert projecten, waarbij je samenwerkt met teamleden om doelen te bereiken en ervoor te zorgen dat financiële doelstellingen worden gehaald. Ik ben er helemaal klaar voor – Pro",fr,https://www.stepstone.be/offres-d-emploi--IT-Consultant-Software-Groot-Bijgaarden-Interflex--2172517-inline.html,stepstone
2174766,Loketbediende,Introductie,2040 Antwerpen Contrat fixe à durée indéterminée Plein temps Publiée,,,,"Pour les recruteurs Comparateur de salaire Mes Offres Se connecter Trouver un emploi Loketbediende HTC Haven Noord 2040 Antwerpen Contrat fixe à durée indéterminée Plein temps Publiée: il y a 4 heures Sauvegarder Loketbediende HTC Haven Noord Sauvegarder Introductie HTC is in 1998 opgericht en is stelselmatig uitgegroeid tot een leiding gevende groep binnen de sector van de tank cleaning in België. Als organisatie dragen wij kwaliteit en veiligheid hoog in het vaandel. Om de groei van onze organisatie verder te ondersteunen zijn wij dan ook opzoek naar een gemotiveerde Loketbediende. Jouw uitdaging - Je onthaalt chauffeurs in verschillende talen - Je vraagt de correcte informatie over het te reinigen product - Je maakt het reinigingsdocument aan in het ERP programma - Je informeert de chauffeur over de te volgen procedures - Je werkt nauw samen met de cleaners en andere collega’s - Na de cleaning, verwerk je de reinigingsopdracht en geef je de chauffeur de vereiste documenten - Je beheert de mailbox en onderhoudt contact met de klanten - Algemene rapportering naar klanten Jouw profiel - Klantgerichtheid - Basiskennis Frans, Engels, Duits - Goede communicatie skills - Kennis van Microsoft Office - Probleemoplossend denken - Een positieve houding die bijdraagt tot een fijne sfeer in het team en naar de klanten. - Zich aanpassen aan veranderende omstandigheden (flexibiliteit) - Vervangingen van collega’s in andere vestigingen (Antwerpen) Wat bieden we? - Voltijdse job (38u) in een groeiend bedrijf - Stabiele en leuke werkomgeving - Marktconforme verloning - Geen weekendwerk - Vroege 6.00-14.00 – Late 14.00-22.00 - Extralegale voordelen Geïnteresseerd? Neem dan snel contact op met: HTC Haven Noord 1 Job Localisation HTC Haven Noord Nieuwe Westweg 15, 2040 Antwerpen, België Afficher la carte Temps de trajet De: À: Via: En voiture Transports en commun À pied À vélo Calculer mon temps de trajet - - : - - Des offres d'emploi similaires Woonassistent(e) Armonea NV Antwerpen ",fr,https://www.stepstone.be/offres-d-emploi--Loketbediende-2040-Antwerpen-HTC-Haven-Noord--2174766-inline.html,stepstone
2169103,Planificateur,Introduction,4800 Verviers,,,,"Pour les recruteurs Comparateur de salaire Mes Offres Se connecter Trouver un emploi Planificateur Autosécurité Verviers Contrat fixe à durée indéterminée Plein temps Publiée: il y a 1 heure Sauvegarder Planificateur Autosécurité Sauvegarder Introduction Nous recherchons ... Un Planificateur (H/F/X) ! Rejoindre Autosécurité, c’est contribuer à la sécurité routière et travailler pour le premier opérateur wallon de contrôle technique. Acteur incontournable du secteur automobile depuis plus de 90 ans, Autosécurité exerce deux missions essentielles : le contrôle technique des véhicules et l’organisation des examens du permis de conduire, tant théoriques que pratiques. Grâce à une stratégie axée sur l’innovation et les nouvelles technologies, Autosécurité s’est imposé comme le leader wallon dans ces domaines d’activité. La fonction Votre rôle principal sera de concevoir, coordonner et optimiser la planification des activités du Contrôle Technique et du Permis de Conduire, afin de garantir un service fluide, efficace et conforme aux engagements de l’entreprise envers ses clients. Vous serez le garant de la disponibilité des ressources, de l’anticipation des imprévus et de l’adaptation des plannings en fonction des priorités et contraintes opérationnelles. Vos missions: Élaborer et mettre à jour les plannings opérationnels en tenant compte des capacités, délais et priorités. Assurer l’équilibrage de la charge de travail et optimiser l’utilisation des ressources. Ajuster les plannings en cas d’imprévus (absences, retards, urgences client). Anticiper les périodes de forte demande et mettre en place des solutions alternatives. Communiquer activement avec les responsables de sites pour garantir la disponibilité des ressources. Adapter la planification aux attentes clients et veiller au respect des délais. Suivre les indicateurs clés de performance (taux de respect des délais, taux d’occupation, efficacité des plannings). Identifier et proposer des actions d’amélioration. Analy",fr,https://www.stepstone.be/offres-d-emploi--Planificateur-Verviers-Autosecurite--2169103-inline.html,stepstone
2172145,Projectleider renovaties/nieuwbouw regio Gent,Introductie,2025 Français,,,,"Pour les recruteurs Comparateur de salaire Mes Offres Se connecter Trouver un emploi Projectleider renovaties/nieuwbouw regio Gent Multibat Deinze Contrat fixe à durée indéterminée, Freelance Plein temps Publiée: il y a 39 minutes Vous serez l’un des 1er candidats Candidature facile Sauvegarder Projectleider renovaties/nieuwbouw regio Gent Multibat Sauvegarder Introductie Multibat is een bouwbedrijf gespecialiseerd in renovatie en nieuwbouwwoningen met een hoog afwerkingsniveau. Jouw verantwoordelijkheden Jouw impact Je leidt 3-5 werven parallel ( planning, budget, kwaliteit, veiligheid). Je coördineert onderaannemers ( van A tot Z) Je anticipeert risico’s en communiceert helder met bouwheer en partners. Je bewaakt meerwerken en opleveringen. Je leid werfvergaderingen en volgt verslaggeving op. Je signaliseert en lost knelpunten proactief op. Je finaliseert opleverdossiers. Jouw profiel Wie jij bent Ervaring als projectleider/werfleider (±4+ jaar) in renovatie/nieuwbouw Sterk in organisatie, communicatie en probleemoplossing Sterk in planning en kostenbewaking Taal: Nederlands (Frans is een plus) Handig met MS Office/Excel; ervaring met planningstools/ERP is mooi meegenomen Ons aanbod Wij bieden Een marktconforme verloning met extralegale voordelen zoals maaltijdcheques, ecocheques en groepsverzekering Zelfstandigheid, korte beslissingslijnen Projecten met een hoge afwerkingssgraad Collegiaal team en no-nonsens cultuur Kwaliteitsprojecten met zichtbare impact Contractvorm : loondienst of zelfstandige ( jij kiest) Geïnteresseerd? Multibat 1 Job Des offres d'emploi similaires Projectleider Technische Dienst Psychiatrisch Centrum Sint-Amandus Beernem il y a 5 jours Technical Manager Jefferson Wells Gent il y a 2 jours Werfleider Technieken Water Stadsbader NV Oost-Vlaanderen, West-Vlaanderen il y a 2 jours Werfleider Gebouwtechnieken Stadsbader NV Gent, Antwerpen il y a 2 jours Management Traineeship Finance Robert Walters Deinze il y a 4 jours Werkvoorbereider Elektri",fr,https://www.stepstone.be/offres-d-emploi--Projectleider-renovaties-nieuwbouw-regio-Gent-Deinze-Multibat--2172145-inline.html,stepstone
2170637,Recruitment Consultant,Introduction,1000 Bruxelles,,,,"Pour les recruteurs Comparateur de salaire Mes Offres Se connecter Trouver un emploi Recruitment Consultant Talencia Consulting Bruxelles Contrat fixe à durée indéterminée Plein temps Publiée: il y a 2 heures Vous serez l’un des 1er candidats Candidature facile Sauvegarder Recruitment Consultant Talencia Consulting Sauvegarder Introduction Due to our continued growth, we are looking for several Recruitment / Business Solution Consultants to assist our clients in finding the best people to staff their permanent/contract positions. Put in another way, you will help people find their ideal role/position. Generally speaking, you will develop existing clients, find new clients, attract relevant candidates, screen and match them with appropriate positions of your clients and prospects. Vos responsabilités Calling clients/prospects to offer your expertise as a Recruitment / Business Solution Consultant Keeping track of the job opportunities Developing new clients with long term objectives and various approaches Advertising your client's opportunities in an attractive way Reading efficiently CV's for a quick sort based on the identified client's needs Calling relevant candidates to further investigate their suitability, interest and availability Arranging interviews and managing client and candidate’s expectations Conducting Interviews: prepare the consultant to the client's interview and accompaniment Managing in a creative way the client's and the candidate's expectations Votre profil Bachelor Degree or 1st experience as Key account manager or senior recruitment consultant or similar experiences Proven track records in sales would be an asset but not Mandatory! Good understanding and command of sourcing and recruiting techniques would be an asset. Entrepreneurial-minded with a strong focus on the further development of activities. Fluent in French and English (written and spoken). Dutch would give you a large advantage. Stress-resistant, resourceful, ambitious, proactive ",fr,https://www.stepstone.be/offres-d-emploi--Recruitment-Consultant-Brussels-Talencia-Consulting--2170637-inline.html,stepstone
2174794,Sales Executive - Chasseurs de clients (Namur / Charleroi),"Implantée à Louvain-la-Neuve, Zellik, Mons et Liège, Clean Power est un leader national dans le secteur du nettoyage professionnel et des services aux entreprises. Nous travaillons avec respect, tant avec nos clients qu’avec nos collaborateurs qui œuvrent sur le terrain chaque jour. Tes responsabilités Prospecter activement : téléphone, terrain, networking. Identifier, contacter et convaincre de potentiels clients chaque semaine. Présenter des offres percutantes adaptées à leurs besoins. Négocier et conclure des contrats dans une logique « win-win ». Une fois le contrat signé, transmettre le client à l’équipe opérationnelle qui assurera le suivi. Apporter ton énergie positive à une équipe soudée et ambitieuse. Ton profil Tu prends plaisir à ouvrir des portes et conquérir de nouveaux clients. La prospection pure te motive et tu sais garder ton énergie et ta persévérance même après plusieurs refus. Tu es ambitieux(se), persévérant(e) et orienté(e) résultats. Francophone, tu maîtrises parfaitement le français à l'oral comme à l'écrit. Tu sais analyser, calculer et proposer des offres réfléchies avec rigueur ; Ta présentation est soignée et ton élocution impeccable. La maîtrise de l’anglais et/ou du néerlandais constitue un réel atout. Autonome et organisé(e), tu aimes bouger : parcourir la Wallonie au quotidien ne te fait pas peur.. Résider dans le Hainaut ou la région namuroise est un atout précieux pour être au coeur de ta zone de prospection. Pour te permettre de donner le meilleure de toi même, nous offrons: Une entreprise en pleine expansion où ton rôle est clé : tu es celui/celle qui fait entrer les nouveaux clients. Un package attractif : salaire fixe en fonction de ton expérience + commissions motivantes (mensuelles et annuelles). Avantages extra-légaux : voiture de société, GSM, PC, chèques-repas, assurance pension et hospitalisation. Jours de congés + 6 RTT + congés ancienneté Une équipe conviviale et ambitieuse qui valorise l’esprit d’initiative. Comment postuler? Clean Power 2 Jobs Localisation Clean Power 1435 Mont-Saint-Guibert, Belgique Afficher la carte Temps de trajet De: À: Via: En voiture Transports en commun À pied À vélo Calculer mon temps de trajet - - : - - Des offres d'emploi similaires ATTACHE TECHNICO-COMMERCIAL (H/F/X) Daoust Fleurus il y a 1 jour Business Developer Clean Power Mont-saint-Guibert il y a 20 heures NOUVEAU Représentant.e Technico - commercial.e Batit Protect Bruxelles, Wavre, Brabant Wallon il y a 5 jours Sales Executive SGS Group Belgium Gembloux il y a 4 jours CHEF(S) D’ÉQUIPES (H/F/X) Daoust Fleurus il y a 5 jours Inspecteur Advanced NDT (H/F/X) Vinçotte Belgique et à l'étranger il y a 5 jours Inspecteur Pression (H/F/X) Vinçotte Gembloux il y a 3 jours (Key) Account Manager (H/F/X) Vinçotte Wallonie il y a 3 jours Commercial.e B2B NL C1-C2 Daoust Wavre il y a 5 jours TECHNICO - COMMERCIAL(E) NÉGOCE avec affinité pour la construction Clotures Leblanc SA Mettet Candidature facile il y a 19 heures NOUVEAU Stepstone Qui sommes-nous Espace Presse Devenez partenaire Candidat Carrière chez Stepstone Conseils de carrière FAQ Recruteur Pourquoi Stepstone Actualités recrutement Publier une annonce Recrutement international: THE NETWORK Restons en contact Donnez-nous votre avis Apps Déclaration de confidentialité Conditions d'utilisation Contactez-nous Conditions générales de vente THE NETWORK The Stepstone Group GmbH © 2025 Français",1435 Mont-Saint-Guibert,,,,"Pour les recruteurs Comparateur de salaire Mes Offres Se connecter Trouver un emploi Sales Executive - Chasseurs de clients (Namur / Charleroi) Clean Power Mont-saint-Guibert Contrat fixe à durée indéterminée Plein temps Publiée: il y a 1 heure Sauvegarder Sales Executive - Chasseurs de clients (Namur / Charleroi) Clean Power Sauvegarder Introduction Tu adores décrocher ton téléphone, aller sur le terrain et convaincre de nouveaux clients ? Tu es motivé(e) par les challenges et la conquête d’un marché ? Alors ce poste est fait pour toi ! Clean Power, en pleine croissance, recherche deux Sales Executive prêt(e)s à conquérir de nouveaux clients dans le Hainaut et dans la région namuroise. Quelques mots sur notre entreprise: Implantée à Louvain-la-Neuve, Zellik, Mons et Liège, Clean Power est un leader national dans le secteur du nettoyage professionnel et des services aux entreprises. Nous travaillons avec respect, tant avec nos clients qu’avec nos collaborateurs qui œuvrent sur le terrain chaque jour. Tes responsabilités Prospecter activement : téléphone, terrain, networking. Identifier, contacter et convaincre de potentiels clients chaque semaine. Présenter des offres percutantes adaptées à leurs besoins. Négocier et conclure des contrats dans une logique « win-win ». Une fois le contrat signé, transmettre le client à l’équipe opérationnelle qui assurera le suivi. Apporter ton énergie positive à une équipe soudée et ambitieuse. Ton profil Tu prends plaisir à ouvrir des portes et conquérir de nouveaux clients. La prospection pure te motive et tu sais garder ton énergie et ta persévérance même après plusieurs refus. Tu es ambitieux(se), persévérant(e) et orienté(e) résultats. Francophone, tu maîtrises parfaitement le français à l'oral comme à l'écrit. Tu sais analyser, calculer et proposer des offres réfléchies avec rigueur ; Ta présentation est soignée et ton élocution impeccable. La maîtrise de l’anglais et/ou du néerlandais constitue un réel atout. Autonome et orga",fr,https://www.stepstone.be/offres-d-emploi--Sales-Executive-Chasseurs-de-clients-Namur-Charleroi-Mont-saint-Guibert-Clean-Power--2174794-inline.html,stepstone
2174370,Sales Representative - Oost-Vlaanderen,Jouw verantwoordelijkheden,9000 Gent,,,,"Pour les recruteurs Comparateur de salaire Mes Offres Se connecter Trouver un emploi Sales Representative - Oost-Vlaanderen Salonkee S.A. Gent Contrat fixe à durée indéterminée Plein temps Publiée: il y a 1 heure Sauvegarder Sales Representative - Oost-Vlaanderen Salonkee S.A. Sauvegarder Als toonaangevend Europees softwarebedrijf biedt Salonkee geavanceerde digitale oplossingen voor kappers- en schoonheidszaken, waarmee we de manier waarop ze werken transformeren. Onze missie is om de beauty- en wellnesssector te digitaliseren met een compleet pakket aan hoogwaardige softwaretools. Van gebruiksvriendelijke agenda’s en klantenbestanden tot naadloze online boekingssystemen en geïntegreerde kassasystemen – wij helpen salons hun processen te optimaliseren en een uitzonderlijke klantervaring te bieden. Word onderdeel van ons getalenteerde team als Sales Representative en draag bij aan de toekomst van deze dynamische sector. Bij Salonkee krijg je de kans om aan innovatieve projecten te werken, samen te werken met gepassioneerde professionals en een blijvende impact te maken. Jouw verantwoordelijkheden Je adviseert potentiële klanten op competente wijze over digitale oplossingen om hun bedrijfsprocessen te optimaliseren en hun potentieel maximaal te benutten. Je bent verantwoordelijk voor het volledige acquisietraject van nieuwe klanten voor Salonkee. Dit omvat het eerste contact, het inplannen van afspraken, het geven van demonstraties en het afsluiten van contracten. Je bent verantwoordelijk voor het geven van productpresentaties op locatie om de waarde van onze producten op een duidelijke manier over te brengen aan potentiële klanten. Je maakt gebruik van verschillende communicatiekanalen om potentiële klanten te benaderen en relaties op te bouwen. Jouw profiel Ervaring in een salesfunctie, inclusief cold calling en het bezoeken van prospects Sterke probleemoplossende vaardigheden en een creatieve mindset Vloeiend in het Nederlands en Engels Een echte self-starter Uits",fr,https://www.stepstone.be/offres-d-emploi--Sales-Representative-Oost-Vlaanderen-Gent-Salonkee-S-A--2174370-inline.html,stepstone
2040005,Service Engineer,Introductie,1140 BRUSSEL,,,,"Pour les recruteurs Comparateur de salaire Mes Offres Se connecter Trouver un emploi Service Engineer Heidelberg Benelux Bvba Evere Contrat fixe à durée indéterminée Plein temps Publiée: il y a 4 heures Candidature facile Sauvegarder Service Engineer Heidelberg Benelux Bvba Sauvegarder Introductie Heidelberg Benelux (voorheen Plantin en Tetterode) is een onderdeel van de Heidelberg groep, wereldspeler in de ondersteuning van de grafische industrie met high-end machines, service en verbruiksgoederen. Samen met onze 11.500 medewerkers, 11 productievestigingen en sales- en servicekantoren over de hele wereld hebben we afgelopen boekjaar meer dan 2,5 miljard euro omzet gerealiseerd. Als betrouwbare partner voor de gedrukte media-industrie kijken we mee vooruit met onze klanten en bieden oplossingen aan nog voordat vragen problemen worden. Wij leveren de juiste producten en diensten op het juiste moment en ondersteunen op deze manier het economische succes en de continuïteit van onze klanten. In onze Heidelberg Benelux vestigingen in Evere en Haarlem werken in totaal een 180 medewerkers. Om onze support voor onze klanten te versterken zijn wij op zoek naar een Service engineer drukpersen - elektromechanisch in Evere. Wat ga jij doen Je vertrekt van thuis uit naar de klant. Je installeert, onderhoudt en lost storingen op van het elektrisch deel van drukpersen, op locatie bij de klanten of op afstand, in de gehele Benelux, alleen of samen met je Belgische en Nederlandse collega’s. Je bent het gezicht van de internationale Heidelberg Group bij onze klanten en helpt hen succesvol te zijn! Wat verwachten wij van jou Je hebt een elektrische achtergrond/scholing en interesse. Bachelor elektriciteit/elektromechanica …, of gelijkwaardig door ervaring Je hebt geen schrik van mechanische problemen Je hebt interesse in de softwaretoepassingen Je bent vlot in gebruik van de digitale technologie (pc, MS Office…) Veel “goesting” om erin te vliegen. Je bent in het bezit van een rijbewij",fr,https://www.stepstone.be/offres-d-emploi--Service-Engineer-Evere-Heidelberg-Benelux-Bvba--2040005-inline.html,stepstone
2178195,Slager-verkoper Sint-Idesbald (M/V/X),Introductie,2025 Français,,,,"Pour les recruteurs Comparateur de salaire Mes Offres Se connecter Trouver un emploi Slager-verkoper Sint-Idesbald (M/V/X) Slagerij Dierendonck Bvba KOKSIJDE Publiée: il y a 4 heures Vous serez l’un des 1er candidats Sauvegarder Slager-verkoper Sint-Idesbald (M/V/X) Slagerij Dierendonck Bvba Sauvegarder Introductie Dierendonck groeit verder! En om die groei kracht bij te zetten, zijn we op zoek naar een extra rock-’n-roller met een passie voor ambacht en vlees. In onze winkel in Koksijde verwelkomen we graag een voltijdse Slager-Verkoper die mee wil bouwen aan ons verhaal van ambacht, passie en terroir. Jouw rol? Als Slager-Verkoper ben jij het kloppend hart van onze winkel. Je combineert vakmanschap met klantgerichtheid en staat in voor: Het zorgvuldig klaarzetten en aanvullen van onze toonbank volgens de Dierendonck-waarden. Een volle toonbank is voor onze klanten wat een snoepwinkel is voor kinderen! Het bereiden van dagvers gehakt Het adviseren van klanten, het opnemen van bestellingen en het versnijden van vleeswaren volgens hun wensen. Klanten informeren over de herkomst en bereiding van onze producten. Het naleven van de HACCP-regels en zorgen voor een nette, veilige en hygiënische werkomgeving. Jouw profiel Wie zoeken we? Je hebt een echte passie voor vlees en ons ambacht Je bent zelfstandig, nauwkeurig en ziet werk. Je bent een teamspeler die meebouwt aan de sfeer en werking in de winkel. Weekendwerk schrikt je niet af. Je spreekt vlot Nederlands en hebt een basiskennis Frans. Opleiding & ervaring Je volgde een opleiding of hebt ervaring als slager of vleesbewerker, of je volgde een koksopleiding en je bent bereid om het slagersvak verder aan te leren. Slagerij Dierendonck Bvba 2 Jobs Stepstone Qui sommes-nous Espace Presse Devenez partenaire Candidat Carrière chez Stepstone Conseils de carrière FAQ Recruteur Pourquoi Stepstone Actualités recrutement Publier une annonce Recrutement international: THE NETWORK Restons en contact Donnez-nous votre avis Apps Dé",fr,https://www.stepstone.be/offres-d-emploi--Slager-verkoper-Sint-Idesbald-M-V-X-KOKSIJDE-Slagerij-Dierendonck-Bvba--2178195-inline.html,stepstone
2177140,Stagiair(e) van de Chief Transformation Officer,Introductie,"Brussel Geïnteresseerd? SPB Benelux 1 Job Localisation SPB Benelux Avenue Louise 120, 1000 Brussel, België Afficher la carte Temps de trajet De: À: Via: En voiture Transports en commun À pied À vélo Calculer mon temps de trajet - - : - - Des offres d'emploi similaires Systems Analyst Monitoring Smals Brussel Télétravail possible il y a 2 jours Azure Architect Smals Brussel Télétravail possible il y a 2 jours IT Strategic Planning & Innovation Manager STIB / MIVB Brussel il y a 2 jours Stage Tender STADSBADER CONTRACTORS Stadsbader NV Brussel il y a 2 jours Test Analyst Smals Brussel Télétravail possible il y a 5 jours AI Advisor Beobank Brussel Télétravail possible il y a 5 jours PowerBI Analyst Smals Brussel Télétravail possible il y a 5 jours Modern Workplace Lead Smals Brussel Télétravail possible il y a 2 jours Cobol Developer Smals Brussel Télétravail possible il y a 2 jours Datawarehouse Engineer Smals Brussel Télétravail possible il y a 2 jours Stepstone Qui sommes-nous Espace Presse Devenez partenaire Candidat Carrière chez Stepstone Conseils de carrière FAQ Recruteur Pourquoi Stepstone Actualités recrutement Publier une annonce Recrutement international: THE NETWORK Restons en contact Donnez-nous votre avis Apps Déclaration de confidentialité Conditions d'utilisation Contactez-nous Conditions générales de vente THE NETWORK The Stepstone Group GmbH © 2025 Français",,,,"Pour les recruteurs Comparateur de salaire Mes Offres Se connecter Trouver un emploi Stagiair(e) van de Chief Transformation Officer SPB Benelux Brussel Job étudiant / travail saisonnier, Stage Plein temps, Télétravail possible Publiée: il y a 3 heures Vous serez l’un des 1er candidats Sauvegarder Stagiair(e) van de Chief Transformation Officer SPB Benelux Sauvegarder Introductie Over SPB SPB is Europa’s toonaangevende affinityverzekeringsgroep, gespecialiseerd in het ontwerpen en beheren van verzekerings- en assistentieoplossingen voor alledaagse producten en diensten (bank, telecom, retail, mobiliteit, reizen, energie, medische apparatuur). Opgericht in 1965, bedient SPB zowel zakelijke klanten (white-labeloplossingen) als particuliere klanten (claimsbeheer). Met 850 medewerkers verspreid over 7 Europese landen, wordt de Groep gedreven door drie kernwaarden: innovatie, uitmuntendheid en integriteit. Met de steun van onze aandeelhouder BlackFin Capital Partners – een Europese leider in private equity voor financiële diensten – start SPB een nieuwe groeifase, met een herfocus op de kernactiviteiten: brokerage en claimsbeheer. Jouw rol Als trainee binnen het team van de Chief Transformation Officer speel je een actieve rol bij de uitvoering van belangrijke transformatie-initiatieven in heel Europa. Je werkt nauw samen met zowel centrale teams als de business units in de verschillende landen (bijv. Frankrijk, Spanje, Duitsland, Italië, België, Polen, VK). Je zal: Samenwerken met lokale en internationale teams aan transformatie-initiatieven met grote impact, over alle functies heen (operations, IT, HR, finance en sales) Helpen bij de implementatie en opvolging van transformatie-initiatieven: opstellen van projectroadmaps, monitoren van KPI’s en opstellen van beslissingsdocumenten voor het Executive Committee en de Raad van Bestuur Bijdragen aan groepbrede strategische projecten, inclusief marktanalyse, benchmarking, businesscase-ontwikkeling, strategische planning en o",fr,https://www.stepstone.be/offres-d-emploi--Stagiaire-van-de-Chief-Transformation-Officer-Brussel-SPB-Benelux--2177140-inline.html,stepstone
2166837,Technisch tekenaar,Introductie,1000 Employés,,,,"Pour les recruteurs Comparateur de salaire Mes Offres Se connecter Trouver un emploi Technisch tekenaar Dovy Keukens Industrieweg 5, Roeselare Contrat fixe à durée indéterminée Plein temps Publiée: il y a 2 heures Vous serez l’un des 1er candidats Candidature facile Sauvegarder Technisch tekenaar Dovy Keukens Sauvegarder Introductie Al 45 jaar combineren we vakmanschap, innovatie en klantgerichtheid om hoogwaardige maatkeukens te creëren. Dit volledig in eigen beheer, van ontwerp tot plaatsing. Wat ons echt bijzonder maakt? De collega’s die hier werken, hun drive en betrokkenheid vormen het kloppend hart van Dovy. Samen met onze gepassioneerde teams werk je in een moderne en professionele omgeving, met de warmte van een echt familiebedrijf. Door de 41 toonzalen verspreid over gans Vlaanderen en Wallonië blijven we groeien, zonder het persoonlijke uit het oog te verliezen. Zie je jezelf meewerken aan het Dovy-verhaal als technisch tekenaar? Jouw verantwoordelijkheden Wat verwachten we van jou: Het controleren van ontwerpen en het oplossen van constructieproblemen in samenwerking met onze verkopers en collega’s zowel in het Nederlands als in het Frans. Ontwerpen worden vertaald naar technische tekeningen en werkplannen voor een efficiënte productie en plaatsing. Met behulp van Imos (Autocad) worden kastontwerpen tot in detail uitgewerkt volgens de wensen van de klant. Bijdragen aan procesverbetering door werkinstructies op te stellen en in samenwerking met jouw team door te voeren. Jouw profiel Wie zoeken wij? Eigenschappen die jou typeren zijn nauwkeurig, leergierig en probleemoplossend denken. Je beschikt over een scherp 3D-inzicht en hebt ervaring met meubelconstructies. Naast het Nederlands spreek je vloeiend Frans. Je bent een echte teamplayer in hart en nieren. Ons aanbod Wat mag je van ons verwachten? Vast contract van onbepaalde duur. Uitdagende job met veel variatie. Maaltijdcheques van €8/dag. Groepsverzekering. Glijdende uren (starten tussen 7u30-8u30). 30 ",fr,https://www.stepstone.be/offres-d-emploi--Technisch-tekenaar-Industrieweg-5-Roeselare-Dovy-Keukens--2166837-inline.html,stepstone
2178243,Vacature Hoofdverpleegkundige - Teamcoach Borsbeekhof,Introductie,2140 Antwerpen,,,,"Pour les recruteurs Comparateur de salaire Mes Offres Se connecter Trouver un emploi Vacature Hoofdverpleegkundige - Teamcoach Borsbeekhof Korian Belgium NV Borsbeekstraat 11, 2140 Antwerpen, België Publiée: il y a 4 heures Vous serez l’un des 1er candidats Sauvegarder Vacature Hoofdverpleegkundige - Teamcoach Borsbeekhof Korian Belgium NV Sauvegarder Introductie Korian België is sinds 2005 actief in de residentiële zorg voor ouderen en kwetsbaren, alsook in de thuiszorg, thuisverpleging en thuiszorgwinkels. Elke dag staan 10.000 medewerkers in voor de zorg van meer dan 13.000 bewoners in 116 voorzieningen verspreid over gans België. Daarnaast werken er nog 600 medewerkers in de thuiszorg, waaronder een 150-tal zelfstandige verpleegkundigen in de thuisverpleging. Zorgjobs.beis dé gratis jobsite voor werkzoekenden in de zorgsector. Vind dagelijks duizenden jobs in de zorg voor verpleegkundigen, artsen, apothekers, kinesitherapeuten, zorgkundigen, zorgmanagers en andere zorgprofessionals . Solliciteer rechtstreeks bij ziekenhuizen, woonzorgcentra, thuisverpleging en zorgbedrijven met actuel zorgvacaturese voor vast of deeltijds werk in de gezondheidszorg. Wil je als eerste op de hoogte zijn van nieuwe zorgjobs ? Stel ee jobalertn in en ontvang dagelijks automatisch de meest relevant zorgvacaturese in je mailbox — volledig gratis. Jouw verantwoordelijkheden Je verzekert het goed functioneren van de afdeling binnen het woonzorgcentrum teneinde de kwaliteit van de opvang van de bewoners en de zorg te optimaliseren, alsook de organisatie, coördinatie en continuïteit binnen de zorgverlening van het rusthuis. Planning van het verplegend personeel Coördinerende functie bij de opname van nieuwe bewoners Beheer van de individuele zorgdossiers Beheer van de apotheek Instaan voor communicatie en informatie (intern en extern) Beheer van materiële middelen Meedraaien in het team Jouw profiel We zijn op zoek naar een collega met het hart op de juiste plaats en een passie voor ouder",fr,https://www.stepstone.be/offres-d-emploi--Vacature-Hoofdverpleegkundige-Teamcoach-Borsbeekhof-Borsbeekstraat-11-2140-Antwerpen-Belgie-Korian-Belgium-NV--2178243-inline.html,stepstone
2171157,Vertegenwoordiger,Introductie,2025 Français,,,,"Pour les recruteurs Comparateur de salaire Mes Offres Se connecter Trouver un emploi Vertegenwoordiger Seru Resto Service BVBA Antwerpen Contrat fixe à durée indéterminée Plein temps Publiée: il y a 4 heures Candidature facile Sauvegarder Vertegenwoordiger Seru Resto Service BVBA Sauvegarder Introductie Seru Resto Service is een gevestigde waarde in de horecawereld en dé partner voor restaurants, hotels en cateraars op zoek naar kwaliteitsvolle producten en een betrouwbare service. We bieden een ruim assortiment aan tableware, van elegant porselein en stijlvol glaswerk tot praktisch bestek – steeds met oog voor kwaliteit, functionaliteit en design. Ter uitbreiding van ons team zoeken wij een enthousiaste en gedreven Vertegenwoordiger Tableware die onze klanten inspireert en adviseert in hun keuze voor de perfecte tafelaankleding. Jouw verantwoordelijkheden Actief prospecteren en bezoeken van horecazaken, cateraars en andere B2B-klanten Adviseren van klanten over ons tableware-assortiment en voorstellen op maat maken Uitbouwen en onderhouden van duurzame klantenrelaties Opvolgen van offertes, bestellingen en leveringen Samenwerken met het interne team voor een vlotte klantbeleving Markttrends opvolgen en rapporteren aan het management Jouw profiel Commerciële ervaring, bij voorkeur in de horeca- of tablewaresector Sterke communicatie- en onderhandelingsvaardigheden Zelfstandig, klantgericht en resultaatgedreven Interesse in tafelcultuur, design en hospitality In het bezit van een rijbewijs B Ons aanbod Een boeiende en zelfstandige functie binnen een stabiel familiebedrijf Aantrekkelijk salarispakket met commissies en extralegale voordelen Bedrijfswagen, tankkaart, laptop en gsm Grondige productopleiding en ondersteuning op maat Werken in een sector vol beleving, creativiteit en menselijk contact Geïnteresseerd? Seru Resto Service BVBA Fast Moving Consumer Goods, Durables • 1-10 Employés 3 Jobs Page Entreprise Localisation Seru Resto Service BVBA Antwerpen, België Aff",fr,https://www.stepstone.be/offres-d-emploi--Vertegenwoordiger-Antwerpen-Seru-Resto-Service-BVBA--2171157-inline.html,stepstone
2175956,schade-expert,Introductie,2170 Antwerpen,,,,"Pour les recruteurs Comparateur de salaire Mes Offres Se connecter Trouver un emploi schade-expert KVDS.be bvba België Contrat fixe à durée indéterminée Plein temps Publiée: il y a 1 heure Vous serez l’un des 1er candidats Sauvegarder schade-expert KVDS.be bvba Sauvegarder Introductie KVDS.be is een dynamisch expertisekantoor ten behoeve van de (transport)verzekeringssector dat nationaal en internationaal actief is, voornamelijk in de logistieke, maritieme en industriële sector. In het kader van onze continue groei zijn wij op zoek naar een jong en sterk gemotiveerd medewerker die mee in onze boeiende wereld van de expertise een carrière wil uitbouwen. Jouw verantwoordelijkheden ✓ Als schade-expert bij KVDS.be doe je een gedreven onderzoek naar omstandigheden, oorzaak en omvang van schadegevallen die zich hoofdzakelijk situeren in de logistieke, maritieme of industriële sector. ✓ Je verzorgt de volledige administratieve opvolging van de dossiers tot de finale rapportering (NL/FR/UK) aan onze opdrachtgevers (verzekeringsmaatschappijen, makelaars, logistieke spelers). ✓ Je werkgebied situeert zich hoofdzakelijk in de Benelux, en sporadisch in andere EU-landen. ✓ Je komt terecht in een jong en dynamisch team waarmee u zeer nauw samenwerkt en gebruik maakt van Office 365 gecombineerd met een uniek en performant dossierbeheersysteem. Jouw profiel ✓ Heb je hoger onderwijs succesvol afgerond? Je bent actief en gedreven op zoek naar een nieuwe uitdaging? ✓ Je hebt een extra troef in handen indien U een Graduaat / Bachelor opleiding genoot in: o Transport & Logistiek o Bedrijfsmanagement (Financiën en verzekeringen; Internationaal ondernemen; Supply Chain Management) o Industriële wetenschappen & Technologie o Scheepswerktuigkundige / Nautische Wetenschappen o of gelijkwaardig door ervaring ✓ Affiniteit met de maritieme en/of logistieke wereld is een pluspunt. ✓ Je hebt een sterke dosis gezond verstand, hanteert een vlotte pen en Je hebt administratieve vaardigheden. ✓ Je be",fr,https://www.stepstone.be/offres-d-emploi--schade-expert-Belgie-KVDS-be-bvba--2175956-inline.html,stepstone
2178193,Administratief medewerker / telefonist(e) / Planner,Over APEX:,2025 Français,,,,"Pour les recruteurs Comparateur de salaire Mes Offres Se connecter Trouver un emploi Administratief medewerker / telefonist(e) / Planner Dak Plus BVBA WESTERLO Publiée: il y a 4 heures Vous serez l’un des 1er candidats Sauvegarder Administratief medewerker / telefonist(e) / Planner Dak Plus BVBA Sauvegarder Over APEX: APEX is dé marktleider in België voor installatie en distributie van dakramen en toebehoren.Wij blijven sterk groeien en zoeken een enthousiaste collega om ons team te versterken. Ben jij een echte multitasker met een commerciële flair en een talent voor organiseren? Heb je zin om te werken in een dynamisch team waar initiatief en inzet het verschil maken? Dan is dit jouw kans! Wat ga je doen: Je verwerkt inkomende aanvragen via ons intern systeem en analyseert de behoeften van klanten. Je stelt makkelijk offertes op via onze online calculator en volgt ze proactief op. Je plant technische opmetingen in voor onze vertegenwoordigers. Je coördineert projecten en bewaakt de voortgang. Je staat klanten vriendelijk te woord via telefoon en e-mail, en volgt alles nauwgezet op. Je denkt actief mee over het verbeteren van onze interne processen. ... Kortom: jij zorgt ervoor dat alles op wieltjes loopt en speelt een cruciale rol in de tevredenheid van onze klanten én partners. Jouw profiel Je bent commercieel ingesteld en werkt nauwkeurig en gestructureerd. Je beschikt over uitstekende communicatieve vaardigheden en houdt van samenwerken. Je hebt een proactieve houding en denkt oplossingsgericht. Affiniteit met de bouwsector is een pluspunt, maar geen must. Je beheerst het Nederlands perfect; kennis van Frans en Engels is een extra troef. Ervaring met administratieve systemen zoals Odoo is meegenomen, maar geen vereiste – wij voorzien een interne opleiding. Dak Plus BVBA 1 Job Stepstone Qui sommes-nous Espace Presse Devenez partenaire Candidat Carrière chez Stepstone Conseils de carrière FAQ Recruteur Pourquoi Stepstone Actualités recrutement Publier une annonce",fr,https://www.stepstone.be/offres-d-emploi--Administratief-medewerker-telefoniste-Planner-WESTERLO-Dak-Plus-BVBA--2178193-inline.html,stepstone
2178224,Demand Planner,Over Ciner Glass,3920 Lommel,,,,"Pour les recruteurs Comparateur de salaire Mes Offres Se connecter Trouver un emploi Demand Planner Ciner Glass Belgium Nv 3920 Lommel, België Publiée: il y a 4 heures Vous serez l’un des 1er candidats Sauvegarder Demand Planner Ciner Glass Belgium Nv Sauvegarder Over Ciner Glass Word flessenier bij Ciner Glass en volg jouw carrière naar flessengeluk! Ciner Glass is meer dan een verpakkingsglasproducent. We zijn een familiebedrijf met een internationale blik, gedreven door technologie, duurzaamheid en mensen. Vanuit onze vestigingen in Turkije, het VK en België leveren we jaarlijks miljarden glazen flessen aan de grootste merken binnen de voedings- en drankenindustrie ter wereld. In 2026 openen we in Lommel de meest geavanceerde en duurzame verpakkingsglasfabriek van Europa. Een investering van meer dan €600 miljoen, goed voor 500 jobs én een carrière vo flessengelukl . Hier bottelen we de toekomst… en dat doen we samen met jou,flessenierals van morgen. Verantwoordelijkheden & Belangrijkste Taken Als Demand Planner voorzie jij de vraag vóór ze er is en leg je de basis voor een vlotte en betrouwbare glasproductie. Als Demand Planner bij Ciner Glass Belgium leg jij mee de basis voor een feilloze productie- en leverketen. Met jouw analytische blik vertaal je marktinzichten en verkooptrends naar nauwkeurige vraagprognoses, zodat onze glazen flessen altijd op het juiste moment op de juiste plaats zijn. In nauwe samenwerking met Sales, Marketing en Supply Chain zorg je voor stabiliteit én flexibiliteit in een dynamische productieomgeving. Dankzij jouw strategisch inzicht en data-gedreven aanpak bouw je mee aan de groei van een snelgroeiend productiebedrijf in glasverpakkingen. Heb jij een passie voor cijfers, procesoptimalisatie en samenwerking? Dan ben jij misschien wel de flessenier die wij zoeken. Verzamelen, analyseren en consolideren van marktinformatie, verkoopgegevens en historische gegevens om vraagprognoses op te stellen Onderhouden en verbeteren van prognosemode",fr,https://www.stepstone.be/offres-d-emploi--Demand-Planner-3920-Lommel-Belgie-Ciner-Glass-Belgium-Nv--2178224-inline.html,stepstone
2177536,Cabin Crew - Relocation to Dubai,Vos responsabilités,1970 Wezembeek Oppem il y a,,,,"Pour les recruteurs Comparateur de salaire Mes Offres Se connecter Trouver un emploi Cabin Crew - Relocation to Dubai Emirates Airlines Dubai Contrat fixe à durée indéterminée Plein temps Publiée: il y a 6 heures Vous serez l’un des 1er candidats Sauvegarder Cabin Crew - Relocation to Dubai Emirates Airlines Sauvegarder Experience the world as part of your career. Vos responsabilités Live the cabin crew life Join our team as Emirates cabin crew and see the world as you work. This is your opportunity to be part of the world’s largest international airline. Look forward to a tax-free salary, free accommodation and great travel perks for you and your family. Make Dubai your home and enjoy all the benefits of this vibrant city. If you’re ready for a career that takes you places, apply online now and start your adventure with Emirates. Votre profil We are looking for: • 1+ year of hospitality or customer service experience • Positive attitude with the natural ability to provide excellent service in a team environment, dealing with people from many cultures • High school graduate (Grade 12) • Fluency in written and spoken English (ability to speak another language is an advantage) • Arm reach of 212 cm while standing on tiptoes and minimum height of 160 cm which will enable you to reach emergency equipment on all aircraft types • No visible tattoos while you’re in Emirates cabin crew uniform (cosmetic and bandage coverings are not allowed) • Can adapt to new people, new places and new situations • As Emirates cabin crew, you will be based in Dubai and will need to meet the UAE’s employment visa requirements Fly Emirates. Fly Better. Notre offre Starting Salary & Flying Pay Your pay is made up of three components: a fixed basic salary, an hourly pay for operated flights and an overseas meal allowance. Basic Salary: AED 4,980 / month Flying pay: AED 69.6 / hour based on avg. 80-100 hours / month Average monthly pay: AED 11,244 / month (USD 3,061) These are approximate numbe",fr,https://www.stepstone.be/offres-d-emploi--Cabin-Crew-Relocation-to-Dubai-Dubai-Emirates-Airlines--2177536-inline.html,stepstone
2178223,"Diagnosetechnieker Cars - Mercedes-Benz, Corvette, Xpeng en Hongqi",Over Hedin Automotive Belgium,2610 Antwerpen,,,,"Pour les recruteurs Comparateur de salaire Mes Offres Se connecter Trouver un emploi Diagnosetechnieker Cars - Mercedes-Benz, Corvette, Xpeng en Hongqi Hedin Automotive Wilrijk, 2610 Antwerpen, België Publiée: il y a 4 heures Vous serez l’un des 1er candidats Sauvegarder Diagnosetechnieker Cars - Mercedes-Benz, Corvette, Xpeng en Hongqi Hedin Automotive Sauvegarder Over Hedin Automotive Belgium Ben jij een diagnosetechnieker met oog voor detail en passie voor topmerken? ðŸš—ðŸ”§ Sluit je aan bij Hedin Automotive en werk zelfstandig aan hoogwaardige wagens! Aantrekkelijke voorwaarden Ã©n groei! Hedin Automotive BelgiÃ« is een toonaangevende speler in de automobielsector, gespecialiseerd in de verkoop en service van verschillende automerken. We bieden een breed scala aan voertuigen, zowel nieuw als tweedehands, en richten ons opÂ op zowel particuliere als zakelijke klanten. Bij Hedin Automotive kan jeÂ rekenen op een hoge kwaliteit van service, inclusief onderhoud en reparaties. Daarnaast investeren we in duurzame mobiliteitsoplossingen, waaronder elektrische voertuigen. Met meerdere vestigingen in BelgiÃ« is Hedin Automotive altijd dicht in de buurt. Ben jij een diagnosetechnieker met oog voor detail en passie voor topmerken? ðŸš—ðŸ”§ Sluit je aan bij Hedin Automotive en werk zelfstandig aan hoogwaardige wagens! Aantrekkelijke voorwaarden Ã©n groei! Jouw verantwoordelijkheden Je voert onderhoud-, reparatie en/of diagnoseopdrachten uit bij personenwagens. Mercedes-Benz, Corvette, Xpeng en Hongqi. Je maakt rapporten van eventuele technische problemen aan de voertuigen en voert zelfstandig de nodige herstellingen uit. Je houdt alle werkzaamheden correct bij op het werkorder. Je informeert de magazijnmedewerkers over de wisselstukken en accessoires die besteld moeten worden om je opdrachten uit te voeren. Herken je jezelf hierin? Perfect! ðŸ‘Œ Je beschikt over een goede algemene kennis inzake autotechniek (bij voorkeur A2 autotechniek of bachelor, maar geen vereiste). Je",fr,https://www.stepstone.be/offres-d-emploi--Diagnosetechnieker-Cars-Mercedes-Benz-Corvette-Xpeng-en-Hongqi-Wilrijk-2610-Antwerpen-Belgie-Hedin-Automotive--2178223-inline.html,stepstone
2178220,Elektricien/Storingstechnieker,Introductie,2340 Beerse,,,,"Pour les recruteurs Comparateur de salaire Mes Offres Se connecter Trouver un emploi Elektricien/Storingstechnieker EQUANS 2340 Beerse, België Publiée: il y a 4 heures Vous serez l’un des 1er candidats Sauvegarder Elektricien/Storingstechnieker EQUANS Sauvegarder Introductie Thank you for your interest in Equans! Our website is under maintenance for 2 days however if you see a position you are interested in and would like to contact us please emai staffing@equans.coml . Wat als jij dé schakel wordt in het onderhoud van geavanceerde elektrische en HVAC-installaties? Bij Equans in regio Beerse krijg je de kans om jouw eerste ervaring als elektricien verder uit te bouwen en jouw kennis te verdiepen in gebouwbeheersystemen en HVAC-technologie. Samen zorgen we voor een duurzame toekomst! Wat houdt deze job precies in? preventief en curatief onderhoud uitvoeren op elektrische installaties opsporen en oplossen van elektrische defecten in zowel gebouwgebonden als HVAC-installaties uitvoeren van isolatiemetingen bij aardfouten kleine installatieprojecten realiseren, zoals verlichting vernieuwen of aanpassingen aan sturingen meewerken aan relightingsprojecten, bijvoorbeeld de overstap van TL naar LED-verlichting opvolging van installaties via gebouwbeheersystemen zoals Honeywell Waarom jij deze uitdaging aankan: je hebt een A2-diploma in elektriciteit je hebt een eerste werkervaring in elektriciteit je beschikt over een sterk analytisch denkvermogen om storingen op te sporen je toont interesse in gebouwbeheersystemen en HVAC-technologie je bent communicatief, verzorgd, en hebt oog voor detail en afwerking je werkt zelfstandig en hecht veel belang aan veiligheid Een job bij Equans betekent: Zin om mee te werken aan de multitechnische uitdagingen van morgen? Ja? Dan kom je bij Equans terecht in een innovatieve en boeiende werkomgeving met gevarieerde projecten waarin je jouw skills verder kan ontplooien . Je komt in contact met de nieuwste technologieën en helpt onze klanten bi",fr,https://www.stepstone.be/offres-d-emploi--Elektricien-Storingstechnieker-2340-Beerse-Belgie-EQUANS--2178220-inline.html,stepstone
2174365,Health & Safety Plant Lead,Vos responsabilités,1500 HALLE il y a,,,,"Pour les recruteurs Comparateur de salaire Mes Offres Se connecter Trouver un emploi Health & Safety Plant Lead Brambles Holdings (UK) Limited Bornem Contrat fixe à durée indéterminée Plein temps Publiée: il y a 2 heures Vous serez l’un des 1er candidats Sauvegarder Health & Safety Plant Lead Brambles Holdings (UK) Limited Sauvegarder CHEP helps move more goods to more people, in more places than any other organization on earth via our 347 million pallets, crates and containers. We employ approximately 13,000 people and operate in 60 countries. Through our pioneering and sustainable share-and-reuse business model, the world’s biggest brands trust us to help them transport their goods more efficiently, safely and with less environmental impact. What does that mean for you? You’ll join an international organization big enough to take you anywhere, and small enough to get you there sooner. You’ll help change how goods get to market and contribute to global sustainability. You’ll be empowered to bring your authentic self to work and be surrounded by diverse and driven professionals. And you can maximize your work-life balance and flexibility through our Hybrid Work Model. Vos responsabilités Key Responsibilities Lead the implementation and maintenance of HSE management systems, ensuring timely closure of corrective actions from GAP audits. Advise the Plant Leadership Team on regulatory and internal policy updates Oversee daily HSE operations, ensuring team performance and compliance with emergency protocols and safety standards. Drive continuous improvement through action plans, compliance tracking, and proactive safety initiatives. Champion a proactive safety culture by embedding the Safety Differently philosophy and facilitating Learning Teams and safety discussions across all levels. Monitor and enhance training programs to ensure regulatory compliance and competency development. Lead investigations into incidents and near misses, ensuring lessons learned are shared ",fr,https://www.stepstone.be/offres-d-emploi--Health-Safety-Plant-Lead-Bornem-Brambles-Holdings-UK-Limited--2174365-inline.html,stepstone
2178189,Inside Sales & Customer Service Medewerker,Waar kom je terecht?,2025 Français,,,,"Pour les recruteurs Comparateur de salaire Mes Offres Se connecter Trouver un emploi Inside Sales & Customer Service Medewerker Headit bv BERCHEM Publiée: il y a 4 heures Vous serez l’un des 1er candidats Sauvegarder Inside Sales & Customer Service Medewerker Headit bv Sauvegarder Waar kom je terecht? Headit is op zoek naar een Inside Sales & Customer Service Medewerker voor een internationale KMO, regio Kempen. Je gaat aan de slag bij een middelgrote onderneming met een sterke internationale reputatie in de productie en ontwikkeling van hoogwaardige bouw- en afwerkingsmaterialen. Het bedrijf levert vandaag aan klanten in meer dan 50 landen en geldt als marktleider binnen zijn niche. Vanuit een innovatieve aanpak en doorgedreven productontwikkeling willen ze hun positie nog verder versterken in zowel binnen- als buitenland. Binnen deze organisatie werk je samen met een hecht team van collega’s in een warme en collegiale sfeer. Er wordt veel belang gehecht aan samenwerking, kwaliteit en klantgerichtheid. Je krijgt er bovendien de kans om een belangrijke schakel te zijn in de verdere commerciële groei van het bedrijf. Wat zijn jouw verantwoordelijkheden? Als Inside Sales & Customer Service Medewerker fungeer je als het eerste aanspreekpunt voor klanten en partners. Je combineert administratieve opvolging met een sterke commerciële insteek en zorgt ervoor dat elke klant een uitstekende service ervaart. Concreet betekent dit dat je: Klanten telefonisch, per mail en face-to-face te woord staat en hen adviseert over producten, prijzen en leveringen; Instaat voor het opmaken en opvolgen van offertes en het correct verwerken van verkooporders in het systeem; De opvolging van transporten coördineert (weg-, zee- en luchtvracht) en de bijhorende administratie nauwkeurig in orde brengt; Klachten en vragen van klanten op een professionele manier behandelt en doorgeeft waar nodig; Nauw samenwerkt met sales, logistiek en andere interne teams om een vlotte service te garanderen; Ka",fr,https://www.stepstone.be/offres-d-emploi--Inside-Sales-Customer-Service-Medewerker-BERCHEM-Headit-bv--2178189-inline.html,stepstone
2178249,Keukenmedewerker parttime - Brussel,Functieomschrijving,2025 Français,,,,"omschrijving Food&Iis op zoek naar een enthousiaste keukenmedewerker/barista om ons team te versterken in de regio Brussel . Wat ga je doen? Met een glimlach heerlijke koffies, thee en andere dranken bereiden Broodjes en koude schotels klaarmaken Algemene keukentaken uitvoeren, zoals de afwas Samen met je collega’s zorgen voor een aangename sfeer Wie je bent Je bent snel beschikbaar en wil 20 uur per week werken dynamisch en enthousiast team Tweetalig (Nederlands/Frans)zijn is een pluspunt , maar geen vereiste Wat je krijgt Een parttime contract van 20 uur per week , met vaste werkuren va 13u30 tot 17un , van maandag tot vrijda Vrije weekends Een gezellige werkplek in de regio Brussel Een tof en collegiaal team waarin teamwork centraal staat Doorgroeimogelijkheden regio Brussel Geïnteresseerd? Food & I NV 2 Jobs Stepstone Qui sommes-nous Espace Presse Devenez partenaire Candidat Carrière chez Stepstone Conseils de carrière FAQ Recruteur Pourquoi Stepstone Actualités recrutement Publier une annonce Recrutement international: THE NETWORK Restons en contact Donnez-nous votre avis Apps Déclaration de confidentialité Conditions d'utilisation Contactez-nous Conditions générales de vente THE NETWORK The Stepstone Group GmbH © 2025 Français",fr,https://www.stepstone.be/offres-d-emploi--Keukenmedewerker-parttime-Brussel-Brussel-Belgie-Food-I-NV--2178249-inline.html,stepstone
2174050,Hondengeleider VUB,Vacatureomschrijving,1000 Brussels,,,,"omschrijving Als deeltijdse hondengeleider bij Securitas combineer je bewakingstaken met en zonder je diensthond. Een deel van je werkuren voer je uit samen met je eigen hond, en de overige uren werk je zonder hond als bewakingsagent. Je zorgt voor een veilige omgeving door preventieve rondes uit te voeren, verdachte situaties te melden en adequaat op te treden bij incidenten. Uitvoeren van bewakingsrondes met en zonder hond Observeren, signaleren en rapporteren van onregelmatigheden Optreden bij incidenten en alarmmeldingen Zorgen voor de goede conditie en training van je eigen diensthond Functie-eisen In het bezit van een eigen diensthond Goede fysieke conditie en verantwoordelijkheidsgevoel Nederlandstalig, kennis van het Frans is een pluspunt Flexibel en zelfstandig kunnen werken Aanvullende informatie Bruto salaris: €17,40 per uur (Exclusief extra bonus) | Brussel | Voltijds | Onbepaalde duur contract Premies: +12,5% (20u – 22u), +18% voor zaterdagen, +23% voor zondagen, +22,5% voor nachtdiensten en +30% voor feestdagen Maaltijdcheques: € 4,19 per 6,92 uur Km vergoeding 24 vakantiedagen, vakantiegeld en eindejaarspremie Hospitalisatieverzekering + ambulante zorgverzekering voor jezelf en gezinsleden Ontwikkelings- en opleidingsmogelijkheden, binnen deze functie laten we je eveneens de opleiding mobiele bewaking volgen Allerhande voordelen en kortingen via ons Benefits@Work programma We help make your world a safer place. Wij hechten veel belang aan onze waarden: integriteit, hulpvaardigheid en waakzaamheid. Bij Securitas zetten we diversiteit voorop. Wij moedigen iedereen aan te solliciteren ongeacht je afkomst, leeftijd, gender of culturele en religieuze achtergrond. Ons doel is om de wereld een veiligere plek te maken door onze klanten verschillende diensten aan te bieden zoals permanente bewaking, SECURITAS Andere sectoren • 5.500 Employés 25 Jobs Page Entreprise Localisation SECURITAS 1000 Brussels, België Afficher la carte Temps de trajet De: À: Via: En voiture Transports en commun À pied À vélo Calculer mon temps de trajet - - : - - Avantages sociaux Services médicaux supplémentaires Épargne pension Horaires de travail flexibles Parking Réductions pour employés Chèques-repas Garde d'enfants Formation Télétravail Voiture de fonction Transport public Allocation d'études Les avantages décrits sont d’application pour la société et peuvent varier en fonction du poste ou du service en question. Des offres d'emploi similaires Sales Manager - Digital Marketing Agency - Brussels Michael Page Brussels il y a 1 jour Provider Partnership Manager International SOS France Brussels Télétravail possible il y a 2 jours Partnership Manager Brussels Airport Company Brussels Télétravail possible il y a 1 jour Surface Commercial Solution Group Lead - EMEA Microsoft Brussels il y a 3 jours Projectmanager | Softwaretoepassingen Sales Talents Anderlecht il y a 4 jours Security Services &amp; Intelligence Manager Brussels Airport Company Brussels Télétravail possible il y a 5 jours Project Officer - Electricity Brussels Airport Company Brussels Télétravail possible il y a 6 jours Staff Mobility Manager Brussels Airport Company Brussels Télétravail possible il y a 6 jours Head of Security Brussels Airport Company Brussels Télétravail possible il y a 1 jour Service Manager (Access &amp; Identification) Brussels Airport Company Brussels Télétravail possible il y a 1 jour Stepstone Qui sommes-nous Espace Presse Devenez partenaire Candidat Carrière chez Stepstone Conseils de carrière FAQ Recruteur Pourquoi Stepstone Actualités recrutement Publier une annonce Recrutement international: THE NETWORK Restons en contact Donnez-nous votre avis Apps Déclaration de confidentialité Conditions d'utilisation Contactez-nous Conditions générales de vente THE NETWORK The Stepstone Group GmbH © 2025 Français",fr,https://www.stepstone.be/offres-d-emploi--Hondengeleider-VUB-Brussels-SECURITAS--2174050-inline.html,stepstone
2178244,Koeltechnieker,Introductie,2025 Français,,,,"Pour les recruteurs Comparateur de salaire Mes Offres Se connecter Trouver un emploi Koeltechnieker EQUANS West-Vlaanderen, België Publiée: il y a 4 heures Vous serez l’un des 1er candidats Sauvegarder Koeltechnieker EQUANS Sauvegarder Introductie Thank you for your interest in Equans! Our website is under maintenance for 2 days however if you see a position you are interested in and would like to contact us please emai staffing@equans.coml . Wat als jij met jouw koeltechnische kennis kon zorgen dat installaties betrouwbaar en efficiënt blijven draaien? Ben jij gepassioneerd door koeltechniek? Hou je van het onderhouden en herstellen van koelinstallaties? Dan is deze functie bij Equans helemaal iets voor jou! Jouw verantwoordelijkheden Als Service Koeltechnieker ben je verantwoordelijk voor het preventief en curatief onderhoud van koelinstallaties in verschillende sectoren, waaronder zwembaden, kantoorgebouwen, sporthallen, sites van defensie … Jouw werklocatie Jouw Equans-uitvalsbasis Wat ga je doen? Je maakt deel uit van de interventie- en onderhoudsafdeling. Na een grondige opleiding ga je zelfstandig aan de slag met: uitvoeren van onderhoud, foutanalyse, reparaties en afstellingen van koelinstallaties behandeling van storingsmeldingen en revisie van bestaande installaties installeren van aanpassingen en uitbreidingen om optimale werking van koelinstallaties te garanderen dagelijkse rapportering aan je leidinggevende en communicatie met klanten correcte administratieve verwerking van uitgevoerde werken Wat breng je mee? je bent in het bezit van een diploma in koeltechniek, elektromechanica, of een erkende koeltechnische opleiding je bent in het bezit van een koelcertificaat cat. 1 je hebt een klantgerichte, oplossingsgerichte en technisch onderlegde houding je bent stressbestendig en houdt letterlijk en figuurlijk het hoofd koel je werkt graag in team, maar kan ook zelfstandig aan de slag je hebt een geldig rijbewijs B Ons aanbod Zin om mee te werken aan de multi",fr,https://www.stepstone.be/offres-d-emploi--Koeltechnieker-West-Vlaanderen-Belgie-EQUANS--2178244-inline.html,stepstone
2178209,Leerling Monteur,Introductie,2025 Français,,,,"Pour les recruteurs Comparateur de salaire Mes Offres Se connecter Trouver un emploi Leerling Monteur I-Tek Kaulille NV KAULILLE Publiée: il y a 4 heures Vous serez l’un des 1er candidats Sauvegarder Leerling Monteur I-Tek Kaulille NV Sauvegarder Introductie Itek is de specialist in fiets-, fitness-, tuin- en allerhande andere sport-, hobby- en vrijetijdsartiekelen. Onze vestingingen zijn gelegen zowel in Nederland als België. Met een alsmaar uitbreidend winkelnetwerk is ITEK en bloeiende en groeiende onderneming met vele kansen voor zij die de uitdaging aangaan! Voor ons Filiaal te Kaulille zijn we dringend op zoek naar gemotiveerde en leergierige LEERLING-MONTEUR. Je taken: Je verzorgt de dienst na verkoop van voornamelijk fietsen en electrische fietsen, maar ook grasmaaiers, fitnessapparatuur en aanverwante producten. Je stelt de fietsen af naar de wensen van de klant Je staat in voor de herstellingen van bovenvernoemde producten Je werkt onder leiding van een hoofdmonteur en volgt zijn aanbevelingen nauwgezet op. Jouw profiel Je kan zelfstandig werken en je bent stressbestendig en leergierig. Je bent klantvriendelijk en kan probleemoplossend denken. Je bent bereid tot weekendwerk Je bent leergierig en beschikt over een grote dosis motivatie en doorzettingsvermogen. I-Tek Kaulille NV 6 Jobs Stepstone Qui sommes-nous Espace Presse Devenez partenaire Candidat Carrière chez Stepstone Conseils de carrière FAQ Recruteur Pourquoi Stepstone Actualités recrutement Publier une annonce Recrutement international: THE NETWORK Restons en contact Donnez-nous votre avis Apps Déclaration de confidentialité Conditions d'utilisation Contactez-nous Conditions générales de vente THE NETWORK The Stepstone Group GmbH © 2025 Français",fr,https://www.stepstone.be/offres-d-emploi--Leerling-Monteur-KAULILLE-I-Tek-Kaulille-NV--2178209-inline.html,stepstone
2176786,"Leerkracht ASV BuSO (type 2, OV1) 22/22",Introductie,9255 BUGGENHOUT,,,,"Pour les recruteurs Comparateur de salaire Mes Offres Se connecter Trouver un emploi Leerkracht ASV BuSO (type 2, OV1) 22/22 Blijdorp BUGGENHOUT Contrat fixe à durée indéterminée Temps partiel Publiée: il y a 3 heures Vous serez l’un des 1er candidats Sauvegarder Leerkracht ASV BuSO (type 2, OV1) 22/22 Blijdorp Sauvegarder Introductie Op zoek naar een boeiende job waar je de mogelijkheid hebt om samen met het team het beste uit de kinderen te halen ? We verwelkomen je graag in de warme Blijdorp-wereld: Jouw verantwoordelijkheden · Je behartigt de missie, visie en de waarden binnen Blijdorp als organisatie en de school in het bijzonder. · Je streeft de doelstellingen na met betrekking tot de ontwikkeling van het kind op cognitief, affectief, emotioneel, motorisch en sociaal gebied. · Je bereidt je lessen voor zoals voorzien in de individuele handelingsplanning van elke leerling en het groepswerkplan en stuurt bij waar nodig na evaluatie. · Je werkt mee aan klas overschrijdende activiteiten. · Je voldoet aan de administratieve verplichtingen. · Je werkt binnen een multidisciplinair team en werkt nauw samen met de ouders. · Je bevordert integratie in de maatschappij en dit op een professionele, didactisch en pedagogisch verantwoorde wijze. Jouw profiel Geïnteresseerden zonder onderwijsdilploma maar met een bachelordiploma én een warm hart voor onze leerlingen zijn zeker welkom in ons team. · Je bent respectvol in de omgang met jongeren met een verstandelijke en/of meervoudige beperking. · Je bent sociaalvaardig en flexibel. · Je bent positief ingesteld en bereid je ruim te engageren. · Je bent in het bezit van een onderwijsdiploma. Ook personen zonder onderwijsdiploma maar met een bachelordiploma en een groot hart voor onze leerlingen zijn zeker welkom. Ons aanbod In onze school sta je er nooit alleen voor. Indien gewenst kan je slechts een deel van de uren opnemen of een deel van de uren combineren met uren ASV onderwijs aan huis (4/22 tot einde schooljaar). Door de g",fr,https://www.stepstone.be/offres-d-emploi--Leerkracht-ASV-BuSO-type-2-OV1-22-22-BUGGENHOUT-Blijdorp--2176786-inline.html,stepstone
2178192,Logistiek Administratief Bediende,Over het bedrijf,2025 Français,,,,"Pour les recruteurs Comparateur de salaire Mes Offres Se connecter Trouver un emploi Logistiek Administratief Bediende Headit bv WILLEBROEK Publiée: il y a 4 heures Vous serez l’un des 1er candidats Sauvegarder Logistiek Administratief Bediende Headit bv Sauvegarder Over het bedrijf Headit is op zoek naar een gemotiveerd Logistiek Administratief Bediende! Voor een internationale speler met Belgische origine in de petrochemische sector (regio Antwerpen), zijn wij op zoek naar een enthousiaste professional die het verschil wil maken in klantgerichte processen. Je komt terecht bij een toonaangevend bedrijf met een stevige verankering in België en een internationale scope. Vanuit het hoofdkantoor ondersteun je klanten in Scandinavië en de Baltische landen met duurzame en efficiënte oplossingen. Verantwoordelijkheden als Logistiek Administratief Bediende: Als Logistiek Administratief Bediende ben jij het kloppend hart van de order-to-cash processen. Je fungeert als schakel tussen klanten, sales, logistiek en supply chain, met een focus op service, precisie en klanttevredenheid.Concreet betekent dat: Je beheert het volledige orderproces van A tot Z voor klanten in Scandinavië en de Baltische landen; Je staat dagelijks in contact met klanten en bent hun eerste aanspreekpunt; Je coördineert transporten, stelt verzenddocumenten op en volgt leveringen nauwgezet op; Je werkt actief mee aan het opzetten en onboarden van nieuwe klanten; Je bewaakt de voorraadniveaus in samenwerking met Supply Chain; Je volgt forecasts op, analyseert orderdata en speelt accuraat in op afwijkingen; Je adviseert klanten over importregels, douaneformaliteiten, transportmiddelen en zendingseisen. Wat we verwachten van de Logistiek Administratief Bediende: Een bachelor of relevante ervaring in customer service, sales support of logistieke administratie; Je bent klantgericht, oplossingsgericht en je weet makkelijk te schakelen tussen verschillende taken; Je communiceert vlot en bouwt sterke relaties ui",fr,https://www.stepstone.be/offres-d-emploi--Logistiek-Administratief-Bediende-WILLEBROEK-Headit-bv--2178192-inline.html,stepstone
2178232,Ploegbaas gietasfalt (West-Vlaanderen of Oost-Vlaanderen),Introductie,2025 Français,,,,"Pour les recruteurs Comparateur de salaire Mes Offres Se connecter Trouver un emploi Ploegbaas gietasfalt (West-Vlaanderen of Oost-Vlaanderen) Mobilmat NV West-Vlaanderen, België Publiée: il y a 4 heures Vous serez l’un des 1er candidats Sauvegarder Ploegbaas gietasfalt (West-Vlaanderen of Oost-Vlaanderen) Mobilmat NV Sauvegarder Introductie Welkom! We zijn blij dat je een kijkje komt nemen naar onze vacature voor ploegbaas gietasfalt. Wij zoeken een ploegbaas voor onze gietasfaltafdeling, bij voorkeur afkomstig uit regio Oost of West-Vlaanderen. Bedrijfsinfo De activiteiten van Mobilmat zijn specifiek gericht op het klein onderhoud en herstel van asfalt- en betonwegen. Naast de productie en de verkoop van “Vanmac” koudasfalt en de verdeling van een breed gamma aan onderhoudsproducten voor asfalt- en betonwegen (zoals o.a. gietasfaltsmelttegels, bitumenemulsies, voegvullingsproducten en steenslag) is Mobilmat verdeler in België van “Mesh Track” stalen wapeningsnetten voor Bekaert. De wegenwerken van Mobilmat zijn geschraagd op twee pijlers: het plaatsen van gekleurde wegdeksystemen en gietasfaltherstellingen. Bedrijfsinfo De activiteiten van Mobilmat zijn specifiek gericht op het klein onderhoud en herstel van asfalt- en betonwegen. Naast de productie en de verkoop van “Vanmac” koudasfalt en de verdeling van een breed gamma aan onderhoudsproducten voor asfalt- en betonwegen (zoals o.a. gietasfaltsmelttegels, bitumenemulsies, voegvullingsproducten en steenslag) is Mobilmat verdeler in België van “Mesh Track” stalen wapeningsnetten voor Bekaert. De wegenwerken van Mobilmat zijn geschraagd op twee pijlers: het plaatsen van gekleurde wegdeksystemen en gietasfaltherstellingen. Functie Je wordt tewerkgesteld als ploegbaas in de gietasfaltwerken (werven verspreid in Vlaanderen). Je bent verantwoordelijk voor het aansturen van jouw team en hebt overleg met de werfleiding. Je bent verantwoordelijk voor het correct uitvoeren van de gietasfaltwerken. Je vertrekt dagelijks met ",fr,https://www.stepstone.be/offres-d-emploi--Ploegbaas-gietasfalt-West-Vlaanderen-of-Oost-Vlaanderen-West-Vlaanderen-Belgie-Mobilmat-NV--2178232-inline.html,stepstone
2172121,Project Engineer Building,Jouw verantwoordelijkheden,4000 enthousiaste collega's Cultuur waar onze waarden courage,,,,"Pour les recruteurs Comparateur de salaire Mes Offres Se connecter Trouver un emploi Project Engineer Building Pfizer Puurs Contrat fixe à durée indéterminée Plein temps Publiée: il y a 3 heures Sauvegarder Project Engineer Building Pfizer Sauvegarder Bij Pfizer surfen we allemaal op dezelfde golf. Een golf van kwaliteit, veiligheid en innovatie die we samen op gang brengen. Met grote en kleine overwinningen, goed voor onszelf en de wereld. De weg ernaartoe is een ervaring, maar we geraken waar we moeten zijn door voor elke uitdaging een oplossing te vinden. De stroming ontstaat omdat we dingen doen die nog nooit eerder zijn gedaan. Omdat we geloven dat alles mogelijk is. We trekken elkaar erin mee, vanaf dag één. Op de afdeling Engineering werken we aan de nieuwe projecten op de site van Puurs. Deze projecten variëren gaande van nieuwe productie-installaties tot hoogbouwmagazijnen en nog veel meer. Naast uitbreidingen zetten we ook hard in op duurzaamheid en innovatie. Als Project Engineer Building ben je verantwoordelijk voor de bouwkundige uitwerking binnen deze projecten. Dit omvat het volledige pakket van een project: feasibility studies, detailed engineering, constructie, validatie en opstart van de installatie. Doorheen het ganse project is er een nauwe samenwerking met vele andere afdelingen zoals productie, onderhoud en QA. Jouw verantwoordelijkheden Op de afdeling Engineering werken we aan de nieuwe projecten op de site van Puurs. Deze projecten variëren gaande van nieuwe productie-installaties tot hoogbouwmagazijnen en nog veel meer. Naast uitbreidingen zetten we ook hard in op duurzaamheid en innovatie. Als Project Engineer Building ben je verantwoordelijk voor de bouwkundige uitwerking binnen deze projecten. Dit omvat het volledige pakket van een project: feasibility studies, detailed engineering, constructie, validatie en opstart van de installatie. Doorheen het ganse project is er een nauwe samenwerking met vele andere afdelingen zoals productie, onde",fr,https://www.stepstone.be/offres-d-emploi--Project-Engineer-Building-Puurs-Pfizer--2172121-inline.html,stepstone
2178218,Quality Engineer,Introductie,"Brugge Een vast contract in een boeiende, veelzijdige functie binnen een dynamische en groeiende organisatie. Ruimte voor professionele ontwikkeling en doorgroeimogelijkheden. Eend iverse en inclusieve werkomgeving waar respect en openheid centraal staan. Een competitief salaris met extralegale voordelen. Zet de volgende stap in je carri è re en draag bij aan een duurzame toekomst in de voedingsindustrie. Geïnteresseerd? MOWI BELGIUM 2 Jobs Stepstone Qui sommes-nous Espace Presse Devenez partenaire Candidat Carrière chez Stepstone Conseils de carrière FAQ Recruteur Pourquoi Stepstone Actualités recrutement Publier une annonce Recrutement international: THE NETWORK Restons en contact Donnez-nous votre avis Apps Déclaration de confidentialité Conditions d'utilisation Contactez-nous Conditions générales de vente THE NETWORK The Stepstone Group GmbH © 2025 Français",,,,"Pour les recruteurs Comparateur de salaire Mes Offres Se connecter Trouver un emploi Quality Engineer MOWI BELGIUM Brugge, België Publiée: il y a 4 heures Vous serez l’un des 1er candidats Sauvegarder Quality Engineer MOWI BELGIUM Sauvegarder Introductie Welkom bij Mowi Belgium, een toonaangevende speler in de visverwerkingsindustrie en trotse leverancier van hoogwaardige zalm. Bij Mowi streven we ernaar om duurzaamheid, kwaliteit en innovatie te integreren in alles wat we doen. Met onze diepe betrokkenheid bij de bescherming van onze oceanen en een focus op het leveren van de beste producten aan onze klanten, vormen we een essentiële schakel in de voedselvoorzieningsketen. Jouw verantwoordelijkheden Als Quality Engineer draag je bij aan het waarborgen van de hoogste kwaliteitsnormen binnen onze innovatieve productieomgeving. Je zorgt ervoor dat onze producten en processen niet alleen voldoen aan de verwachtingen, maar deze ook overtreffen. Vacature details Jouw verantwoordelijkheden Onderhouden en verder ontwikkelen van het kwaliteits- en HACCP-systeem. Verifi ë ren en valideren van processen, nieuwe producten en kwaliteitssystemen. Initi ë ren, co ö rdineren en opvolgen van kwaliteitsprojecten. Ondersteunen bij documentbeheer en CPA-beheer. Behandelen van consumentenklachten en interne afwijkingen. Ondersteunen van QC: analyseresultaten beoordelen en verbeteracties uitzetten. Uitvoeren van hygi ë ne-audits en begeleiden van interne en externe audits (klanten), inclusief corrigerende acties. Jouw profiel Bachelor of Master in microbiologie, chemie, voedingskunde of gelijkwaardig door ervaring. Grondige kennis van kwaliteitsstandaarden (IFS/ACS), HACCP en relevante wetgeving. Sterk inzicht in productieprocessen en kwaliteitsanalysemethoden. Gestructureerd, goed georganiseerd en probleemoplossend ingesteld. Goede communicatieve vaardigheden en het vermogen om groepen te begeleiden. Flexibel, hands-on en creatief, met oog voor verbetering. Ons aanbod Afdeling: Product",fr,https://www.stepstone.be/offres-d-emploi--Quality-Engineer-Brugge-Belgie-MOWI-BELGIUM--2178218-inline.html,stepstone
2174371,Sales Representative - Vlaams-Brabant,Jouw verantwoordelijkheden,3000 Leuven,,,,"Pour les recruteurs Comparateur de salaire Mes Offres Se connecter Trouver un emploi Sales Representative - Vlaams-Brabant Salonkee S.A. Leuven Contrat fixe à durée indéterminée Plein temps Publiée: il y a 1 heure Sauvegarder Sales Representative - Vlaams-Brabant Salonkee S.A. Sauvegarder Als toonaangevend Europees softwarebedrijf biedt Salonkee geavanceerde digitale oplossingen voor kappers- en schoonheidszaken, waarmee we de manier waarop ze werken transformeren. Onze missie is om de beauty- en wellnesssector te digitaliseren met een compleet pakket aan hoogwaardige softwaretools. Van gebruiksvriendelijke agenda’s en klantenbestanden tot naadloze online boekingssystemen en geïntegreerde kassasystemen – wij helpen salons hun processen te optimaliseren en een uitzonderlijke klantervaring te bieden. Word onderdeel van ons getalenteerde team als Sales Representative en draag bij aan de toekomst van deze dynamische sector. Bij Salonkee krijg je de kans om aan innovatieve projecten te werken, samen te werken met gepassioneerde professionals en een blijvende impact te maken. Jouw verantwoordelijkheden Je adviseert potentiële klanten op competente wijze over digitale oplossingen om hun bedrijfsprocessen te optimaliseren en hun potentieel maximaal te benutten. Je bent verantwoordelijk voor het volledige acquisietraject van nieuwe klanten voor Salonkee. Dit omvat het eerste contact, het inplannen van afspraken, het geven van demonstraties en het afsluiten van contracten. Je bent verantwoordelijk voor het geven van productpresentaties op locatie om de waarde van onze producten op een duidelijke manier over te brengen aan potentiële klanten. Je maakt gebruik van verschillende communicatiekanalen om potentiële klanten te benaderen en relaties op te bouwen. Jouw profiel Ervaring in een salesfunctie, inclusief cold calling en het bezoeken van prospects Sterke probleemoplossende vaardigheden en een creatieve mindset Vloeiend in het Nederlands en Engels Een echte self-starter Uits",fr,https://www.stepstone.be/offres-d-emploi--Sales-Representative-Vlaams-Brabant-Leuven-Salonkee-S-A--2174371-inline.html,stepstone
2172155,Team Leader Productie Nachtshift,Jouw verantwoordelijkheden,4000 enthousiaste collega's Cultuur waar onze waarden courage,,,,"Pour les recruteurs Comparateur de salaire Mes Offres Se connecter Trouver un emploi Team Leader Productie Nachtshift Pfizer Puurs Contrat fixe à durée indéterminée Plein temps Publiée: il y a 40 minutes Sauvegarder Team Leader Productie Nachtshift Pfizer Sauvegarder Bij Pfizer surfen we allemaal op dezelfde golf. Een golf van kwaliteit, veiligheid en innovatie die we samen op gang brengen. Met grote en kleine overwinningen, goed voor onszelf en de wereld. De weg ernaartoe is een ervaring, maar we geraken waar we moeten zijn door voor elke uitdaging een oplossing te vinden. De stroming ontstaat omdat we dingen doen die nog nooit eerder zijn gedaan. Omdat we geloven dat alles mogelijk is. We trekken elkaar erin mee, vanaf dag één. Je komt in een cultuur terecht waarbij ownership een essentieel kenmerk is. We willen vandaag uitblinken maar al denken aan morgen en daar pro-actief op inspelen. Bij Pfizer geloven we ook heel sterk in teamwerk. Om je werk te realiseren hebben we elkaar nodig, helpen we elkaar, dagen we elkaar uit en delen we kennis. ""Hoge kwaliteit"" is de rode draad in alles wat we doen. Jouw verantwoordelijkheden De functie situeert zich binnen de productie afdeling Blow-Fill-Seal met een totaal van 80 medewerkers. Dit is een farmaceutische productie afdeling waar oftalmische geneesmiddelen worden afgevuld in zelfgevormde plastic bottles, gesealed, gelektest en geïnspecteerd. BFS is een afdeling waar een hoge graad van automatisatie aanwezig is. In onze afdeling zijn er 5 lijnen die telkens bestaan uit een blow-fill-seal machine, een isolator voor toevoegen tip caps, een lektester en een inspectiemachine. Onze productiviteit vertaalt zich in ± 50 mio stuks/jaar. Als Team Leader draag jij de volgende verantwoordelijkheden: Je bent eindverantwoordelijke voor de operationele objectieven van het proces van afvullen, sealen, lektesten en inspecteren van oftalmische geneesmiddelen op vlak van veiligheid, kwaliteit, output en kost Je staat in voor de dagelijkse",fr,https://www.stepstone.be/offres-d-emploi--Team-Leader-Productie-Nachtshift-Puurs-Pfizer--2172155-inline.html,stepstone
2174049,Technicien Electromécanique,Introduction,1000 Bruxelles,,,,"Description du Le En tant que Technicien(ne), vos principales missions seront Réaliser le montage et le câblage d’ensembles mécaniques et électriques dans des véhicules militaires, selon des critères de fabrication exigeants Lire et interpréter les dossiers de fabrication et les plans d’intégration pour effectuer l’installation complète des équipements Souder des connecteurs pour antennes GPS et radios Effectuer de petites modifications mécaniques pour adapter les pièces aux contraintes d’intégration Travailler en étroite collaboration avec l’équipe projet et sous la supervision d’un chef d’équipe Participer à l’ensemble du processus d’intégration, étape par étape, au sein d’une équipe Votre profil Votre Formation technique (électromécanique, électricité, mécanique ou équivalent) Une première expérience en montage mécanique ou câblage dans un environnement normé Maîtrise de la lecture de plans et schémas de fabrication Expérience en soudure de connecteurs (atout) Autonomie, rigueur et esprit d’équipe Bon niveau de français – la connaissance de l’anglais technique est un plus Capacité à déplacer des charges légères (jusqu’à 60 kg avec assistance Informations L'engagement d'ALTEN Nos trois piliers d'engagement en faveur du développement durable L'approche d'ALTEN en matière de développement durable et de responsabilité sociale repose sur trois piliers fondamentaux : Humain Nous célébrons la riche diversité de nos employés, qui représentent plus de 100 nationalités. Notre engagement est de cultiver un environnement inclusif où chacun peut s'épanouir et apporter une contribution significative. Nous encourageons l'acquisition de compétences et soutenons activement nos talents dans leur développement personnel et professionnel. Environnement Notre mission est de minimiser notre impact environnemental tout en favorisant une croissance durable. Nous nous engageons à atteindre la neutralité carbone d'ici 2050, un objectif qui guide nos opérations et oriente nos initiatives stratégiques. Innovation durable Chez ALTEN, nous considérons les défis liés au développement durable comme des opportunités pour stimuler la recherche et l'innovation. Avec 31 % de notre R&D interne consacrée à l'innovation durable, nous sommes déterminés à transformer ces défis en solutions qui créent de la valeur ALTEN Consulting • 0-50 Employés 6 Critiques 3 Jobs Page Entreprise Localisation ALTEN 1000 Bruxelles, Belgique Afficher la carte Temps de trajet De: À: Via: En voiture Transports en commun À pied À vélo Calculer mon temps de trajet - - : - - Des offres d'emploi similaires 🚀 Offre d’emploi - Gestionnaire de Planning (H/F) Le chef d’orchestre de nos techniciens ! OCELEC SECURITY SYSTEMS SA Louvain-La-Neuve il y a 22 heures NOUVEAU Mécanicien - Technicien automobile (H/F/X) - BXL Keos Brussels Bruxelles il y a 3 jours Contremaître Entretien & Maintenance Immobilier social BinHôme scrl Bruxelles Télétravail possible il y a 4 jours Technisch medewerker/medewerkster Kanal Brussel il y a 11 heures NOUVEAU Test Automation Engineer Smals Brussel Télétravail possible il y a 5 jours Facility Engineer Smals Bruxelles Télétravail possible il y a 5 jours Functional Analyst - RIZIV Smals Brussel Télétravail possible il y a 5 jours Coordinateur Sécurité Chantiers (H/F/X) Vinçotte Bruxelles il y a 18 heures NOUVEAU Ingénieur Système Réseau Etnic - Fédération Wallonie Bruxelles Bruxelles il y a 1 jour Field Support Engineer - FR/NL - Bruxelles / Gent Talents4You N.V. Bruxelles il y a 1 semaine Stepstone Qui sommes-nous Espace Presse Devenez partenaire Candidat Carrière chez Stepstone Conseils de carrière FAQ Recruteur Pourquoi Stepstone Actualités recrutement Publier une annonce Recrutement international: THE NETWORK Restons en contact Donnez-nous votre avis Apps Déclaration de confidentialité Conditions d'utilisation Contactez-nous Conditions générales de vente THE NETWORK The Stepstone Group GmbH © 2025 Français",fr,https://www.stepstone.be/offres-d-emploi--Technicien-Electromecanique-Bruxelles-ALTEN--2174049-inline.html,stepstone
2178245,Vacature Hoofdverpleegkundige - WZC Ter Rooierheide,Introductie,3590 Diepenbeek,,,,"Pour les recruteurs Comparateur de salaire Mes Offres Se connecter Trouver un emploi Vacature Hoofdverpleegkundige - WZC Ter Rooierheide Korian Belgium NV Rooierheide, 3590 Diepenbeek, België Publiée: il y a 4 heures Vous serez l’un des 1er candidats Sauvegarder Vacature Hoofdverpleegkundige - WZC Ter Rooierheide Korian Belgium NV Sauvegarder Introductie Korian België is sinds 2005 actief in de residentiële zorg voor ouderen en kwetsbaren, alsook in de thuiszorg, thuisverpleging en thuiszorgwinkels. Elke dag staan 10.000 medewerkers in voor de zorg van meer dan 13.000 bewoners in 116 voorzieningen verspreid over gans België. Daarnaast werken er nog 600 medewerkers in de thuiszorg, waaronder een 150-tal zelfstandige verpleegkundigen in de thuisverpleging. Zorgjobs.beis dé gratis jobsite voor werkzoekenden in de zorgsector. Vind dagelijks duizenden jobs in de zorg voor verpleegkundigen, artsen, apothekers, kinesitherapeuten, zorgkundigen, zorgmanagers en andere zorgprofessionals . Solliciteer rechtstreeks bij ziekenhuizen, woonzorgcentra, thuisverpleging en zorgbedrijven met actuel zorgvacaturese voor vast of deeltijds werk in de gezondheidszorg. Wil je als eerste op de hoogte zijn van nieuwe zorgjobs ? Stel ee jobalertn in en ontvang dagelijks automatisch de meest relevant zorgvacaturese in je mailbox — volledig gratis. Jouw verantwoordelijkheden Je verzekert het goed functioneren van de afdeling binnen het woonzorgcentrum teneinde de kwaliteit van de opvang van de bewoners en de zorgverlening te optimaliseren, alsook de organisatie, coördinatie en continuïteit binnen de zorgverlening. Planning van het verplegend personeel Coördinerende functie bij de opname van nieuwe bewoners Beheer van de individuele zorgdossiers Beheer van de apotheek Instaan voor communicatie en informatie (intern en extern) Beheer van materiële middelen Meedraaien in het team Jouw profiel We zijn op zoek naar een collega met het hart op de juiste plaats en een passie voor ouderenzorg. Iemand di",fr,https://www.stepstone.be/offres-d-emploi--Vacature-Hoofdverpleegkundige-WZC-Ter-Rooierheide-Rooierheide-3590-Diepenbeek-Belgie-Korian-Belgium-NV--2178245-inline.html,stepstone
2178227,Vacature Zorgkundige - WZC Wijgmaalbroek ( alleen in het weekend),Introductie,3018 Leuven,,,,"Pour les recruteurs Comparateur de salaire Mes Offres Se connecter Trouver un emploi Vacature Zorgkundige - WZC Wijgmaalbroek ( alleen in het weekend) Korian Belgium NV Remy Alloingstraat 19, 3018 Leuven, België Publiée: il y a 4 heures Vous serez l’un des 1er candidats Sauvegarder Vacature Zorgkundige - WZC Wijgmaalbroek ( alleen in het weekend) Korian Belgium NV Sauvegarder Introductie Wij zoeken een zorgkundige met het hart op de juiste plaats! ???? Ben jij iemand die met passie en een glimlach voor ouderen zorgt? Hou je van een dynamische werkomgeving waar geen dag hetzelfde is? Dan ben jij de collega die we zoeken! . Bedankt voor je medewerking! Werken bij Korian it! Werken bij Korian betekent veel meer dan werken in de zorg. Het is in de eerste plaats bijdragen aan het welbevinden en de levenskwaliteit van oudere en kwetsbare mensen. Dat doen we met kwaliteitsvolle, warme en zinvolle ondersteuning, op alle vlakken. Met hart en ziel bieden we onze bewoners persoonsgerichte zorg en ondersteuning op maat. We hanteren daarbij het motto: ‘Hier zorgen wij voor u, in uw thuis!’ Vanuit onze ‘positive-care’ filosofie kiezen we voor levenskwaliteit: een visie waarbij we focussen op de persoonlijke wensen en mogelijkheden van de bewoners. Hun autonomie staat bij ons centraal: ze krijgen de kans om zelf te bepalen wat belangrijk is en waaraan ze deelnemen in het dagelijks leven. We willen dat onze bewoners waardig oud worden in hun nieuwe thuis en dat ze zich nuttig en waardevol voelen. Ze behouden daarbij zoveel mogelijk de regie over hun eigen leven. Korian België is sinds 2005 actief in de residentiële zorg voor ouderen en kwetsbaren, alsook in de thuiszorg, thuisverpleging en thuiszorgwinkels. Elke dag staan 10.000 medewerkers in voor de zorg van meer dan 13.000 bewoners in 116 voorzieningen verspreid over gans België. Daarnaast werken er nog 600 medewerkers in de thuiszorg, waaronder een 1: Maak een gratis account Zorgjobs.beis dé gratis jobsite voor werkzoekenden in",fr,https://www.stepstone.be/offres-d-emploi--Vacature-Zorgkundige-WZC-Wijgmaalbroek-alleen-in-het-weekend-Remy-Alloingstraat-19-3018-Leuven-Belgie-Korian-Belgium-NV--2178227-inline.html,stepstone
2178233,Vacature: tweede opbouwwerker voor Open Armen vzw (50% - bepaalde duur),Introductie,"Molenborre 18, 1500 Halle Je krijgt ondersteuning over nodige werkwijzen en kennis door een stafmedewerker van SAAMO Vlaams-Brabant. Andere tegemoetkomingen: woon-werk verkeer, gsm met belkrediet, eindejaarspremie, laptop ter beschikking Je krijgt opleidingen op maat van wat jij nodig hebt in deze job. SAAMO Vlaams-Brabant voert een gelijke kansenbeleid. Kwaliteiten van mensen zijn doorslaggevend, ongeacht hun sekse, afkomst of handicap. Hoe solliciteren? Saamo Vlaams-Brabant vzw 1 Job Stepstone Qui sommes-nous Espace Presse Devenez partenaire Candidat Carrière chez Stepstone Conseils de carrière FAQ Recruteur Pourquoi Stepstone Actualités recrutement Publier une annonce Recrutement international: THE NETWORK Restons en contact Donnez-nous votre avis Apps Déclaration de confidentialité Conditions d'utilisation Contactez-nous Conditions générales de vente THE NETWORK The Stepstone Group GmbH © 2025 Français",,,,"Pour les recruteurs Comparateur de salaire Mes Offres Se connecter Trouver un emploi Vacature: tweede opbouwwerker voor Open Armen vzw (50% - bepaalde duur) Saamo Vlaams-Brabant vzw Molenborre 18, 1500 Halle, België Publiée: il y a 4 heures Vous serez l’un des 1er candidats Sauvegarder Vacature: tweede opbouwwerker voor Open Armen vzw (50% - bepaalde duur) Saamo Vlaams-Brabant vzw Sauvegarder Introductie Ben je sociaal geëngageerd en vlot in omgang? Wil je aan de slag met volwassenen in een maatschappelijk kwetsbare positie te Halle? Stel je dan zeker kandidaat! Voor deze job zoeken wij een tweede opbouwwerker. Na onmiddellijke indiensttreding ga jij – samen met je collega Nathan – de Vereniging Waar Armen Het Woord Nemen Open Armen uitbouwen. Deze vereniging heeft 2 grote doelen: Enerzijds brengt ze mensen in armoede en mensen die niet in armoede leven bij elkaar. Voor ontmoeting, vorming, een uitstap, gezellige babbels, een maaltijd, …Dit noemen we de basiswerking . Anderzijds wil ze maatschappelijke structuren veranderen, drempels in kaart brengen, in gesprek gaan met beleid om de toegang tot hun rechten te vergroten. Dit is de beleidswerking . Daarom werken we samen met heel veel partners en zijn we blijvend op zoek naar mensen in armoede. Ook helpen heel veel vrijwilligers onze werking uitbouwen. Wat ga je doen? Je werkt in tandem met Nathan, waarbij vooral verantwoordelijk bent voor de basiswerkingjij , samen met de vrijwilligers en in samenwerking met partners. Ook zal je meewerken aan de 6 criteria . Wie ben jij? Je begrijpt wat achterstelling en sociale uitsluiting betekenen en hebt er voeling mee. Ervaring in het werken met mensen in deze context is een plus. Je hebt minimaal een bachelor diploma in sociale, sociaal-culturele of pedagogische richting of gelijkwaardig door ervaring. Je neemt initiatief, werkt zelfstandig en je kan ook in teamverband werken. Je bent goed in plannen en organiseren. Je bent een sterke netwerker . Kennis van het (Halse) sociale",fr,https://www.stepstone.be/offres-d-emploi--Vacature-tweede-opbouwwerker-voor-Open-Armen-vzw-50-bepaalde-duur-Molenborre-18-1500-Halle-Belgie-Saamo-Vlaams-Brabant-vzw--2178233-inline.html,stepstone
2178229,Vacature teamcoach op Graandreef 1 en 2,Introductie,9160 Lokeren,,,,"Pour les recruteurs Comparateur de salaire Mes Offres Se connecter Trouver un emploi Vacature teamcoach op Graandreef 1 en 2 Emiliani VZW 9160 Lokeren, België Publiée: il y a 4 heures Vous serez l’un des 1er candidats Sauvegarder Vacature teamcoach op Graandreef 1 en 2 Emiliani VZW Sauvegarder Introductie Ben jij op zoek naar een nieuwe uitdaging en wil je dit graag waarmaken binnen een warme en groeiende organisatie? Dan ben je bij Emiliani aan het goede adres! Als organisatie streven we naar het garanderen en verbeteren van de levenskwaliteit van onze cliënten op vlak van wonen, werken en vrije tijd. Weet je graag meer over onze visie en onze waarden? Lees meer via deze link . Werken als teamcoach Als teamcoach schep je een omgeving waarin jouw teamleden kunnen leren en groeien en waarin ze ook hun persoonlijke doelen kunnen waarmaken, terwijl zij de bedoeling van het werk voor ogen houden en het behalen van resultaten bewaken. Je balanceert tussen de verschillende rollen: : je zorgt dat het team het doel voor ogen houdt; dat het team werkt binnen de visie van Emiliani én dat het team elkaar vindt als collega’sLeider : je geeft collega’s de kans om te groeien en verantwoordelijkheden op te nemen afhankelijk van hun competenties; je biedt hen de ruimte die ze nodig hebben om te kunnen groeien in hun opdrachtManager : je zorgt ervoor dat jouw teamleden hun competenties inzetten en erop aangesproken worden; je geeft feedback op een open en constructieve manierCoach Als teamcoach ben je verantwoordelijk voor: Het voorbereiden en voorzitten van de teamvergadering Het behartigen van het uurrooster Het voeren van functionerings- en evaluatiegesprekken met jouw teamleden Het verbinden van jouw team met de brede organisatie en met externen Naast de rol van teamcoach draai je ook mee in de woning: Wat verwachten we van jou? Je bent in het bezit van een sociaal-agogisch bachelorsdiploma Je hebt minimaal 2 jaar dienstanciënniteit in de sector Wat kan jij van ons verwachten? J",fr,https://www.stepstone.be/offres-d-emploi--Vacature-teamcoach-op-Graandreef-1-en-2-9160-Lokeren-Belgie-Emiliani-VZW--2178229-inline.html,stepstone
2178250,Vertegenwoordiger West-Vlaanderen,Introductie,2025 Français,,,,"Pour les recruteurs Comparateur de salaire Mes Offres Se connecter Trouver un emploi Vertegenwoordiger West-Vlaanderen Climatrix Nv West-Vlaanderen, België Publiée: il y a 4 heures Vous serez l’un des 1er candidats Sauvegarder Vertegenwoordiger West-Vlaanderen Climatrix Nv Sauvegarder Introductie Ons team verwelkomt graag een geëngageerde climaat ter ondersteuning van de sales. Je collega’s houden zich het liefst bezig met het ontwerpen en installeren van innovatieve verwarmings- en koelsystemen. Jij daarentegen bent liever bezig met het uitbouwen en onderhouden van klantenrelaties, het liefst met HVAC-installateurs. Krijg je het warm bij de gedachte alleen al? Dan ben jij misschien de Sales Champ waar we bij Climatrix naar zoeken. Benieuwd hoe het is om bij Climatrix te werken? Sales Champ Kristof en Sales Driver Steven vertellen je er alles over. Wie is Climatrix? Duurzaam verwarmen en koelen dankzij innovatieve lagetemperatuursystemen voor vloeren, wanden en plafonds. Daar staan wij als comfort companions voor. Climatrix is een partner voor professionele installateurs met residentiële en niet-residentiële bouw- en renovatieprojecten die hun klanten maatgericht willen verder helpen en die voor elke mogelijke situatie een optimale oplossing willen bieden . Ontdek ons verhaalhttps://www.climatrix.be/ons-verhaal/op Werken als één van onze climaten Bij Climatrix worden collega’s maten. Climaten om precies te zijn. Mensen met expertise, die bezeten zijn door verwarmings- en koelingssystemen – of dit nog willen worden. Die meedenken, adviseren, helpen, stressbestendig en flexibel zijn. Professionals met een koel hoofd maar een warm hart. Climaten zijn fijne en warme collega’s. Die samen grote en kleine successen vieren, teambuildings organiseren, samen de kerstboom opzetten en het bouwverlof inzetten met avontuurlijke uitstappen. Collega’s die bijleren op de Climatrix Academy, hun kennis delen met elkaar én vooral ook zorg dragen voor elkaar. Stuk voor stuk gedreven com",fr,https://www.stepstone.be/offres-d-emploi--Vertegenwoordiger-West-Vlaanderen-West-Vlaanderen-Belgie-Climatrix-Nv--2178250-inline.html,stepstone
2178219,Wegenwachter - Brussel,Introductie,2025 Français,,,,"omschrijving Bedrijfsdetails Touring is een belangrijke speler in de wereld van de voortdurend evoluerende mobiliteit en dit zowel vandaag als morgen, in België of ver erbuiten. We informeren onze klanten en staan hen bij tijdens al hun verplaatsingen – ongeacht het vervoersmiddel – zodat hun mobiliteit een efficiënte maar vooral aangename ervaring is. We ontwikkelen toekomstgerichte multimodale bijstands-, service- & mobiliteitsoplossingen, steeds gericht op het menselijke aspect en innovatief karakter. Spreekt onze missie jou aan? Aarzel dan niet en maak deel uit van ons team als Wegenwachter voor de regio Brussel . Jouw verantwoordelijkheden Functie Verantwoordelijkheden als wegenwachter: Na ontvangst van de pechmelding via dispatching , rijd je naar de klant om deze zo snel mogelijk te helpen. Je lokaliseert op een snelle en efficiënte manier problemen, stelt een correcte diagnose, depanneert en je biedt technische en praktische oplossingen met als doel de mobiliteit van de klant te verzekeren. Afhankelijk van de aard van de panne - mechanisch, elektronisch of andere – herstel je het voertuig of zorg je voor een vervangwagen of een sleping rekening houdend met de algemene voorwaarden die van toepassing zijn. Eens alle gegevens van de pechverhelping zorgvuldig in de computer ingebracht, rijd je naar je volgende tussenkomst. Je klantvriendelijke aanpak zorgt voor betrouwbaarheid bij onze klanten; je commerciële gedrevenheid voor de rentabiliteit van onze wegendienst. Dankzij een vlotte communicatie tussen jou en de collega’s van dispatching en de bijstandscentrale bouw je mee aan de uitstekende reputatie van Touring. Profiel Onze ideale nieuwe collega wegenwachter of takelaar... Kan zich terugvinden in onze waarden : Menselijk, Betrouwbaar, Positief en Innovatief en leeft daar ook daadwerkelijk naar; Beschikt over een diploma automechanica, elektromechanica . Heb je een andere opleiding achter de rug, maar beschik je over de nodige ervaring? Dan ben je uiteraard ook welkom; Heeft reeds enkele jaren ervaring als automechanieker, wegenwachter, pechverhelper ...; Is in het bezit van minstens een rijbewijs B (C/CE is een plus) ; Heeft een goede kennis van of ervaring met auto-elektriciteit, automechanica & hybride wagens en is bereid om zich te verdiepen in nieuwe technologieën; Hebt een goede kennis van het Frans of Nederlands met kennis van de andere taal (Frans of Nederlands). Werkt snel, nauwkeurig en is commercieel maar vooral klantgericht ingesteld ; Hebt goede sociale vaardigheden, communiceert goed en houdt van klantenrelaties ; Kan omgaan met de gevraagde flexibilieit in deze job: bereid te werken in een shiftsysteen tussen 7u en 22u30 (maandag tot zaterdag). Ons aanbod Aanbod Waarom bij Touring werken? Touring biedt jou een boeiende functie aan met ruimte voor initiatief in een informele werksfeer. contract van bepaalde duur van 1 jaar (met optie vast indien positieve evaluatie), Een aantrekkelijk salaris aangevuld met diverse extralegale voordelen (groeps- en hospitalisatieverzekering,eco-cheques, premies,...). Je zal voor een succesvolle marktleider werken, die de nodige opleidingen en doorgroeimogelijkheden voorziet dankzij regelmatige coaching op de werkvloer. Touring 8 Critiques 1 Job Stepstone Qui sommes-nous Espace Presse Devenez partenaire Candidat Carrière chez Stepstone Conseils de carrière FAQ Recruteur Pourquoi Stepstone Actualités recrutement Publier une annonce Recrutement international: THE NETWORK Restons en contact Donnez-nous votre avis Apps Déclaration de confidentialité Conditions d'utilisation Contactez-nous Conditions générales de vente THE NETWORK The Stepstone Group GmbH © 2025 Français",fr,https://www.stepstone.be/offres-d-emploi--Wegenwachter-Brussel-Brussel-Belgie-Touring--2178219-inline.html,stepstone
2178246,Advertising Specialist,Introductie,Contract: Start Eind The Maffia 1 Job Stepstone Qui sommes-nous Espace Presse Devenez partenaire Candidat Carrière chez Stepstone Conseils de carrière FAQ Recruteur Pourquoi Stepstone Actualités recrutement Publier une annonce Recrutement international: THE NETWORK Restons en contact Donnez-nous votre avis Apps Déclaration de confidentialité Conditions d'utilisation Contactez-nous Conditions générales de vente THE NETWORK The Stepstone Group GmbH © 2025 Français,,,,"Pour les recruteurs Comparateur de salaire Mes Offres Se connecter Trouver un emploi Advertising Specialist The Maffia 3600 Genk, België Publiée: il y a 4 heures Vous serez l’un des 1er candidats Sauvegarder Advertising Specialist The Maffia Sauvegarder Introductie The Maffia en een agency zijn op zoek naar een Advertising Specialist. Je functie: We willlen groeien binnen het domein van SEA en hebben iemand nodig om daar de leiding in te nemen. Je kickt op lead generation. Je monitort, analyseert, rapporteert al jouw en onze inspanningen. Samen met ons marketing team neem je verantwoordelijkheid over onze marketingcocktail. Je haalt het maximum uit het budget om knappe realisaties te bereiken. Je profiel: Ervaring: Beschikbaarheid: Talen: Google mag misschien alles van jou weten, jij weet ook alles over Google. Ervaring als SEA-marketeer is onontbeerlijk. Ofwel heb je al uitgebreide kennis ofwel ben je ongelooflijk gemotiveerd om te tonen wat je nu op jonge(re) leeftijd al kan. Je kan gebruik maken van onze tools, maar zelf ga je natuurlijk ook op zoek naar wat beter kan binnen jouw en onze campagnes. Mocht je ervaring hebben met marketing automation tools zoals Sharpspring, Hubspot of andere, dan zou dat een onverwachte troef zijn! Zelfstandig werken schrikt je niet af, je bijt je namelijk graag vast in zaken en bent gefocust op oplossingen. Uiteraard blijft communicatie binnen het team essentieel. Hier durf je slimme vragen te stellen om samen tot het beste resultaat te komen. Ons aanbod Locatie: Contract: Start Eind The Maffia 1 Job Stepstone Qui sommes-nous Espace Presse Devenez partenaire Candidat Carrière chez Stepstone Conseils de carrière FAQ Recruteur Pourquoi Stepstone Actualités recrutement Publier une annonce Recrutement international: THE NETWORK Restons en contact Donnez-nous votre avis Apps Déclaration de confidentialité Conditions d'utilisation Contactez-nous Conditions générales de vente THE NETWORK The Stepstone Group GmbH © 2025 Français",fr,https://www.stepstone.be/offres-d-emploi--Advertising-Specialist-3600-Genk-Belgie-The-Maffia--2178246-inline.html,stepstone
2178215,BEGELEIDERS VOOR- EN/OF NASCHOOLSE OPVANG IN HAACHT,Introductie,3150 Haacht,,,,"Pour les recruteurs Comparateur de salaire Mes Offres Se connecter Trouver un emploi BEGELEIDERS VOOR- EN/OF NASCHOOLSE OPVANG IN HAACHT IGO 3150 Haacht, België Publiée: il y a 4 heures Vous serez l’un des 1er candidats Sauvegarder BEGELEIDERS VOOR- EN/OF NASCHOOLSE OPVANG IN HAACHT IGO Sauvegarder Introductie IGO is als één van de belangrijkste intergemeentelijke verenigingen van de referentieregio Oost-Brabant een betrouwbare partner voor de lokale besturen en hun inwoners, een sociale werkgever en een vitale kracht achter de socio-economische ontwikkeling van de streek. Ruim 230 medewerkers ontwikkelen en verlenen duurzame, maatschappelijk relevante en kwaliteitsvolle diensten. Werken bij IGO is kiezen voor een boeiende en waardevolle job waarin je het verschil kan maken voor mens en regio. Je komt terecht in een team dat is samengesteld op basis van competenties en talenten, ongeacht leeftijd, genderidentiteit, afkomst, levensbeschouwing of beperking. We zijn momenteel op zoek naar: deeltijds - met aanleg werfreserve Takenpakket Je begeleidt de voor- en/of naschoolse kinderopvang in Haacht. Je zorgt voor een veilige, aangename en kwaliteitsvolle opvang van kleuters en lagereschoolkinderen. Je animeert kinderen en bezorgt hen een leuke tijd. Indien nodig breng je structuur aan en los je conflicten op. Je voert administratieve opdrachten nauwkeurig uit. Jouw Profiel Je bent flexibel. Je bent bereid om voor- en/of naschools te werken. Je investeert in een goede en professionele samenwerking met je team. Je hebt verantwoordelijkheidszin en bent enthousiast. Geen aangepast diploma? Geen probleem, we geven iedereen een kans en voorzien opleidingen. Aanbod Wij bieden een verloning barema IFIC11 voor buitenschoolse kinderopvang. Bruto aanvangsloon voor een tewerkstelling van 38u/week: € 2835,18. IGO neemt tot 9 jaar relevante anciënniteit mee uit de privésector. Het brutoloon met erkenning van 9 jaar relevante anciënniteit bedraagt: €3261,38. Bovenstaande bedragen diene",fr,https://www.stepstone.be/offres-d-emploi--BEGELEIDERS-VOOR-EN-OF-NASCHOOLSE-OPVANG-IN-HAACHT-3150-Haacht-Belgie-IGO--2178215-inline.html,stepstone
2178184,Business Manager - Head of Division,Introductie,2025 Français,,,,"Pour les recruteurs Comparateur de salaire Mes Offres Se connecter Trouver un emploi Business Manager - Head of Division Headit bv WILLEBROEK Publiée: il y a 4 heures Vous serez l’un des 1er candidats Sauvegarder Business Manager - Head of Division Headit bv Sauvegarder Introductie Ben jij een sterke people manager met een strategische blik en commerciële feeling? Voor een internationale organisatie in de logistieke sector, regio Willebroek, zijn wij op zoek naar een ervaren manager die een afdeling van ca. 20 medewerkers leidt en verder uitbouwt. Je combineert leiderschap en visie met de drive om resultaten te boeken en teams mee te krijgen in een helder verhaal. Jouw rol Je geeft leiding aan een afdeling met meerdere teams en supervisors, samen goed voor ongeveer 20 medewerkers. Je stuurt de supervisors aan, ondersteunt hen in hun rol, en zorgt voor een duidelijke structuur en efficiënte samenwerking. Je vertaalt de strategische doelstellingen van de organisatie naar concrete plannen en rapportages. Je neemt een voortrekkersrol op in het verder ontwikkelen van de afdeling: je bouwt mee aan een sterker marktverhaal en zoekt actief naar verbeterkansen. Je bent verantwoordelijk voor de financiële resultaten van de afdeling (P&L) en werkt aan verdere groei en rendabiliteit. Je combineert people management met business development: je begrijpt de noden van klanten, denkt mee in oplossingen en speelt in op toekomstige trends. Wat breng je mee? Minstens 5 jaar leidinggevende ervaring, idealiter met teams van 10–20 medewerkers. Sterke skills in people management: je bent een inspirerende leider die draagvlak creëert, conflicten oplost en teams motiveert. Strategische denker die ook rapportages en cijfers kan vertalen naar duidelijke acties. Commerciële feeling: ervaring in een commerciële of klantgerichte rol is een grote plus. Talenkennis: vlot Nederlands en Engels. Frans is een troef. Bachelor- of gelijkwaardig denkniveau. Headit bv 11 Jobs Stepstone Qui sommes-nous Esp",fr,https://www.stepstone.be/offres-d-emploi--Business-Manager-Head-of-Division-WILLEBROEK-Headit-bv--2178184-inline.html,stepstone
2178234,Chauffeur ADR - Wondelgem,Jouw rol,9032 Gent,,,,"Pour les recruteurs Comparateur de salaire Mes Offres Se connecter Trouver un emploi Chauffeur ADR - Wondelgem Denys Wondelgem, 9032 Gent, België Publiée: il y a 4 heures Vous serez l’un des 1er candidats Sauvegarder Chauffeur ADR - Wondelgem Denys Sauvegarder Jouw rol Ga jij op baan naar onze werven? Wij zijn Denys, een toonaangevend internationaal bouwbedrijf, en wij zijn op zoek naar gemotiveerde chauffeurs voor de bediening van een dieseltankwagen . Ben jij graag op baan en steek je graag de handen uit de mouwen? Lees dan zeker verder! Wat ga je doen? Bevoorrading van werven: Efficiënt plannen: Uitdagende omstandigheden: Weer of geen weer: Jouw profiel Jouw profiel Wat verwachten we van jou? Je bent georganiseerd en kan makkelijk plannen lezen. Je hebt idealiter ervaring met 4x4 vrachtwagens . Je beschikt over een geldig rijbewijs C en een ADR-certificaat . Je bent niet bang voor fysiek werk en voelt je thuis in een werkomgeving waar elke dag anders is. Flexibiliteit: Je bent zelfstandig, betrouwbaar en weet hoe je prioriteiten moet stellen . Je spreekt Nederlands, Frans of Engels Je kan je vlot verplaatsen naar onze hoofdzetel te Wondelgem. Ons aanbod Bij Denys steken we de handen uit de mouwen en durven we dromen. Samen sterk op de werf en daarbuiten. Je blijft groeien. Of je nu net begint of al jaren meedraait: bij Denys krijg je kansen om bij te leren en door te groeien. We zorgen voor een degelijke opstart, opleiding op maat en doorgroeimogelijkheden. Hier krijg je kansen als je ze grijpt. En we zorgen voor jou. Klaar om mee te bouwen aan projecten waar je trots op kan zijn? Join the Do-Dreamers! Denys 3 Jobs Stepstone Qui sommes-nous Espace Presse Devenez partenaire Candidat Carrière chez Stepstone Conseils de carrière FAQ Recruteur Pourquoi Stepstone Actualités recrutement Publier une annonce Recrutement international: THE NETWORK Restons en contact Donnez-nous votre avis Apps Déclaration de confidentialité Conditions d'utilisation Contactez-nous Conditio",fr,https://www.stepstone.be/offres-d-emploi--Chauffeur-ADR-Wondelgem-Wondelgem-9032-Gent-Belgie-Denys--2178234-inline.html,stepstone
2178231,Consulent dienstencheques - westerlo/lier - tijdelijk,Introductie,2260 Westerlo,,,,"Pour les recruteurs Comparateur de salaire Mes Offres Se connecter Trouver un emploi Consulent dienstencheques - westerlo/lier - tijdelijk Helan Huishoudhulp Vzw 2260 Westerlo, België Publiée: il y a 4 heures Vous serez l’un des 1er candidats Sauvegarder Consulent dienstencheques - westerlo/lier - tijdelijk Helan Huishoudhulp Vzw Sauvegarder Introductie Helan Huishoudhulp biedt meer dan alleen poetshulp. Met 4200 huishoudhulpen en 25.000 klanten verspreid over heel Vlaanderen maken we dagelijks een verschil in het leven van mensen. In regio Westerlo/Lier krijg je als Consulent Dienstencheques de kans om die impact nog groter te maken. Samenbrengen van huishoudhulpen en klanten vormt de kern van jouw werk. Onze dynamische werkomgeving laat jouw talenten schitteren. Binnen een warme en open bedrijfscultuur krijg je de ruimte om te groeien, bij te leren en écht iets te betekenen voor anderen. Dit maakt je job zo waardevol \\\""Bij Helan zijn er zoveel doorgroeimogelijkheden,\\\"" zegt Matthias, Consulent bij Helan Huishoudhulp. \\\""Ik startte als klantenadviseur en werk nu als consulent. Jouw verantwoordelijkheden Het geeft me een kick als ik de perfecte match maak tussen een huishoudhulp en een klant, zeker als de persoonlijke klik er ook is. Wat deze job uniek maakt, is het contact met huishoudhulpen van diverse achtergronden, zoals Bulgaars, Roemeens en Afghaans. Het geeft zoveel voldoening om niet alleen klanten te helpen, maar ook huishoudhulpen aan werk te helpen.\\\"" Hier zet jij graag je tanden in Na een gedegen inwerkperiode draag je de verantwoordelijkheid voor een team van ongeveer 65 huishoudhulpen en hun klanten. Met jouw leiderschap en organisatietalent zorg je voor tevreden medewerkers én klanten. We zoeken een gemotieveerde collega. Motiveren en coachen: * Inspireer je team om topprestaties te leveren. * Geef gerichte feedback en ontwikkel hen via opleidingen. * Werk aan meer zelfstandigheid bij huishoudhulpen, zodat zij klanten goed ondersteunen. Plannin",fr,https://www.stepstone.be/offres-d-emploi--Consulent-dienstencheques-westerlo-lier-tijdelijk-2260-Westerlo-Belgie-Helan-Huishoudhulp-Vzw--2178231-inline.html,stepstone
2175133,Dossierbeheerder,Jouw verantwoordelijkheden,"Bree Jouw verantwoordelijkheden Wat houdt de functie in? In deze rol beheer je een gevarieerd klantenportfolio van a tot z. Je bent verantwoordelijk voor onder meer: De voorbereiding en indiening van btw-aangiftes, personen- en vennootschapsbelasting Het verwerken en controleren van boekhoudkundige documenten De opmaak van tussentijdse balansen en jaarafsluitingen Het digitaal bijhouden van dossiers en efficiënt gebruik van boekhoudsoftware Rechtstreeks contact met klanten bij vragen of opvolging Heb je ambitie om eindbesprekingen te voeren? Dan krijg je hier zeker de kans toe - maar het is geen must. Jouw profiel Wie zoeken we? We zijn op zoek naar iemand met: Een bachelor of master in accountancy en/of fiscaliteit Minstens 3 jaar ervaring in een boekhoud- of accountantskantoor Een gezonde dosis zelfstandigheid en collegialiteit Een nauwkeurige, gestructureerde werkhouding Kennis van Build to Box, Expert M, Exact Online en/of Silverfin is een pluspunt Je bent klantgericht, vlot in communicatie, en denkt proactief mee met ondernemers. Ons aanbod Wat mag jij verwachten? Een voltijdse functie in een stabiel en professioneel kantoor met een familiale sfeer Flexibele werktijden en mogelijkheid tot deels thuiswerken Overuren worden gerecupereerd - jouw work-life balans is belangrijk Parkeergelegenheid en vlot bereikbare locatie Ruimte om te groeien in je rol, met ondersteuning waar nodig Een team van zes collega's die graag samenwerken én plezier maken Ben jij toe aan een nieuwe uitdaging binnen een kleiner maar kwalitatief sterk kantoor waar je echt het verschil kan maken? Austin Bright Andere sectoren • 11-50 Employés 115 Jobs Page Entreprise Localisation Austin Bright 3960 Bree, België Afficher la carte Temps de trajet De: À: Via: En voiture Transports en commun À pied À vélo Calculer mon temps de trajet - - : - - Des offres d'emploi similaires Accountant | Inzet op automatisering Sander Antwerpen Hasselt il y a 5 jours dossierbeheerder | Focus op klantencontact Sander Antwerpen Leopoldsburg Télétravail possible il y a 5 jours Dossierbeheerder | Uitdagende dossiers, warme cultuur Sander Antwerpen Maaseik Télétravail possible il y a 5 jours Accountant AY Robert Half Genk il y a 5 jours Junior Dossierbeheerder Robert Half Hasselt Télétravail possible il y a 5 jours Medewerker Boekhouding Robert Walters Genk il y a 3 jours Dossierbeheerder A-Z Austin Bright Peer il y a 5 jours Dossierbeheerder | Groei mee in een dynamisch team Sander Antwerpen Oudsbergen Télétravail possible il y a 5 jours Accountant | Groei mee in een ambitieuze omgeving Sander Antwerpen Sint-Truiden Télétravail possible il y a 5 jours Dossierbeheerder gezocht… kantoorhond keurt sollicitanten goed! Austin Bright Zutendaal Télétravail possible il y a 5 jours Stepstone Qui sommes-nous Espace Presse Devenez partenaire Candidat Carrière chez Stepstone Conseils de carrière FAQ Recruteur Pourquoi Stepstone Actualités recrutement Publier une annonce Recrutement international: THE NETWORK Restons en contact Donnez-nous votre avis Apps Déclaration de confidentialité Conditions d'utilisation Contactez-nous Conditions générales de vente THE NETWORK The Stepstone Group GmbH © 2025 Français",,,,"Pour les recruteurs Comparateur de salaire Mes Offres Se connecter Trouver un emploi Dossierbeheerder Austin Bright Bree Contrat fixe à durée indéterminée Plein temps, Télétravail possible Publiée: il y a 7 heures Vous serez l’un des 1er candidats Sauvegarder Dossierbeheerder Austin Bright Sauvegarder Hou jij van structuur, cijfers én een gezellige werksfeer? Wil je méér zijn dan zomaar een schakel in een groot kantoor? Dan is deze job op jouw lijf geschreven! Voor een familiaal en modern accountancykantoor zoeken we een dossierbeheerder die energie krijgt van klantencontact, slimme fiscale oplossingen en een goed georganiseerd digitaal dossier. Hier ben je geen nummertje, maar een belangrijke schakel in een hecht team waar jouw expertise écht telt. Je komt terecht in een kantoor waar kwaliteit hand in hand gaat met collegialiteit, flexibiliteit en plezier in je werk. Locatie: Bree Jouw verantwoordelijkheden Wat houdt de functie in? In deze rol beheer je een gevarieerd klantenportfolio van a tot z. Je bent verantwoordelijk voor onder meer: De voorbereiding en indiening van btw-aangiftes, personen- en vennootschapsbelasting Het verwerken en controleren van boekhoudkundige documenten De opmaak van tussentijdse balansen en jaarafsluitingen Het digitaal bijhouden van dossiers en efficiënt gebruik van boekhoudsoftware Rechtstreeks contact met klanten bij vragen of opvolging Heb je ambitie om eindbesprekingen te voeren? Dan krijg je hier zeker de kans toe - maar het is geen must. Jouw profiel Wie zoeken we? We zijn op zoek naar iemand met: Een bachelor of master in accountancy en/of fiscaliteit Minstens 3 jaar ervaring in een boekhoud- of accountantskantoor Een gezonde dosis zelfstandigheid en collegialiteit Een nauwkeurige, gestructureerde werkhouding Kennis van Build to Box, Expert M, Exact Online en/of Silverfin is een pluspunt Je bent klantgericht, vlot in communicatie, en denkt proactief mee met ondernemers. Ons aanbod Wat mag jij verwachten? Een voltijdse functie in",fr,https://www.stepstone.be/offres-d-emploi--Dossierbeheerder-Bree-Austin-Bright--2175133-inline.html,stepstone
2178228,Ervaren Elektricien,Jouw verantwoordelijkheden,9032 Gent,,,,"Pour les recruteurs Comparateur de salaire Mes Offres Se connecter Trouver un emploi Ervaren Elektricien Denys Wondelgem, 9032 Gent, België Publiée: il y a 4 heures Vous serez l’un des 1er candidats Sauvegarder Ervaren Elektricien Denys Sauvegarder Jouw verantwoordelijkheden Jouw rol Als ervaren elektricien ben jij een onmisbare schakel in onze projecten. Je taken bestaan uit twee grote luiken: In onze werkplaats in Wondelgem houd je je bezig met het bouwen van schakelkasten en het oplossen van storingen in machines. Daarnaast voer je controles uit op sensoren en meetinstrumenten via testopstellingen. Je bent in staat om, zelfs bij onbekende machines, fouten te detecteren aan de hand van een schema. Op locatie ben je verantwoordelijk voor het plaatsen van werfkasten en het herstellen van elektrisch materiaal na defecten of schade. Je streeft er steeds naar om de snelste en beste oplossing te vinden voor eventuele storingen in machines. Jouw profiel Je beschikt over een A2 diploma en hebt minimum 10 jaar ervaring als elektricien in industriële en/of residentiële elektriciteit Je kan onderhoud en herstellingen uitvoeren aan elektrische installaties Je spreekt Nederlands; kennis van Frans en/of Engels is een pluspunt Je hebt een rijbewijs B Je bent betrouwbaar en kan zowel zelfstandig als in teamverband werken Fysieke arbeid, werken in putten en op hoogte schrikken je niet af Ons aanbod Bij Denys steken we de handen uit de mouwen en durven we dromen. Samen sterk op de werf en daarbuiten. Je blijft groeien. Of je nu net begint of al jaren meedraait: bij Denys krijg je kansen om bij te leren en door te groeien. We zorgen voor een degelijke opstart, opleiding op maat en doorgroeimogelijkheden. Hier krijg je kansen als je ze grijpt. En we zorgen voor jou. . Klaar om mee te bouwen aan projecten waar je trots op kan zijn? Join the Do-Dreamers! Denys 3 Jobs Stepstone Qui sommes-nous Espace Presse Devenez partenaire Candidat Carrière chez Stepstone Conseils de carrière FAQ Rec",fr,https://www.stepstone.be/offres-d-emploi--Ervaren-Elektricien-Wondelgem-9032-Gent-Belgie-Denys--2178228-inline.html,stepstone
2178221,Ervaren PLC Engineer,Introductie,2025 Français,,,,"Pour les recruteurs Comparateur de salaire Mes Offres Se connecter Trouver un emploi Ervaren PLC Engineer EQUANS Gent, België Publiée: il y a 4 heures Vous serez l’un des 1er candidats Sauvegarder Ervaren PLC Engineer EQUANS Sauvegarder Introductie Wat als je met jouw passie voor automatisatie boeiende projecten kon realiseren? Gezien onze groei zoeken we een PLC Engineer Industrial Automation . Jouw verantwoordelijkheden In deze rol ben je verantwoordelijk voor het realiseren van projecten bij één van onze klanten. Je bent verantwoordelijk voor het beheren en coördineren van automatiseringsprojecten van ontwerp tot oplevering. Je bent actief binnen Process Solutions, dit is binnen Equans het toonaangevende departement voor industriële automatisering. Jouw werklocatie Wat ga je doen? bestuderen van een bestaande situatie en tot een correcte functionele analyse komen instaan voor het technische detailontwerp en de softwareontwikkeling van projecten instaan voor het testen van de software, de indienstname van de systemen en verzorgen van de stand-by instaan voor een adequate documentatie van de projecten (pro)actief meedenken over de standaardisatie van de processen bijstand en advies leveren aan klanten na de oplevering van de installatie Wat breng je mee? je hebt een hoger technisch diploma op zak met min. 3 jaar ervaring in industriële automatisatie ervaring in de Automotive is een plus je hebt kennis van elektromechanica en een passie voor automatisatie je hebt goede kennis van PLC Siemens S7 300, 400, 1500, TIa Portal je hebt goede kennis van HMI: SCADA, Siemens WinCC persoonlijke drive en zelfstandig ondernemerschap zijn typerend voor jou je bent een teamspeler met sterke communicatieve vaardigheden je bent in het bezit van een rijbewijs B Ons aanbod Zin om mee te werken aan de multitechnische uitdagingen van morgen? Bij Equans vind je een boeiende carrière in een stabiel en financieel gezond bedrijf. Je werkt aan uitdagende, gevarieerde projecten en helpt onze ",fr,https://www.stepstone.be/offres-d-emploi--Ervaren-PLC-Engineer-Gent-Belgie-EQUANS--2178221-inline.html,stepstone
2173531,Facility Coordinator (réserve de recrutement),Vos responsabilités,1000 Brussels,,,,"Pour les recruteurs Comparateur de salaire Mes Offres Se connecter Trouver un emploi Facility Coordinator (réserve de recrutement) Sodexo België Bruxelles Contrat fixe à durée indéterminée Plein temps Publiée: il y a 40 minutes Vous serez l’un des 1er candidats Sauvegarder Facility Coordinator (réserve de recrutement) Sodexo België Sauvegarder Tout commence au quotidien ! En tant que leader du marché belge des services de restauration et des services facilitaires, nous contribuons à un avenir durable, à un impact positif sur l'environnement et à un environnement de travail sûr pour tous nos collaborateurs grâce à nos valeurs fondamentales que sont l'esprit d'équipe, l'esprit de service et l'esprit de progrès. Vos responsabilités Assurez un environnement de travail où tout fonctionne parfaitement. Êtes-vous un talent organisationnel avec un œil pour la qualité et le service ? Alors ce poste est fait pour vous ! En tant que Facility Coordinator, vous jouez un rôle clé dans la gestion quotidienne de nos services facilitaires et contribuez à un lieu de travail agréable, sûr et bien organisé. Facility Requests : Vous soutenez le FM Manager et traitez les demandes liées aux facilities avec soin et efficacité. Vous assurez un suivi qualitatif et un service fluide. Équipe : Vous dirigez l’équipe Cleaning. Vous les motivez et les coachez pour offrir ensemble un service de qualité. Vous êtes également un véritable teamplayer pour vos collègues directs. Rapportage & Gestion : Vous êtes responsable de l’administration quotidienne : planning, facturation, commandes. Vous travaillez aisément avec les outils informatiques et gardez une vue d’ensemble claire. Sécurité avant tout : Vous adoptez une zero risk mindset et ne prenez aucun risque en matière de sécurité — ni pour vous-même, ni pour vos collègues. Votre profil Vous êtes titulaire d’un diplôme de bachelier ou équivalent grâce à une expérience pertinente dans une fonction similaire. Vous êtes bilingue français-néerlandais. G",fr,https://www.stepstone.be/offres-d-emploi--Facility-Coordinator-reserve-de-recrutement-Brussels-Sodexo-Belgie--2173531-inline.html,stepstone
2178248,Inside Sales Engineer,Introductie,2025 Français,,,,"Pour les recruteurs Comparateur de salaire Mes Offres Se connecter Trouver un emploi Inside Sales Engineer TURCK MULTIPROX N.V. Aalst, België Publiée: il y a 4 heures Vous serez l’un des 1er candidats Sauvegarder Inside Sales Engineer TURCK MULTIPROX N.V. Sauvegarder Introductie Ben jij technisch ingesteld en hou je ervan om klanten te helpen? Dan hebben wij goed nieuws voor jou! Bij Turck Multiprox zijn we namelijk op zoek naar een nieuwe medewerker die onze technische commerciële binnendienst kan versterken. Ik ben geïnteresseerd! Enkele taken die je te wachten staan: Je informeert de klanten over onze producten en applicaties. Je beantwoordt hun vragen over onze producten en prijzen. Je stelt offertes op met de producten die deel uitmaken van onze “core business”. Je geeft onze klanten professioneel advies. Je onderhoudt nauwe contacten met onze Duitse moederfirma en andere leveranciers. Bovendien maak je deel uit van een hechte ploeg en rapporteer je jouw resultaten aan de Internal Sales Verantwoordelijke. Dit verwachten wij van jou: Je bent in het bezit van een diploma Hoger Technisch Onderwijs en gespecialiseerd in elektriciteit, elektronica of elektromechanica. Je bent resultaat- en taakgericht en toont initiatief. Je bent Nederlandstalig, met een voldoende kennis van het Frans, en spreekt een aardig mondje Engels en/of Duits. Je bent organisatorisch ingesteld en bovendien een echte teamplayer. Je woont binnen een straal van ongeveer 30 km van onze vestiging in Aalst. Kennis van industriële automatisatie is een pluspunt. Dit mag je van ons verwachten: AalstFull time Een competitief en marktconform salaris, aangevuld met extralegale voordelen. Grote afwisseling en variatie binnen je job. Een enthousiast jong en ervaren team. Opleidingen in de wereld van de industriële automatisering. Jouw toekomstige collega’s aan het woord! Bij het zoeken naar een nieuwe job is het belangrijk om te weten hoe het er écht aan toe gaat op de werkvloer. Jelle vertelt je graag ove",fr,https://www.stepstone.be/offres-d-emploi--Inside-Sales-Engineer-Aalst-Belgie-TURCK-MULTIPROX-N-V--2178248-inline.html,stepstone
2178182,Junior Embedded Software Engineer - Machine Learning,Introduction,2022 the U,,,,"job description sketches the context in which you will work, rather than listing preconditions for the job. In our health solutions team at NXP Leuven we want to capture the strong market growth in IC's for hearing, hearables, wearables and personal health monitoring applications. To that end, we offer challenging opportunities for young SW engineers that want to dive into a deep understanding of DSP architectures and neural network topologies that are used for machine learning operations in applications with low power constraints ('on the edge'). You will be given the chance to learn and contribute to an end-to-end ML deployment flow: from floating-point training to quantized, edge-ready inference. Creating Secure Connections and Infrastructure for a Smarter World NXP Semiconductors N.V. (NASDAQ: NXPI) makes products and environments safer, more sustainable, and more secure with innovative connectivity and edge processing solutions for a smarter world. We are in the business of better. Not just better technologies, but better innovations to improve society. As the world leader in secure connectivity and processing solutions for embedded applications, NXP is solving the world’s most complex technology challenges to accelerate business innovation, enhance how we work, and advance how we live. Ready to create a smarter world? Visit our career website and follow us on social: LinkedIn, Facebook, and Twitter. To learn more about NXP in Belgium, click here or visit our showroom here Our office: NXP Belgium is located in Leuven and consists of around 120 employees focused on advancing technology through innovative R&D solutions for IoT, Healthcare, Cryptography and Audio innovation. And more: Life at NXP is more than work alone. Join one of the many social activities that are organized by and for employees in Belgium. We collaborate with universities in Belgium offering students real-world experience through internships and providing Master’s students with thesis assistance. We participate in annual job fairs and hire graduates from our Belgian universities. In 2020, the European Commission declared Leuven to be the European Capital of Innovation and NXP is proud to be a part of this environment of invention. We are a member of Leuven MindGate , a cooperation between the government, local companies and knowledge institutions focused on elevating Leuven as a top destination in health, high-tech and creativity. Finally, we are also very proud, in 2022 the U.S. Government’s National Institute of Standards and Technology (NIST) selects specialized NXP co-authored Crystals-Kyber algorithm for post-quantum cryptography standard development. To learn more about this, click here Job Description The SW DSP Engineer / Architect designs, codes, develops and debugs DSP algorithms on a variety of platforms, processors and assembly language programs. Develops and executes system software algorithm performance. Analyzes and determines system software test standards and procedures. This is a specialty position that is often found outside the semiconductor industry. Expectations: It is an asset when you are already familiar with : C and Python programming SW engineering processes Embedded FW development Design and implementation of (audio) DSP algorithms the use of Machine learning toolchains You are a Master in Electronic Engineering (micro-/nano-electronics). Excellent communication skills, in English. Ability to work in a team as well as independently. You will be working in Leuven and in cooperation with NXP colleagues from remote locations. We offer What can you expect? Contract: This is a full-time position with a permanent contract. Benefits: Besides a competitive salary, we offer great benefits. A bonus plan, an excellent pension plan, a work from home policy. Development opportunities: We believe that a key component to growing our business is to develop our people. To enable you to grow your career at NXP, we provide you with a mix of lear",fr,https://www.stepstone.be/offres-d-emploi--Junior-Embedded-Software-Engineer-Machine-Learning-Leuven-NXP-Semiconductors-Netherlands-B-V--2178182-inline.html,stepstone
2178194,Kassabediende,Introductie,2025 Français,,,,"Pour les recruteurs Comparateur de salaire Mes Offres Se connecter Trouver un emploi Kassabediende I-Tek Hasselt NV Hasselt Publiée: il y a 4 heures Vous serez l’un des 1er candidats Sauvegarder Kassabediende I-Tek Hasselt NV Sauvegarder Introductie ITEK is de specialist in fiets-, fitness-, tuin- en allerhande andere sport-, hobby- en vrijetijdsartikelen. Onze vestigingen zijn gelegen in zowel Nederland als Belgie. Met een alsmaar uitbreidend winkelnetwerk is ITEK een bloeiende en groeiende onderneming met vele kansen voor zij die de uitdaging aangaan ! Voor ons filiaal te Hasselt zijn we dringend op zoek naar een accurate en klantvriendelijke Kassabediende Uw taken: U staat in voor een vlotte en correcte betaling van de producten. U kan vlot alle mogelijke kassaverrichtingen uitvoeren. U bent klantvriendelijk en helpt de klant indien nodig. U bent verantwoordelijk, samen met de filiaalhouder, voor de dagelijkse afsluiting van de kassa en het correct doorsturen van de nodige gegevens naar het hoofdkantoor. Jouw profiel U kan zelfstandig werken en bent stressbestendig. U bent klantvriendelijk en kan probleemoplossend denken. U bent leergiering en kan vlot overweg met een computerkassa. U bent bereid tot weekendwerk Geen ervaring verreist, motivatie en doorzettingsvermogen des te meer ! I-Tek Hasselt NV 5 Jobs Stepstone Qui sommes-nous Espace Presse Devenez partenaire Candidat Carrière chez Stepstone Conseils de carrière FAQ Recruteur Pourquoi Stepstone Actualités recrutement Publier une annonce Recrutement international: THE NETWORK Restons en contact Donnez-nous votre avis Apps Déclaration de confidentialité Conditions d'utilisation Contactez-nous Conditions générales de vente THE NETWORK The Stepstone Group GmbH © 2025 Français",fr,https://www.stepstone.be/offres-d-emploi--Kassabediende-Hasselt-I-Tek-Hasselt-NV--2178194-inline.html,stepstone
2178216,Laatavond zorgkundige in jouw regio binnen Vlaams-Brabant,Introductie,2835 en,,,,"Pour les recruteurs Comparateur de salaire Mes Offres Se connecter Trouver un emploi Laatavond zorgkundige in jouw regio binnen Vlaams-Brabant Wit-Gele Kruis Vlaams Brabant Vlaams-Brabant, België Publiée: il y a 4 heures Vous serez l’un des 1er candidats Sauvegarder Laatavond zorgkundige in jouw regio binnen Vlaams-Brabant Wit-Gele Kruis Vlaams Brabant Sauvegarder Introductie Beschrijving FUNCTIE Ben jij een zorgzame en dynamische zorgverlener met een hart voor thuiszorg? Word deel van ons team bij Wit-Gele Kruis Vlaams-Brabant, waar je écht het verschil maakt in het leven van onze patiënten! Over ons: Als zorgkundige in de thuisverpleging: Als laatavond zorgkundige zorg jij er immers voor dat onze patiënten later op de dag zorg kunnen krijgen waardoor zij langer van hun dag kunnen genieten, en later kunnen gaan slapen. Verleen je zorg: Bouw je een band op: Werk je samen: PROFIEL Je heb een diploma als zorgkundige ; Je bent reeds in het bezit van het attest om de 5 extra verpleegkundige handelingen uit te mogen voeren; Je komt in aanmerking voor de subsidies omtrent ‘mobiele equipe’. Elke verpleegkundige die opstart binnen het Wit-Gele Kruis Vlaams-Brabant, komt hiervoor in aanmerking. Je bent een dynamische persoon die zelfstandig kan werken, maar ook in team; Je bent diplomatisch, kan je goed inleven en hebt de nodige verantwoordelijkheidszin; laatavond-rondes van 19u30 tem 23u30. WIJ BIEDEN Wens je meer uren te werken per week? Je kan tot 32 uur per week werken (afhankelijk van de mogelijkheden binnen de afdeling) indien je ook namiddagrondes werkt van 12u tem 16u. Je kan ook werken op feestdagen en 1 weekend per 2 ; rijbewijs B. Een contract onbepaalde duur ; Je werkt in de regio van je woonplaats binnen Vlaams-Brabant, in een deeltijds contract (20u, 24u, 28u afhankelijk van de mogelijkheden in de afdeling). Hiernaast kan zelfroosteren . Autonoom werk waarbij je zeker ondersteuning mag verwachten van je team en afdeling; Je komt terecht in een stabiele organisa",fr,https://www.stepstone.be/offres-d-emploi--Laatavond-zorgkundige-in-jouw-regio-binnen-Vlaams-Brabant-Vlaams-Brabant-Belgie-Wit-Gele-Kruis-Vlaams-Brabant--2178216-inline.html,stepstone
2178197,Logistiek Process Administrator,Over het bedrijf:,2025 Français,,,,"Pour les recruteurs Comparateur de salaire Mes Offres Se connecter Trouver un emploi Logistiek Process Administrator Headit bv WILLEBROEK Publiée: il y a 4 heures Vous serez l’un des 1er candidats Sauvegarder Logistiek Process Administrator Headit bv Sauvegarder Over het bedrijf: Headit is op zoek naar een gemotiveerde Logistiek Process Administrator! Voor een internationale speler met Belgische origine in de petrochemische sector (regio Antwerpen), zijn wij op zoek naar een enthousiaste professional die het verschil wil maken in klantgerichte processen. Je komt terecht bij een toonaangevend bedrijf met een stevige verankering in België en een internationale scope. Vanuit het hoofdkantoor in de regio Antwerpen werk je mee aan duurzame en efficiënte oplossingen binnen de Franse markt. Verantwoordelijkheden als Logistiek Process Administrator: Als Customer Service & Supply Coordinator ben jij het kloppend hart van de order-to-cash processen. Je fungeert als schakel tussen klanten, sales, logistiek en supply chain, met een focus op service, precisie en klanttevredenheid. Concreet betekent dat: Je beheert het volledige orderproces van A tot Z voor klanten in Frankrijk; Je staat dagelijks in contact met klanten en bent hun eerste aanspreekpunt; Je coördineert transporten, stelt verzenddocumenten op en volgt leveringen nauwgezet op; Je werkt actief mee aan het opzetten en onboarden van nieuwe klanten;; Je bewaakt de voorraadniveaus in samenwerking met Supply Chain; Je volgt forecasts op, analyseert orderdata en speelt accuraat in op afwijkingen; Je adviseert klanten over importregels, douaneformaliteiten, transportmiddelen en zendingseisen. Wat we verwachten van de Logistiek Process Administrator: Een bachelor of relevante ervaring in customer service, sales support of logistieke administratie; Je bent klantgericht, oplossingsgericht en je weet makkelijk te schakelen tussen verschillende taken; Je communiceert vlot en bouwt sterke relaties uit met zowel interne als extern",fr,https://www.stepstone.be/offres-d-emploi--Logistiek-Process-Administrator-WILLEBROEK-Headit-bv--2178197-inline.html,stepstone
2173861,Maintenance Manager,Vos responsabilités,2000 Antwerp,,,,"Pour les recruteurs Comparateur de salaire Mes Offres Se connecter Trouver un emploi Maintenance Manager CORECRUITMENT LIMITED Antwerp Contrat fixe à durée indéterminée Plein temps Publiée: il y a 3 heures Vous serez l’un des 1er candidats Sauvegarder Maintenance Manager CORECRUITMENT LIMITED Sauvegarder My client is looking for a Technical Service Employee to join their team in Antwerp. If you love hotels, like to be kept busy and love that not one is the same then this role is for you. Vos responsabilités - Perform preventive maintenance, resolve technical issues, and keep technical documentation up to date to ensure smooth operations and guest comfort. - Collaborate with the Head of Technical Services and other departments to resolve malfunctions, improve processes, and maintain safety and cleanliness standards. - Proactively suggest innovations and contribute to procedures, work instructions, and initiatives to continuously enhance technical standards and guest experience. Votre profil - Proactive, guest-oriented professional with strong focus on order, safety, and quality, able to stay calm and deliver solutions under pressure. - Broad technical expertise across electricity, HVAC, control systems, mechanics, plumbing, and painting, with eagerness to keep learning and developing skills. - Flexible team player with strong communication skills (fluent in English, good Dutch), willing to prioritize tasks, tackle issues immediately, and participate in on-call duty. Notre offre My client is seeking a Technical Service Employee to join their team in Antwerp. This role involves performing preventive maintenance, resolving technical issues, and keeping documentation up to date to ensure smooth operations and guest comfort. You will collaborate closely with the Head of Technical Services, respond to guest complaints, maintain safety standards, and proactively suggest improvements with a focus on innovation and sustainability. This is a hands-on, varied position ideal for",fr,https://www.stepstone.be/offres-d-emploi--Maintenance-Manager-Antwerp-CORECRUITMENT-LIMITED--2173861-inline.html,stepstone
2178186,Mechanical designer,Jouw verantwoordelijkheden:,2025 Français,,,,"Pour les recruteurs Comparateur de salaire Mes Offres Se connecter Trouver un emploi Mechanical designer P.V.S. NV HASSELT Publiée: il y a 4 heures Vous serez l’un des 1er candidats Sauvegarder Mechanical designer P.V.S. NV Sauvegarder Jouw verantwoordelijkheden: Als Mechanical Designer ben je verantwoordelijk voor het ontwerp en de uitvoering van nieuwe producten van concept tot productie. - Je bent verantwoordelijk voor het volledige ontwikkelingsproces: van het eerste artistieke concept tot het uitgewerkte technisch product. - Je vertaalt creatieve ideeën naar functionele en technisch haalbare ontwerpen. - Je creëert productontwerpen, gaande van initiële (theoretische) concepttekeningen, tot definitieve producten en gedetailleerde productklare ontwerpen. - Je creëert beelden en animaties (2D en 3D) voor zowel commerciële als communicatieve doeleinden. - Je doet de uitwerking van 3D-modellen, technische tekeningen en prototypes voor audiovisuele systemen en toebehoren (o.a. luidsprekers, montagesystemen, behuizingen van versterkers, matrixsystemen, connectoren etc.). - Je staat in voor het opzetten en opvolgen van het Design for Manufacturing (DFM)-proces in nauwe samenwerking met fabrikanten, met oog voor efficiëntie, kosteneffectiviteit en produceerbaarheid. - Je toets jouw ontwerpen op vlak van mechanische betrouwbaarheid, duurzaamheid en gebruiksvriendelijkheid. - Je bedenkt en integreert innovatieve oplossingen om producten zowel esthetisch aantrekkelijk als technisch hoogstaand te maken. - Je schrijft van productdocumentatie voor zowel technische als commerciële doeleinden. - Je staat in voor het opvolgen van de gehele productcreatiecyclus ook met externe stakeholders (samples, prototypes, testing etc.). - Je ondersteunt het product management. - Je hebt een communicerende rol tussen de product- en de marketingafdeling om zo een vloeiende doorstroom van informatie te bekomen. - Je werkt mee aan markt- en concurrentie analyses om zo voeling en inzicht in de m",fr,https://www.stepstone.be/offres-d-emploi--Mechanical-designer-HASSELT-P-V-S-NV--2178186-inline.html,stepstone
2178237,Pijpfitter - regio Antwerpen,Introductie,2040 Antwerpen,,,,"Pour les recruteurs Comparateur de salaire Mes Offres Se connecter Trouver un emploi Pijpfitter - regio Antwerpen Spie Belgium Antwerpen, België Publiée: il y a 4 heures Vous serez l’un des 1er candidats Sauvegarder Pijpfitter - regio Antwerpen Spie Belgium Sauvegarder Introductie WIE is spie Belgium ? SPIE Belgium helpt haar klanten enerzijds bij het ontwerp en de bouw van hun technische uitrusting en anderzijds bij de exploitatie en het onderhoud van hun installaties. SPIE vind je op de meest uiteenlopende en uitdagende industriele werven over heel België. Ook onze Industry Services horen in dat rijtje. Daar zitten ook heel wat industriële pijpleidingsystemen in jouw regio tussen. Waarom SPIEcialist worden ? Via energiezuinige en milieuvriendelijke installaties maken onze de wereld elke dag een beetje groener.Duurzaamheid is onze SPIEcialiteitSPIEcialisten Zin om aan de slag te gaan in een groot bedrijf dat aanvoelt als een familie? Wij zijn gespecialiseerd in sfeer maken.SPIEcialisten in gezelligheid Hoe je een kan herkennen? Aan zijn brede glimlach, natuurlijk!Gelukkige SPIEcialisten, voor minder gaan we nietSPIEcialist Wens jij ook aan uitdagende projecten te in een gezellige sfeer ? Word !werkendanSPIEcialist HOe SPIEcialist worden ? Jouw verantwoordelijkheden Jouw SPIEcialisatie als Pijpfitter - regio Antwerpen Als Pijpfitter bij SPIE ben je verantwoordelijk voor de prefabricatie van industriële pijpleidingsystemen op basis van technische plannen en isometrische tekeningen. Een job vol afwisseling en toffe collega’s bij een 14-voudig Top Employer. Waar zal jij in uitblinken? Uitvoeren van opmetingen en de nodige berekeningen om nauwkeurige leidingsystemen op te bouwen Plooien, slijpen en aan elkaar zetten van buizen Inbouwen van buisleidingen en apparaten in de installatie WAT MAAKT JOU ZO SPIEcialist ? Als pijpfitter kan je goed met alle mensen om, planlezen, materiaalkennis en nauwkeurig werken zijn je troeven. Zelfs als er wat druk bij komt kijken. ● Je he",fr,https://www.stepstone.be/offres-d-emploi--Pijpfitter-regio-Antwerpen-Antwerpen-Belgie-Spie-Belgium--2178237-inline.html,stepstone
2178251,Polyvalente productiemedewerker,Functieomschrijving:,8020 Oostkamp,,,,"omschrijving: Voor onze vestiging in Oostkamp zijn we op zoek naar een enthousiaste : Polyvalente productiemedewerker Ben je gebeten door mode en textiel? Op zoek naar een nieuwe uitdaging ? Sta je te popelen om deel uit te maken van een enthousiast team? Als je bij het lezen van deze drie vragen volmondig ‘YES’ zegt, dan ben jij de persoon waar wij naar op zoek zijn! Jouw verantwoordelijkheden Als polyvalente productiemedewerker ondersteun je de afdeling personalisatie van modetextiel. Je personaliseert kleding met een volautomatische hittepers en zorgt mee voor een kwaliteitsvol eindresultaat. Wat word er van jou verwacht? · Je hebt oog voor detail. · Je werkt nauwkeurig en met zin voor verantwoordelijkheid. · Je hebt goesting om de handen uit de mouwen te steken. Wat bieden wij jou aan?: · Afwisselend werk: een gevarieerd takenpakket en ruimte om initiatief te nemen. · Aangename werksfeer: werken in een familiaal bedrijf met een collegiale cultuur. · Dichtbij huis: filevrij werken in je eigen regio, vlakbij de E40. · Opleiding en ontwikkeling: kansen om jezelf verder te specialiseren via opleidingen en trainingen. · Aantrekkelijke voorwaarden: een marktconform loon volgens ervaring, aangevuld met extra voordelen. · Werkregime: 38,5u per week in een vast uurrooster, met 6 extra verlofdagen per jaar. Alfa Shirt BVBA 1 Job Stepstone Qui sommes-nous Espace Presse Devenez partenaire Candidat Carrière chez Stepstone Conseils de carrière FAQ Recruteur Pourquoi Stepstone Actualités recrutement Publier une annonce Recrutement international: THE NETWORK Restons en contact Donnez-nous votre avis Apps Déclaration de confidentialité Conditions d'utilisation Contactez-nous Conditions générales de vente THE NETWORK The Stepstone Group GmbH © 2025 Français",fr,https://www.stepstone.be/offres-d-emploi--Polyvalente-productiemedewerker-8020-Oostkamp-Belgie-Alfa-Shirt-BVBA--2178251-inline.html,stepstone
2178188,Sales Purchase Specialist,Introductie,2025 Français,,,,"Pour les recruteurs Comparateur de salaire Mes Offres Se connecter Trouver un emploi Sales Purchase Specialist Headit bv ANTWERPEN Publiée: il y a 4 heures Vous serez l’un des 1er candidats Sauvegarder Sales Purchase Specialist Headit bv Sauvegarder Introductie Ben je analytisch ingesteld en werk je graag met sales data? Houd je van commerciële contacten (met leveranciers en klanten) en heb je interesse in Supply Chain? Wij zijn op zoek naar een Sales Purchase Specialist voor een snelgroeiende organisatie die zich richt op internationale distributie en supply chain van grondstoffen voor Pharma, Food, etc. Een veelzijdige functie voor een teamgerichte kandidaat die houdt van uitdaging en een omgeving in volle ontwikkeling. Wat ga je doen? Het end-to-end doorlopen van de logistieke cyclus: van aankoop van grondstoffen tot sales order management. Opbouwen van goede relaties met suppliers wereldwijd. Aanspreekpunt voor toegewezen klanten binnen Europa. Organisatie en beheer van volledig proces, incl. prijscalculaties, opstellen van offertes en ontvangst van orders. Je bepaalt de marges op verkoop rekening houdende met prijsfluctuaties, transportkosten, import rates, ... die variëren naargelang land van herkomst, product, etc. Om een goede order flow te garanderen, werk je nauw samen met het logistieke team en expeditie partner. Nauwe samenwerking met de Sales Managers, voorbereiding van Sales Meetings (rapportering, forecasting, etc.) Stock management: monitoring en analyse van stocklevels. Deelname aan verbeteringsinitiatieven en ad hoc projecten. Wat verwachten we van jou? Minimaal 2 jaar relevante ervaring in een analytische/cijfermatige rol, idealiter met contacten met stakeholders; Je hebt een hoger diploma, bij voorkeur in Economie of Logistiek (Supply Chain, Internationale Handel, enz.); Je bent commercieel ingesteld en werkt graag met cijfers; Je beschikt over goede communicatieve vaardigheden in het Nederlands en Engels, Frans is een pluspunt; Je houdt van uitd",fr,https://www.stepstone.be/offres-d-emploi--Sales-Purchase-Specialist-ANTWERPEN-Headit-bv--2178188-inline.html,stepstone
2175132,Project (Contract) Manager (industrial Electricity),Bekijk alle vacatures van VINCI Energies Belgium.,2660 Antwerp,,,,"Pour les recruteurs Comparateur de salaire Mes Offres Se connecter Trouver un emploi Project (Contract) Manager (industrial Electricity) Actemium Antwerp Contrat fixe à durée indéterminée Plein temps Publiée: il y a 7 heures Vous serez l’un des 1er candidats Sauvegarder Project (Contract) Manager (industrial Electricity) Actemium Sauvegarder Actemium België geeft advies over, ontwerpt, realiseert en ondersteunt industriële processen. We bieden ook service en opleidingen. Onze activiteiten: elektriciteit & instrumentatie, IT/ICT, automatisering en mechanics & piping. Het is onze missie om klanten te helpen met het verbeteren van hun concurrentievoordeel en industriële prestaties. Vandaag telt Actemium Belgium 900 medewerkers, verspreid over 8 vestigingen in België, 1 in China en 1 in Frankrijk. Actemium is een merk van VINCI Energies. Bekijk alle vacatures van VINCI Energies Belgium. Als Contract Manager bij Actemium sta je centraal in het beheren en uitbreiden van onze klantenportefeuille binnen de industriële sector. Je bouwt proactief aan duurzame relaties met bestaande en nieuwe klanten, en bent hun eerste aanspreekpunt gedurende het volledige traject. Dankzij jouw commerciële inzicht spoor je continu opportuniteiten op en weet je deze strategisch te vertalen naar concrete projecten. Een belangrijk aspect van jouw rol is het opvolgen, beheren en onderhandelen van raamcontracten. Je bent verantwoordelijk voor het ondersteunen van het volledige contractmanagementproces: van initiële besprekingen en het opzetten van contracten tot het monitoren van de uitvoering en het waarborgen van naleving van afspraken. Je onderhandelt met klanten over voorwaarden, prijzen en prestaties, en zorgt voor een optimale balans tussen klanttevredenheid en bedrijfsmatige doelstellingen. Samen met interne teams bewaak je de veiligheid en voortgang van projecten, stuur je bij waar nodig en rapporteer je periodiek aan het management. Je financiële expertise stelt je in staat om kosten en o",fr,https://www.stepstone.be/offres-d-emploi--Project-Contract-Manager-industrial-Electricity-Antwerp-Actemium--2175132-inline.html,stepstone
2176498,Senior Technical Service Engineer - EMEA,Vos responsabilités,"This will be a remote based position requiring visitation to the Dover Fueling Solutions (DFS) Turnhout, Belgium Office at least 1x times per month for 1-3 days! Candidates can be remotely based either in Belgium, UK, Germany or Sweden. Notre offre Excellent salary & benefits Flexible working conditions Join a global pioneering organisation in its field Good learning & development prospects as well as further career opportunities Intéressé.e? Dover Fueling Solutions 1 Job Des offres d'emploi similaires Recruiter Turnhout Intelect HQ Turnhout il y a 2 jours Atelierverantwoordelijke Turnhout HUDSON Turnhout il y a 3 jours Walsmachinist Stadsbader NV Regio Turnhout - Beerse - Vosselaar - Rijkevorsel’ il y a 6 jours Accountant HAYS Turnhout Télétravail possible il y a 4 jours Senior Sales Controller Dixon Finance Turnhout Télétravail possible Candidature facile il y a 3 jours Ervaren Accountant ARBALETT SRL Turnhout il y a 4 jours Verpleegkundige - Hof ter Dennen - Vosselaar Armonea NV Vosselaar il y a 5 jours R&D Manager - Regio Kempen - Metaalindustrie Michael Page Turnhout il y a 23 heures NOUVEAU Junior verzekeringsmedewerker Intelect Turnhout Tielen il y a 1 jour Jurist vennootschapsrecht Austin Bright Turnhout il y a 3 jours Stepstone Qui sommes-nous Espace Presse Devenez partenaire Candidat Carrière chez Stepstone Conseils de carrière FAQ Recruteur Pourquoi Stepstone Actualités recrutement Publier une annonce Recrutement international: THE NETWORK Restons en contact Donnez-nous votre avis Apps Déclaration de confidentialité Conditions d'utilisation Contactez-nous Conditions générales de vente THE NETWORK The Stepstone Group GmbH © 2025 Français",,,,"Pour les recruteurs Comparateur de salaire Mes Offres Se connecter Trouver un emploi Senior Technical Service Engineer - EMEA Dover Fueling Solutions Turnhout Contrat fixe à durée indéterminée Plein temps Publiée: il y a 41 minutes Vous serez l’un des 1er candidats Sauvegarder Senior Technical Service Engineer - EMEA Dover Fueling Solutions Sauvegarder At Dover Fueling Solutions (DFS), we are taking fueling and convenience retail to the next level. We are passionate about cultivating excellence in everything we do, but what really fuels us is our people. They’re the heart of our company. As an employee, our promise to you is that you’ll work on new and innovative products and solutions, be mentored by managers and teammates who are collaborative, caring, and act with integrity, and have the opportunity to grow in ways that are meaningful to you. Unique and interesting projects – both locally and globally – will challenge you and allow you to pursue different and rewarding career paths. We are #EnergizedByGrowth DFS is part of a legacy of leadership that spans back generations, made up of some of the most trusted, leading-edge brands in the industry. As part of Dover Corporation and with our talented, innovative, outstanding people, we are doing great things and redefining what is possible in fueling and convenience retail. Providing advanced fuel-dispensing equipment, including clean energy solutions, systems and payment, automatic tank gauging and wet stock-management solutions, DFS comprises the product brands of Wayne Fueling Systems, OPW Fuel Management Systems, ClearView, Tokheim, ProGauge, Fairbanks, LIQAL, AvaLAN, and Bulloch Technologies. Headquartered in Austin, TX, DFS has a significant technology development and manufacturing presence worldwide, including facilities in Brazil, China, India, Italy, Poland, the Netherlands, the United Kingdom and the United States. Vos responsabilités Role Overview: The 3rd level support forms a technical ""center of compete",fr,https://www.stepstone.be/offres-d-emploi--Senior-Technical-Service-Engineer-EMEA-Turnhout-Dover-Fueling-Solutions--2176498-inline.html,stepstone
2178226,Vacature: Service Technieker - Wielsbeke,Introductie,2025 Français,,,,"Pour les recruteurs Comparateur de salaire Mes Offres Se connecter Trouver un emploi Vacature: Service Technieker - Wielsbeke Intermat NV Wielsbeke, België Publiée: il y a 4 heures Vous serez l’un des 1er candidats Sauvegarder Vacature: Service Technieker - Wielsbeke Intermat NV Sauvegarder Introductie Bij Intermat zitten wij niet stil. In Wielsbeke staat sinds kort ons nieuw hoofdkantoor. Een nieuw kantoor voor ons, dat betekent heel wat kansen voor jou. Wij zijn op zoek naar een service technieker met als uitvalsbasis vestiging Wielsbeke. Intermat,met trots kunnen wij zeggen dat wij een gekende naam in de bouwwereld zijn. Met onze specialisatiein de verkoop en verhuur van bouwmaterieel, zijn wij al meer dan 25 jaar. Wij groeiden enorm de laatste jaren. Wij hebben intussen 5 vestigingen verspreid over Vlaanderen en 1 vestiging in Wallonie , ook onz webshope draai top volle toeren. Het spreekt dan ook voor zich dat wi dynamischj zijn ondernemerschap: is key Geen woorden maar daden.. Join Intermat! WAT DOE JIJ? Verantwoordelijk voor het onderhouden en herstellen van bouwmachines/personen- en goederenliften . Je staat in voor het ingeven van inkomende herstellingen in ons ERP-pakket. Je zoekt de noodzakelijke onderdelen op en indien nodig bestel je deze bij onze leveranciers. Je staat ook zelfstandig in voor het uitvoeren van de herstellingen in ons atelier en op de werf . Heb je geen hoogtevrees? Dan krijg je de kans om nieuwe hoogtes te bereiken bij de montage van personen- en goederenliften. WIE BEN JIJ? Je kunt een diploma A2 (elektromechanica of elektriciteit) voorleggen of je bent gelijkgesteld door ervaring. Kennis van elektromotoren en bijhorende schakelingen is vereist. Kennis in foutzoeken in elektrische schakelingen . Kennis van algemene mechanische herstellingen is een pluspunt. Administratieve taken schrikken je niet af (opmaken offertes, bestellingen, etc.). Je bent commercieel en sociaal ingesteld. Rijbewijs B is een vereiste, BE een pluspunt. WAT KRIJG",fr,https://www.stepstone.be/offres-d-emploi--Vacature-Service-Technieker-Wielsbeke-Wielsbeke-Belgie-Intermat-NV--2178226-inline.html,stepstone
2178238,Vacature plaatser,Introductie,2025 Français,,,,"Pour les recruteurs Comparateur de salaire Mes Offres Se connecter Trouver un emploi Vacature plaatser Meukens NV Beringen, België Publiée: il y a 4 heures Vous serez l’un des 1er candidats Sauvegarder Vacature plaatser Meukens NV Sauvegarder Introductie Meukens in Beringen is een echt familiebedrijf waar je meer bent dan een nummer. Veel meer. Je verovert een plaatsje in een ambitieuze onderneming die al meer dan 30 jaar hoogwaardige ramen, deuren, rolluiken en zonwering plaatst in diverse nieuwbouw- en renovatieprojecten. Ben jij een gedreven perfectionist die ervaring heeft met de plaatsing van buitenschrijnwerk? Dan ben jij misschien wel onze nieuwe plaatser ! Dit is wat je gaat doen bij Meukens: Je geeft elke dag het beste van jezelf op een van onze vele werven waar je ramen, deuren, rolluiken en zonwering plaatst. Je hebt oog voor detail en staat garant voor topwerk. Je werkt op verplaatsing . Deze vaardigheden zijn de jouwe: Je bent een ervaren plaatser of bent op en top gemotiveerd om het vak te leren via een IBO-overeenkomst. Je hebt zin voor initiatief , goed organisatieskillse en houdt altijd he eindresultaatt voor ogen. flexibele teamspeler. Dit bieden wij jou: Je komt terecht in een familiaal bedrijf en maakt deel uit van een gemoedelijk team waarin je echt jezelf kan zijn. Een goede work-lifebalans is gegarandeerd! Je krijgt een praktijkgerichte opleiding on-the-job . Je ontvangt een marktconform loon met vergoeding woon-werkverkeer en extralegale voordelen zoals maaltijd- en ecocheques. Je hebt uitzicht op concrete doorgroeimogelijkheden bij een positieve evaluatie. Geïnteresseerd? Meukens NV 1 Job Des offres d'emploi similaires IT Business Analyst VANBREDA RISK & BENEFITS Antwerpen il y a 1 jour Auditor Milieu &amp; Energie SGS Group Belgium Antwerpen il y a 2 jours Customer Service - Logistics Planner Michael Page Antwerpen Télétravail possible il y a 4 jours Facility Inkoper/ Buyer - Automotive PROGRESSIVE Antwerp il y a 5 jours Credit Controller /",fr,https://www.stepstone.be/offres-d-emploi--Vacature-plaatser-Beringen-Belgie-Meukens-NV--2178238-inline.html,stepstone
2178240,Vertegenwoordiger Luik,Introductie,2025 Français,,,,"Pour les recruteurs Comparateur de salaire Mes Offres Se connecter Trouver un emploi Vertegenwoordiger Luik Climatrix Nv Luik, België Publiée: il y a 4 heures Vous serez l’un des 1er candidats Sauvegarder Vertegenwoordiger Luik Climatrix Nv Sauvegarder Introductie Ons team verwelkomt graag een geëngageerde climaat ter ondersteuning van de sales. Je collega’s houden zich het liefst bezig met het ontwerpen en installeren van innovatieve verwarmings- en koelsystemen. Jij daarentegen bent liever bezig met het uitbouwen en onderhouden van klantenrelaties, het liefst met HVAC-installateurs. Krijg je het warm bij de gedachte alleen al? Dan ben jij misschien de Sales Champ waar we bij Climatrix naar zoeken. Benieuwd hoe het is om bij Climatrix te werken? Sales Champ Kristof en Sales Driver Steven vertellen je er alles over. Wie is Climatrix? Duurzaam verwarmen en koelen dankzij innovatieve lagetemperatuursystemen voor vloeren, wanden en plafonds. Daar staan wij als comfort companions voor. Climatrix is een partner voor professionele installateurs met residentiële en niet-residentiële bouw- en renovatieprojecten die hun klanten maatgericht willen verder helpen en die voor elke mogelijke situatie een optimale oplossing willen bieden . Ontdek ons verhaalhttps://www.climatrix.be/ons-verhaal/op Werken als één van onze climaten Bij Climatrix worden collega’s maten. Climaten om precies te zijn. Mensen met expertise, die bezeten zijn door verwarmings- en koelingssystemen – of dit nog willen worden. Die meedenken, adviseren, helpen, stressbestendig en flexibel zijn. Professionals met een koel hoofd maar een warm hart. Climaten zijn fijne en warme collega’s. Die samen grote en kleine successen vieren, teambuildings organiseren, samen de kerstboom opzetten en het bouwverlof inzetten met avontuurlijke uitstappen. Collega’s die bijleren op de Climatrix Academy, hun kennis delen met elkaar én vooral ook zorg dragen voor elkaar. Stuk voor stuk gedreven comfort companions met een warm hart",fr,https://www.stepstone.be/offres-d-emploi--Vertegenwoordiger-Luik-Luik-Belgie-Climatrix-Nv--2178240-inline.html,stepstone
2178217,Zorgkundige in jouw regio binnen Vlaams-Brabant,Introductie,2835 en,,,,"Pour les recruteurs Comparateur de salaire Mes Offres Se connecter Trouver un emploi Zorgkundige in jouw regio binnen Vlaams-Brabant Wit-Gele Kruis Vlaams Brabant Vlaams-Brabant, België Publiée: il y a 4 heures Vous serez l’un des 1er candidats Sauvegarder Zorgkundige in jouw regio binnen Vlaams-Brabant Wit-Gele Kruis Vlaams Brabant Sauvegarder Introductie Beschrijving FUNCTIE Ben jij een zorgzame, dynamische zorgkundige met een hart voor thuisverpleging? Word deel van ons team bij Wit-Gele Kruis Vlaams-Brabant, waar je écht het verschil maakt in het leven van onze patiënten! Over ons: Als zorgkundige in de thuisverpleging: Verleen je zorg: Bouw je een band op: Werk je samen: PROFIEL Je heb een diploma als zorgkundige . Je bent reeds in het bezit van het attest om de 5 extra verpleegkundige handelingen uit te mogen voeren. Je bent een dynamische persoon die zelfstandig kan werken, maar ook in team. Je bent diplomatisch, kan je goed inleven en hebt de nodige verantwoordelijkheidszin. WIJ BIEDEN Je kan werken in een variabel rooster van 3 shiften: Je werkt vooral voormiddagen van 7u-7u30 tem 11u-11u30; Soms namiddagen 12u-13u tem 16u-17u; Avonden Je kan ook werken op feestdagen en 1 weekend per 2 . rijbewijs B. Een contract onbepaalde duur . Je werkt in de regio van je woonplaats binnen Vlaams-Brabant, in een deeltijds contract (20u, 24u, 28u of 32u). Autonoom werk waarbij je zeker ondersteuning mag verwachten van je team en afdeling. Je komt terecht in een stabiele organisatie die inzet op innovatie en zorgkwaliteit. Een uitgebreid introductie- en coaching traject. Bruto voltijds salaris tussen €2835 en €3629 (IFIC schaal 11), supplementen voor avond-, weekendwerk, feestdagen en onderbroken diensten; een dienstwagen met tankkaart (onbeperkte kilometers bij privégebruik); maaltijdcheques van €7; eindejaarspremie; groepsverzekering, hospitalisatieverzekering en tandzorgplan; extra ongevallenverzekering in je privéleven; anciënniteitsverlof (vanaf 5 jaar dienst): verzek",fr,https://www.stepstone.be/offres-d-emploi--Zorgkundige-in-jouw-regio-binnen-Vlaams-Brabant-Vlaams-Brabant-Belgie-Wit-Gele-Kruis-Vlaams-Brabant--2178217-inline.html,stepstone
2178214,Administrative Operations Officer,Introductie,2025 Français,,,,"Pour les recruteurs Comparateur de salaire Mes Offres Se connecter Trouver un emploi Administrative Operations Officer SECURITAS Brussels Publiée: il y a 4 heures Vous serez l’un des 1er candidats Sauvegarder Administrative Operations Officer SECURITAS Sauvegarder Introductie Ben jij georganiseerd, hands-on én klaar voor een dynamische rol in een kritieke beveiligingsomgeving? Jouw verantwoordelijkheden Als Assistant Security coördinator ben je de rechterhand van de Site Team Manager en coördineer je dagelijks de werking van het securityteam binnen een internationaal datacenter. Je bent de brug tussen het management en het team op de vloer, en zorgt ervoor dat alles – van planning tot risicobeheer – vlot en veilig verloopt. Je bent niet zomaar een administratief medewerker: je bent een sleutelfiguur in de operationele beveiliging van een hypermoderne werkomgeving Je verantwoordelijkheden zijn gevarieerd en strategisch: Ondersteunen van het management bij alle beveiligingsvraagstukken Meewerken aan het verbeteren en implementeren van securityprocedures Coördinatie en toezicht op het Security Operations Centre (SOC) Bewaken van compliance, audits en interne veiligheidsrichtlijnen Opstellen van werkroosters en optimaliseren van resourceplanning Beheren van toegangsrechten en beveiligingssystemen Monitoren van risico’s en proactief optreden bij incidenten Organiseren van trainingen en opvolgen van het kennisniveau van je team Presenteren aan interne en externe stakeholders (vaak in het Engels) Bereid zijn om internationaal te reizen indien Jouw profiel Je bent iemand die initiatief neemt, snel schakelt en altijd het overzicht bewaart – zelfs onder druk Jij hebt Uitstekende kennis van het Engels + basiskennis Nederlands of Frans Vlot gebruik van MS Office (Excel, Outlook, Teams, enz.) Sterke organisatorische en analytische vaardigheden Probleemoplossend vermogen met een ‘can do’-mentaliteit Ervaring in of affiniteit met een operationele/security omgeving Presentatievaard",fr,https://www.stepstone.be/offres-d-emploi--Administrative-Operations-Officer-Brussels-SECURITAS--2178214-inline.html,stepstone
2158389,Chauffeur C met magazijn- en productietaken,Introductie,8520 KUURNE,,,,"Pour les recruteurs Comparateur de salaire Mes Offres Se connecter Trouver un emploi Chauffeur C met magazijn- en productietaken Sobex Nv KUURNE Contrat fixe à durée indéterminée Plein temps Publiée: il y a 12 heures Vous serez l’un des 1er candidats Sauvegarder Chauffeur C met magazijn- en productietaken Sobex Nv Sauvegarder Introductie Wij zijn een familiale KMO actief in de chemische sector, gevestigd in Kuurne. Om onze logistieke en productieactiviteiten verder te ondersteunen, zoeken wij een gemotiveerde medewerker met rijbewijs C. Je takenpakket bestaat uit: Uitvoeren van transportopdrachten met vrachtwagen (eigen transport en voor derden) Laden en lossen van goederen Magazijnwerk en stockbeheer Aanmaken en afvullen van chemische producten volgens interne richtlijnen Jouw profiel Je beschikt over een geldig rijbewijs C met vakbekwaamheid (code 95) Je spreekt en begrijpt voldoende Nederlands Je werkt nauwkeurig en veilig Je kan zelfstandig werken en neemt initiatief Je bent stipt en draagt verantwoordelijkheid voor je werk Ons aanbod Je werkt voltijds in dagdienst en maakt deel uit van een klein maar efficiënt team. Sobex Nv 1 Job Localisation Sobex Nv 8520 KUURNE, België Afficher la carte Temps de trajet De: À: Via: En voiture Transports en commun À pied À vélo Calculer mon temps de trajet - - : - - Des offres d'emploi similaires Chauffeur C Tempo-Team Regio Antwerpen - Kempen - Limburg Schoten il y a 21 heures NOUVEAU Chauffeur CE Stadsbader NV ZEDELGEM il y a 3 jours Chauffeur C - Tankwagen Stadsbader NV HARELBEKE il y a 3 jours Betonmedewerker Voorspan/Dak Stadsbader NV KLUISBERGEN il y a 2 jours Bekister Stadsbader NV KLUISBERGEN il y a 2 jours Chauffeur CE - Prefab Stadsbader NV Kluisbergen il y a 2 jours Wagenvoorbereider BMW JOY'N US Dejonckheere, Roeselare il y a 5 jours Chauffeur C Stadsbader NV Harelbeke il y a 5 jours Nachtchauffeur CE (Regio Zulte) Stegmann Belgium (BVBA) zulte Candidature facile il y a 3 jours Betonhersteller Stadsbader NV KLUISBE",fr,https://www.stepstone.be/offres-d-emploi--Chauffeur-C-met-magazijn-en-productietaken-KUURNE-Sobex-Nv--2158389-inline.html,stepstone
2161328,Délégué Pharmaceutique (WR),Introduction,8520 Kuurne,,,,"Pour les recruteurs Comparateur de salaire Mes Offres Se connecter Trouver un emploi Délégué Pharmaceutique (WR) Eureka Pharma Kuurne, Anvers, Flandre Contrat fixe à durée indéterminée Plein temps, Télétravail possible Publiée: il y a 12 heures Candidature facile Sauvegarder Délégué Pharmaceutique (WR) Eureka Pharma Sauvegarder Introduction Eureka Pharma est en pleine croissance ! Eureka Pharma a connu une croissance rapide ces dernières années. De nouveaux postes commerciaux sont régulièrement créés, laissant la place à de nouveaux collègues ! Depuis des années, nous puisons dans notre réserve de recrutement pour chaque nouveau poste commercial. Une carrière dans l'industrie pharmaceutique vous intéresse ? Envoyez-nous votre CV dès maintenant ! Nous ne manquerons pas de vous contacter dès que notre équipe commerciale sera à nouveau renforcée ! Pourquoi voudriez-vous travailler chez nous ? Chez Eureka Pharma, nous nous engageons chaque jour pour rendre des pharmacies meilleures. Nous disposons à cet effet de concepts de produit intelligents qui trouvent tous leur origine dans la pharmacie. En tant que Délégué pharmaceutique, vous faites preuve de motivation et de sincérité pour enthousiasmer et former des pharmacies. Que ferez-vous chez nous ? Tout d’abord : éprouver beaucoup de plaisir dans votre job ! Vous êtes responsable des ventes dans la région qui vous est confiée. Vous visitez chaque jour les pharmacies, vous y présentez les produits et notez les commandes. Vous faites exploser les résultats des ventes et veillez ainsi à la croissance. Vous formez vos clients, afin qu’ils deviennent les meilleurs vendeurs de vos produits. Activer les prospects vous booste. Vous êtes rattaché au Sales Manager. Quels sont vos atouts ? La vente à des pharmacies vous est inconnue ? Pas de soucis, tout ce qu'il vous faut, c'est un talent de vendeur, nous vous apprendrons le reste. Vous avez une expérience significative de la vente dans un rôle de vente sur le terrain. Vous voulez",fr,https://www.stepstone.be/offres-d-emploi--Delegue-Pharmaceutique-WR-Kuurne-Antwerpen-Vlaanderen-Eureka-Pharma--2161328-inline.html,stepstone
2178212,Flexi Zaalmedewerker Carcasse Knokke (M/V/X),Introductie,2025 Français,,,,"Pour les recruteurs Comparateur de salaire Mes Offres Se connecter Trouver un emploi Flexi Zaalmedewerker Carcasse Knokke (M/V/X) Carcasse KNOKKE-HEIST Publiée: il y a 4 heures Vous serez l’un des 1er candidats Sauvegarder Flexi Zaalmedewerker Carcasse Knokke (M/V/X) Carcasse Sauvegarder Introductie When food is life... dan kom je snel bij Carcasse uit. Onze collega's delen één gemeenschappelijke passie en dat is vlees!! Jouw verantwoordelijkheden Je vult ons team aan in de zaal en ondersteunt hen waar nodig. Jij springt eruit door je glimlach en klantvriendelijkheid. Hiermee bezorg jij onze gasten een onvergetelijke culinaire ervaring. Wie ben je? Je bent vlot en kunt snel schakelen bij veranderende omstandigheden Je hebt goesting, veel goesting om erin te vliegen Kennis van de Nederlandse taal Enige ervaring in hospitality is een pluspunt Carcasse 3 Jobs Stepstone Qui sommes-nous Espace Presse Devenez partenaire Candidat Carrière chez Stepstone Conseils de carrière FAQ Recruteur Pourquoi Stepstone Actualités recrutement Publier une annonce Recrutement international: THE NETWORK Restons en contact Donnez-nous votre avis Apps Déclaration de confidentialité Conditions d'utilisation Contactez-nous Conditions générales de vente THE NETWORK The Stepstone Group GmbH © 2025 Français",fr,https://www.stepstone.be/offres-d-emploi--Flexi-Zaalmedewerker-Carcasse-Knokke-M-V-X-KNOKKE-HEIST-Carcasse--2178212-inline.html,stepstone
2172227,GL Accountant,Introductie,3110 Rotselaar,,,,"Pour les recruteurs Comparateur de salaire Mes Offres Se connecter Trouver un emploi GL Accountant PRS Medical Rotselaar Contrat fixe à durée indéterminée Plein temps Publiée: il y a 12 heures Vous serez l’un des 1er candidats Sauvegarder GL Accountant PRS Medical Sauvegarder Introductie PRS Medical is een bedrijf gespecialiseerd in drukverlagende oplossingen voor de medische sector (Pressure Relief Specialist). PRS biedt medische hulpmiddelen aan in verkoop en verhuur aan ziekenhuizen, rusthuizen, zorginstellingen en particulieren. Daarnaast is PRS ook verdeler van robotic surgery solutions, waaronder specifieke robotarmen voor chirurgische ingrepen; PRS Medical is uitgegroeid tot een toonaangevende partner in de zorgsector. Jouw verantwoordelijkheden Het voeren van de dagelijkse, maandelijkse en jaarlijkse financiële operaties (boekhouding, belastingen, btw); Het invoeren van leveranciersfacturen Het opstellen van klantenfacturen Het boeken van banken Het opvolgen van klanten en leveranciers Het voorbereiden van afsluitingen, je krijgt hierbij ondersteuning van een extern boekhoudkantoor Het opstellen van btwaangiften Controle bij stocktellingen en afschrijvingen Filing van documenten Algemene administratie en loonadministratie Verwerken en aanmaken van HRdocumenten Aanwerven van personeel Zorgen voor de nodige verzekeringen en de administratie daarbij Jouw profiel U bezit een Bachelor diploma in boekhouding U heeft minimum 7j ervaring U kan zelfstandig werken en functioneert ook goed in teamverband U bent oplossingsgericht en kan werken met deadlines U bent positief ingesteld U heeft oog voor detail en hecht veel belang aan nauwkeurigheid Ons aanbod Wij bieden een marktconforme verloning in functie van uw ervaring en competenties Aangevuld met maaltijdcheques en ecocheques Een familiale en gedreven werkplek Geen filezorgen Een vaste functie voor onbepaalde tijd Geïnteresseerd? PRS Medical 1 Job Localisation PRS Medical Wingepark 53, 3110 Rotselaar, België Affiche",fr,https://www.stepstone.be/offres-d-emploi--GL-Accountant-Rotselaar-PRS-Medical--2172227-inline.html,stepstone
2168694,IT Servicedesk medewerker,Jouw verantwoordelijkheden,2025 Français,,,,"omschrijving Je gaat aan de slag bij onze IT servicedesk en helpt medewerkers met informaticaproblemen. Je werkinstrumenten? Het ticketing systeem, de telefoon, je mailbox en heel wat ondersteunende software, zoals remote control en troubleshooting-tools. Je maakt deel uit van een heel divers en enthousiast team waar ‘elkaar helpen’ een dagelijks motto is. Zo werk je elke dag in een positieve sfeer. Wat doe je concreet? Je biedt eerstelijnsondersteuning bij allerlei IT-problemen. Niet alleen de bedienden rekenen op jou, maar ook voor de medewerkers op de werkvloer ben jij de redder in nood. Je krijgt o.a. vragen over paswoorden, printers, netwerken en software; Je bent geen doorgeefluik voor vragen, maar lost zelf zoveel mogelijk problemen snel en efficiënt op. Wat je telefonisch niet kan oplossen, geef je door aan collega’s van een ander team; Bij elke oproep bepaal je zelf de prioriteit. Wat moet meteen opgelost worden en wat kan nog even wachten? Na de support call volg je de zaak verder op, om zeker te zijn dat het probleem volledig van de baan is en dat iedereen tevreden is; Je werkt actief mee om problemen te vermijden door het in kaart brengen van structurele problemen en het uitschrijven van procedures. Je bouwt ook de selfservice mogelijkheden verder uit; Je werkt volgens het regime van 7.45 uur per dag, en dat met een beurtrol zodat de helpdesk continu beschikbaar is tussen 8.00 uur en 17.00 uur. Je werkt deels van op kantoor en deels van thuis; Je geeft de nodige rechten en kent software toe. Daarnaast installeer je ook nieuwe hardware/software en bied je hierbij de nodige ondersteuning. Functie-eisen IT-achtergrond: je hebt een basiskennis IT en bent handig met computers, ook al heb je geen diploma in die richting. Ervaring met Windows 10/11, Intune, O365, AD, Azure, … vanuit een support perspectief is een pluspunt; Klantgerichte communicator: je bent empathisch, luistervaardig en rustig. Je staat elke medewerker zo goed mogelijk bij, niet alleen omdat het je job is, maar ook en vooral omdat je graag mensen helpt. Analytisch en probleemoplossend: je bent in staat om een probleem snel te detecteren door de juiste vragen te stellen aan de medewerker. Je pakt elk probleem meteen aan en bedenkt zelfstandig de meest efficiënte oplossing; Professionaliteit: je bent het uitgangbord van IT, daarom verwachten we dat je de waarden van ons bedrijf draagt en professioneel bent in al je contacten; Talenkennis: je communiceert vlot in het Nederlands. Kennis van het Frans en/of het Engels is een pluspunt; Leergierig: je hebt een gezonde interesse om extra tools te leren kennen en omgevingen te ontdekken. Je leert nieuwe tools samen met collega’s van andere teams onder de knie te krijgen. Ons aanbod Aanvullende informatie Aanbod Ruimte om jezelf verder te ontwikkelen en initiatief te nemen in een dynamisch team en een dynamische organisatie; Je krijgt de kans om voor een toonaangevende internationale organisatie te werken dat op vlak van technologie tot de top in haar segment behoort; Een uitdagende werkomgeving met flexibele werktijden in een filevrije regio. Geïnteresseerd? Je suis intéressé·e Picanol Group 6 Jobs Des offres d'emploi similaires HR Support Officer - Talent Management Secretary Academy Roeselare il y a 1 jour Administratief bediende omleidingen gezocht voor De Lijn regio West-Vlaanderen Tempo-Team Regio West- & Oost- Vlaanderen Brugge il y a 1 jour QSHE-Officer HR Flux Izegem il y a 1 jour IT Service Engineer Experis Aalter il y a 2 jours IT Support Engineer Experis Gistel il y a 2 jours Projectingenieur HVAC Stadsbader NV HARELBEKE il y a 2 jours Calculator Bouw Stadsbader NV HARELBEKE il y a 2 jours Payroll Service Consultant HR Talents Meulebeke Télétravail possible il y a 3 jours Medior of Senior Software Automation Test Engineer - Roeselare Experis IZEGEM il y a 5 jours Dienstenchequeconsulent(e) regio Roeselare TRIXXO Roeselare Candidature facile il y a 19 heures NOUVEAU Stepstone Qui sommes-nous Espace Pres",fr,https://www.stepstone.be/offres-d-emploi--IT-Servicedesk-medewerker-Ieper-Picanol-Group--2168694-inline.html,stepstone
2139291,Junior Dossierbeheerder | Young Potential met ambitie,Jouw verantwoordelijkheden,3800 Sint-Truiden,,,,"Pour les recruteurs Comparateur de salaire Mes Offres Se connecter Trouver un emploi Junior Dossierbeheerder | Young Potential met ambitie Austin Bright Sint-Truiden Contrat fixe à durée indéterminée Plein temps, Télétravail possible Publiée: il y a 7 heures Vous serez l’un des 1er candidats Sauvegarder Junior Dossierbeheerder | Young Potential met ambitie Austin Bright Sauvegarder Ben jij klaar om je carrière in de accountancy naar een hoger niveau te tillen? Dit gedigitaliseerde en toekomstgerichte boekhoudkantoor in Sint-Truiden zoekt een Junior Dossierbeheerder met ambitie! Hier krijg je niet alleen de kans om te groeien en bij te leren, maar ook om mee te bouwen aan de toekomst van het kantoor. Met een team van 10 gepassioneerde professionals wordt er ingezet op kwaliteit, klantgerichtheid en innovatie. Dit is dé kans om deel uit te maken van een omgeving waar je niet alleen dossiers verwerkt, maar ook strategisch meedenkt en écht impact maakt. Je krijgt volledige ondersteuning, maar ook de vrijheid en verantwoordelijkheid om zelf te groeien. En met een work-life balance die voorop staat - inclusief twee thuiswerkdagen en een vroeg weekend op vrijdag - is dit de ideale plek om jouw professionele én persoonlijke ambities waar te maken! Jouw verantwoordelijkheden Takenpakket Je verwerkt boekhoudkundige dossiers van A tot Y, met een focus op BTW-aangiftes, balansen en jaarrekeningen. Je krijgt begeleiding van ervaren collega's om zelfstandig dossiers af te ronden en klanten te adviseren. Je draagt bij aan de verdere digitalisering en efficiëntie van het kantoor. Je helpt mee bouwen aan een kantoor dat zich onderscheidt in kwaliteit en klantgerichtheid. Jouw profiel Profiel Je hebt een bachelor of master binnen Accountancy - Fiscaliteit Je hebt een eerste ervaring in de fiduciaire sector en wil doorgroeien. Je bent ambitieus, leergierig en gedreven om mee aan de kar te trekken. Je denkt graag mee over nieuwe oplossingen en wil het verschil maken. Ons aanbod Aanbod ",fr,https://www.stepstone.be/offres-d-emploi--Junior-Dossierbeheerder-Young-Potential-met-ambitie-Sint-Truiden-Austin-Bright--2139291-inline.html,stepstone
2178203,Kassabediende,Introductie,2025 Français,,,,"Pour les recruteurs Comparateur de salaire Mes Offres Se connecter Trouver un emploi Kassabediende I-Tek Dormaal-Zoutleeuw NV DORMAAL Publiée: il y a 4 heures Vous serez l’un des 1er candidats Sauvegarder Kassabediende I-Tek Dormaal-Zoutleeuw NV Sauvegarder Introductie ITEK is de specialist in fiets-, fitness-, tuin- en allerhande andere sport-, hobby- en vrijetijdsartikelen. Onze vestigingen zijn gelegen in zowel Nederland als Belgie. Met een alsmaar uitbreidend winkelnetwerk is ITEK een bloeiende en groeiende onderneming met vele kansen voor zij die de uitdaging aangaan ! Voor ons filiaal te Dormaal zijn we dringend op zoek naar een accurate en klantvriendelijke kassabediende. Uw Taken: U staat in voor een vlotte en correcte betaling van de producten. U kan vlot alle mogelijke kassaverrichtingen uitvoeren. U bent klantvriendelijk en helpt de klant indien nodig. U bent verantwoordelijk, samen met de filiaalhouder, voor de dagelijkse afsluiting van de kassa en het correct doorsturen van de nodige gegevens naar het hoofdkantoor. . Jouw profiel ·U kan zelfstandig werken en bent stressbestendig. ·U bent klantvriendelijk en kan probleemoplossend denken. ·U bent leergiering en kan vlot overweg met een computerkassa. ·U bent bereid tot zaterdagwerk. ·Geen ervaring verreist, motivatie en doorzettingsvermogen des te meer! I-Tek Dormaal-Zoutleeuw NV 6 Jobs Stepstone Qui sommes-nous Espace Presse Devenez partenaire Candidat Carrière chez Stepstone Conseils de carrière FAQ Recruteur Pourquoi Stepstone Actualités recrutement Publier une annonce Recrutement international: THE NETWORK Restons en contact Donnez-nous votre avis Apps Déclaration de confidentialité Conditions d'utilisation Contactez-nous Conditions générales de vente THE NETWORK The Stepstone Group GmbH © 2025 Français",fr,https://www.stepstone.be/offres-d-emploi--Kassabediende-DORMAAL-I-Tek-Dormaal-Zoutleeuw-NV--2178203-inline.html,stepstone
2178202,Kassamedewerker,Introductie,2025 Français,,,,"Pour les recruteurs Comparateur de salaire Mes Offres Se connecter Trouver un emploi Kassamedewerker I-Tek Kaulille NV BOCHOLT Publiée: il y a 4 heures Vous serez l’un des 1er candidats Sauvegarder Kassamedewerker I-Tek Kaulille NV Sauvegarder Introductie ITEK is de specialist in fiets-, fitness-, tuin- en allerhande andere sport-, hobby- en vrijetijdsartikelen. Onze vestigingen zijn gelegen in zowel Nederland als België. Met een alsmaar uitbreidend winkelnetwerk is ITEK een bloeiende en groeiende onderneming met vele kansen voor zij die de uitdaging aangaan ! Voor ons filiaal in Kaulille zijn we op zoek naar een gemotiveerde kassamedewerker (m/v) die vriendelijk en aangenaam is in de omgang en die het nodige inzicht heeft om met een elektronisch kassasysteem te werken. Uw taken: Je staat in voor een vlotte en correcte afrekening van de producten Je kan vlot alle mogelijke kassaverrichtingen uitvoeren Je bent klantvriendelijk en helpt de klant waar nodig Je bent verantwoordelijk, samen met de filiaalhouder, voor de dagelijkse afsluiting van de kassa en het correct doorsturen van de nodige gegevens naar het hoofdkantoor Jouw profiel Je kan zelfstandig werken en bent stressbestendig Je bent klantvriendelijk en kan probleemoplossend denken Je bent leergierig en kan vlot overweg met een computerkassa Je bent bereid tot weekendwerk Ervaring is slechts beperkt vereist, motivatie en doorzettingsvermogen des te meer ! I-Tek Kaulille NV 6 Jobs Stepstone Qui sommes-nous Espace Presse Devenez partenaire Candidat Carrière chez Stepstone Conseils de carrière FAQ Recruteur Pourquoi Stepstone Actualités recrutement Publier une annonce Recrutement international: THE NETWORK Restons en contact Donnez-nous votre avis Apps Déclaration de confidentialité Conditions d'utilisation Contactez-nous Conditions générales de vente THE NETWORK The Stepstone Group GmbH © 2025 Français",fr,https://www.stepstone.be/offres-d-emploi--Kassamedewerker-BOCHOLT-I-Tek-Kaulille-NV--2178202-inline.html,stepstone
2178206,Leerling Monteur,Introductie,2025 Français,,,,"Pour les recruteurs Comparateur de salaire Mes Offres Se connecter Trouver un emploi Leerling Monteur I-Tek Hasselt NV Hasselt Publiée: il y a 4 heures Vous serez l’un des 1er candidats Sauvegarder Leerling Monteur I-Tek Hasselt NV Sauvegarder Introductie ITEK is de specialist in fiets-, fitness-, tuin- en allerhande andere sport-, hobby- en vrijetijdsartikelen. Onze vestigingen zijn gelegen in zowel Nederland als Belgie. Met een alsmaar uitbreidend winkelnetwerk is ITEK een bloeiende en groeiende onderneming met vele kansen voor zij die de uitdaging aangaan ! Voor ons filiaal te Hasselt zijn we dringend op zoek naar gemotiveerde en leergierige LEERLING-MONTEUR Je taken: Je verzorgt de dienst na verkoop van voornamelijk fietsen en electrische fietsen, maar ook grasmaaiers, fitnessapparatuur en aanverwante producten Je stelt de fietsen af naar de wensen van de klant Je staat in voor de herstellingen van bovenvernoemde producten Je werkt onder leiding van een hoofdmonteur en volgt zijn aanbevelingen nauwgezet op. Jouw profiel Je kan zelfstandig werken en je bent stressbestendig en leergierig. Je bent klantvriendelijk en kan probleemoplossend denken. Je bent bereid tot weekendwerk Je bent leergierig en beschikt over een grote dosis motiviatie en doorzettingsvermogen! I-Tek Hasselt NV 5 Jobs Stepstone Qui sommes-nous Espace Presse Devenez partenaire Candidat Carrière chez Stepstone Conseils de carrière FAQ Recruteur Pourquoi Stepstone Actualités recrutement Publier une annonce Recrutement international: THE NETWORK Restons en contact Donnez-nous votre avis Apps Déclaration de confidentialité Conditions d'utilisation Contactez-nous Conditions générales de vente THE NETWORK The Stepstone Group GmbH © 2025 Français",fr,https://www.stepstone.be/offres-d-emploi--Leerling-Monteur-Hasselt-I-Tek-Hasselt-NV--2178206-inline.html,stepstone
2178207,Leerling Verkoop,Introductie,2025 Français,,,,"Pour les recruteurs Comparateur de salaire Mes Offres Se connecter Trouver un emploi Leerling Verkoop I-Tek Hasselt NV Hasselt Publiée: il y a 4 heures Vous serez l’un des 1er candidats Sauvegarder Leerling Verkoop I-Tek Hasselt NV Sauvegarder Introductie ITEK is de specialist in fiets-, fitness-, tuin- en allerhande andere sport-, hobby- en vrijetijdsartikelen. Onze vestigingen zijn gelegen in zowel Nederland als Belgie. Met een alsmaar uitbreidend winkelnetwerk is ITEK een bloeiende en groeiende onderneming met vele kansen voor zij die de uitdaging aangaan ! Voor ons filiaal te Hasselt zijn we dringend op zoek naar een gemotiveerde en gedreven LEERLING - VERKOPER Je taken: Je bent een aanspreekpunt voor de klanten en staat hen met raad en daad bij Je begeleid de klant op professionele wijze in zijn keuze Je houd de winkel en je afdeling steeds netjes en verzorgd . Jouw profiel Je kan zelfstandig werken en bent stressbestendig. Je bent sociaal, niet verlegen om de klant aan te spreken, steeds vriendelijk en opgewekt. Je bent leergierig en steeds bereid om onze nieuwe producten te leren kennen Je bent bereid tot weekendwerk Geen ervaring vereist, motiviatie daarentegen is des te belangrijker! I-Tek Hasselt NV 5 Jobs Stepstone Qui sommes-nous Espace Presse Devenez partenaire Candidat Carrière chez Stepstone Conseils de carrière FAQ Recruteur Pourquoi Stepstone Actualités recrutement Publier une annonce Recrutement international: THE NETWORK Restons en contact Donnez-nous votre avis Apps Déclaration de confidentialité Conditions d'utilisation Contactez-nous Conditions générales de vente THE NETWORK The Stepstone Group GmbH © 2025 Français",fr,https://www.stepstone.be/offres-d-emploi--Leerling-Verkoop-Hasselt-I-Tek-Hasselt-NV--2178207-inline.html,stepstone
2178208,Leerling Verkoop,Introductie,2025 Français,,,,"Pour les recruteurs Comparateur de salaire Mes Offres Se connecter Trouver un emploi Leerling Verkoop I-Tek Kaulille NV KAULILLE Publiée: il y a 4 heures Vous serez l’un des 1er candidats Sauvegarder Leerling Verkoop I-Tek Kaulille NV Sauvegarder Introductie ITEK is de specialist in fiets-, fitness-, tuin- en allerhande andere sport-, hobby- en vrijetijdsartikelen. Onze vestigingen zijn gelegen in zowel Nederland als Belgie. Met een alsmaar uitbreidend winkelnetwerk is ITEK een bloeiende en groeiende onderneming met vele kansen voor zij die de uitdaging aangaan ! Voor ons filiaal te Kaulille zijn we dringend op zoek naar een gemotiveerde en gedreven LEERLING - VERKOPER Je Taken: Je bent een aanspreekpunt voor de klanten en staat hen met raad en daad bij Je begeleid de klant op professionele wijze in zijn keuze Je houd de winkel en je afdeling steeds netjes en verzorgd Jouw profiel Je kan zelfstandig werken en bent stressbestendig. Je bent sociaal, niet verlegen om de klant aan te spreken, steeds vriendelijk en opgewekt. Je bent leergierig en steeds bereid om onze nieuwe producten te leren kennen Je bent bereid tot weekendwerk Geen ervaring vereist, motiviatie daarentegen is des te belangrijker ! I-Tek Kaulille NV 6 Jobs Stepstone Qui sommes-nous Espace Presse Devenez partenaire Candidat Carrière chez Stepstone Conseils de carrière FAQ Recruteur Pourquoi Stepstone Actualités recrutement Publier une annonce Recrutement international: THE NETWORK Restons en contact Donnez-nous votre avis Apps Déclaration de confidentialité Conditions d'utilisation Contactez-nous Conditions générales de vente THE NETWORK The Stepstone Group GmbH © 2025 Français",fr,https://www.stepstone.be/offres-d-emploi--Leerling-Verkoop-KAULILLE-I-Tek-Kaulille-NV--2178208-inline.html,stepstone
2178180,Medewerker Infra Gietasfalt,Introductie,1946 in Harelbeke,,,,"omschrijving Wat behoort er tot jouw takenpakket? Je werkt in ploegverband op verschillende werven regio Luik en Brussel. Je brengt membraanrollen aan en leert vlamlassen op membraan. In teamverband voer je accuraat en binnen de vooropgestelde timing de onderhouds- of herstellingswerken uit. Als je ervaring hebt als ploegbaas en graag een team aanstuurt kom je zeker ook in aanmerking. Jouw profiel Je beschikt over een ervaring binnen de gietasfaltwerken of bent leergierig en gemotiveerd om dit aan te leren. Je bent in bezit van een rijbewijs B, pluspunt als je al VCA hebt behaald. Veilig en georganiseerd werken zijn eigenschappen die jou beschrijven, net zoals hands-on te werk gaan. Je kan jou flexibel opstellen en bent bereid jouw gedreven team te ondersteunen. Je woont in de regio van Luik of Brussel. Ons aanbod Luik of Brussel Je wordt verloond in PC124 volgens competenties en ervaring, aangevuld met extralegale voordelen. Je verplaatst jou naar het depot te Brussel of Luik, en rijdt met de ploeg mee naar de werven. Je volgt ons collectief verlof (32 dagen), dat aansluit op de schoolvakanties. Je hebt toegang tot professionele gereedschappen om mee te werken. Je krijgt de kans om alles op de werkvloer aangeleerd te krijgen en jou verder te ontplooien dankzij diverse opleidingen. Geïnteresseerd? Stadsbader NV 116 Jobs Des offres d'emploi similaires Medewerker asfaltploeg Stadsbader NV GROBBENDONK - DESSEL il y a 3 jours Medewerker betonploeg Stadsbader NV Antwerpen - Grobbendonk - Dessel il y a 3 jours Medewerker signalisatie Stadsbader NV KORTRIJK - GENT il y a 3 jours Medewerker groenonderhoud en boomzorg Kasteel d'Ursel (voltijds en halftijds) Provincie Antwerpen Hingene il y a 4 jours Medewerker wegeniswerken Stadsbader NV RETIE - MOL - GEEL - OUDGAARDEN il y a 5 jours PLOEGBAAS BETON- en FUNDERINGSWERKEN Stadsbader NV PROVINCIE ANTWERPEN il y a 2 jours Werfleider bouw Stadsbader NV DIVERSE WERVEN il y a 2 jours Treinbegeleider Kortrijk NMBS-SNCB Kortrijk il y a 1 jour Machinist Rupsbull Stadsbader NV GENT - ANTWERPEN il y a 2 jours Medewerker Productmagazijn TotalEnergies Polymers Antwerp Antwerpen il y a 2 semaines Stepstone Qui sommes-nous Espace Presse Devenez partenaire Candidat Carrière chez Stepstone Conseils de carrière FAQ Recruteur Pourquoi Stepstone Actualités recrutement Publier une annonce Recrutement international: THE NETWORK Restons en contact Donnez-nous votre avis Apps Déclaration de confidentialité Conditions d'utilisation Contactez-nous Conditions générales de vente THE NETWORK The Stepstone Group GmbH © 2025 Français",fr,https://www.stepstone.be/offres-d-emploi--Medewerker-Infra-Gietasfalt-Luik-of-Brussel-Stadsbader-NV--2178180-inline.html,stepstone
2178247,Monteurs/glasplaatsers gezocht,Wie zijn wij?,9700 Oudenaarde,,,,"Pour les recruteurs Comparateur de salaire Mes Offres Se connecter Trouver un emploi Monteurs/glasplaatsers gezocht Starconstruct NV 9700 Oudenaarde, België Publiée: il y a 4 heures Vous serez l’un des 1er candidats Sauvegarder Monteurs/glasplaatsers gezocht Starconstruct NV Sauvegarder Wie zijn wij? Daarom zoeken wij versterking voor het plaatsen van onze glasprojecten in België.. Wat is jouw rol? Samen met jouw collega‘s sta je in voor de correcte montage van de toevertrouwde constructies in structurele beglazing Je plaatst glasconstructies in bouwprojecten en bij particulieren. Het betreft vooral grotere projecten in buitenafwerking (glazen gevels, glazen borstweringen,…) alsook occasioneel kleinere binnenprojecten bij particulieren Naast montagewerk help je ook bij het lossen van vrachtwagens met glas en zorg je voor een nette werkomgeving De verschillende werven zijn gelegen in Oost- en West-Vlaanderen, Antwerpen en regio Brussel. Je vertrekt steeds vanuit Oudenaarde. Wie ben jij? Je hebt een technische basis en werkt met oog voor detail Je hebt enige ervaring als monteur/glaszetter of schrijnwerker Je neemt graag initiatief en denkt probleemoplossend want de plaatsingen zijn vaak niet-standaard en complex Je bent communicatief en een gemotiveerde teamplayer Je hebt een rijbewijs B; rijbewijs BE is een pluspunt Je hebt geen hoogtevrees Flexibele werkuren zijn geen probleem Enige ervaring als monteur/glaszetter of schrijnwerker is een pluspunt. Wat bieden wij? De kans om mee te werken aan prachtige projecten, waar je met trots op kan terugblikken Een job in een vlakke bedrijfsstructuur, waar iedereen rechtstreeks aanspreekbaar is Je neemt verantwoordelijkheid in ruil voor vrijheid en vertrouwen Je kan meegroeien in een klein dynamisch bedrijf waar ervaring en inzet belangrijker zijn dan een diploma Aandacht voor werk/privé balans Vast contract voor onbepaalde duur (geen weekendwerk) Interesse? Starconstruct NV 1 Job Stepstone Qui sommes-nous Espace Presse Devene",fr,https://www.stepstone.be/offres-d-emploi--Monteurs-glasplaatsers-gezocht-9700-Oudenaarde-Belgie-Starconstruct-NV--2178247-inline.html,stepstone
2177151,Procescoördinator Productie,Jouw verantwoordelijkheden,2800 Mechelen,,,,"Pour les recruteurs Comparateur de salaire Mes Offres Se connecter Trouver un emploi Procescoördinator Productie Labcorp Mechelen Contrat fixe à durée indéterminée Plein temps Publiée: il y a 3 heures Vous serez l’un des 1er candidats Sauvegarder Procescoördinator Productie Labcorp Sauvegarder Labcorp levert een uitgebreid gamma aan diensten voor de farmaceutische industrie en is een globale, toonaangevende organisatie op het gebied van geneesmiddelenontwikkeling en laboratoriumtesting. We streven ernaar een verschil te maken in het dagelijkse leven van mensen door essentiële geneesmiddelen op de markt te brengen. Voor onze site in Mechelen zoeken we een Process Lead - Productie. Dit is een onsite positie. De process and support lead productie biedt ondersteuning en beoordeelt processen binnen de operationele activiteiten en fungeert als een technische en operationele bron voor medewerkers binnen de afdeling. Deze persoon is verantwoordelijk voor het bevorderen van operationele service-excellentie door het opstellen en continu verbeteren van globale standaarden binnen de operatie. De proces- en ondersteuningsleider moet inzicht hebben in de gezondheidszorg- en centrale laboratoriumsector en de bijbehorende trends, om huidige en toekomstige competentiebehoeften binnen de operatie te vertalen naar een strategie die Signature Client Service garandeert via eersteklas operationeel management. Daarnaast is de procescoördinator Productie verantwoordelijk voor analytische ondersteuning van het operationele team, waaronder metrics dashboard, procesverbeteringen, toegewezen projecten en kostenbesparingen. Dagelijks is deze persoon verantwoordelijk voor het monitoren van toegewezen metrics binnen functionele gebieden, om ervoor te zorgen dat trends worden beoordeeld, acties worden ondernomen en processen correct worden gevolgd en gedocumenteerd. Deze functie omvat het onderzoeken en oplossen van probleemgebieden, het samenwerken met andere afdelingen, en het werken met collega",fr,https://www.stepstone.be/offres-d-emploi--Procescoordinator-Productie-Mechelen-Labcorp--2177151-inline.html,stepstone
2172652,Projectingenieur Elektriciteit,Introductie,9000 Gent,,,,"omschrijving Je maakt deel uit van de afdeling Automation and E&I en werkt samen met collega’s uit een multidisciplinair project- en engineeringsteam. In eerste instantie word je voornamelijk ingezet bij de realisatie van een state-of-the-art verwerkingsinstallatie voor gft-afval in de Noorderkempen, maar bredere inzet voor andere projecten in binnen- en buitenland is mogelijk. Als Projectingenieur Elektriciteit vervaardig je op kantoor binnen het project benodigde schema’s, berekeningen, documenten en ontwerpen op het vlak van elektriciteit en instrumentatie. Op de werf sta je in voor het controleren van de door derden geplaatste elektrische bekabeling en hardware en het oplossen van problemen hierbij, voor het mee opstarten van de sturing van de installatie in samenwerking met de opstartingenieur(s), voor foutanalyse, ondersteuning van de klant en optimalisatie van de besturingsprogramma’s, de elektrische installatie en de instrumentatie. Je neemt regelmatig ook deel aan besprekingen met collega’s, klanten en leveranciers. U rapporteert aan de Head Automation and E&I. Gezocht profiel Hogere technische opleiding (Master in de Industriële Wetenschappen of Ingenieurswetenschappen, Professionele Bachelor) in een richting die aansluit bij de functieomschrijving; Enkele jaren ervaring; Goede kennis van laagspanningstechnieken, bij voorkeur ook van middenspanningstechniek; Bij voorkeur kennis van en ervaring met Eplan; Kennis van PLC- en/of SCADA-programmatie (Siemens TIA Portal, PCS7, …) vormt een plus; Sterk analytisch en creatief denkvermogen; Goede communicatievaardigheden; Zin voor nauwkeurigheid en stiptheid; Sterke inzet en flexibiliteit; Vlotte omgang met deadlines, stressbestendigheid; Goede kennis van het Nederlands en het Engels; ruimere talenkennis is een plus; Naast gedegen theoretisch inzicht voldoende praktische kennis en bereidheid de handen uit de mouwen te steken; In het kader van buitenlandse projecten vormt bereidheid tot reizen een voordeel. Ons aanbod Wij bieden een boeiende en uitdagende job met veel afwisseling in de milieusector aan. Snelle indiensttreding mogelijk. Wij wensen als bedrijf een marktconform aanbod te maken dat strookt met uw ervaring en kunde. Geïnteresseerd? Dranco Nv Natuur en leefmilieu • 11-50 Employés 2 Jobs Page Entreprise Localisation Dranco Nv Dok-Noord 4C, 9000 Gent, België Afficher la carte Temps de trajet De: À: Via: En voiture Transports en commun À pied À vélo Calculer mon temps de trajet - - : - - Des offres d'emploi similaires Project Engineer Actemium Gent il y a 2 jours Automation Engineer Hyline Nv Deurne il y a 1 jour Design Engineer VTTI Oosterweel Stadsbader NV ANTWERPEN il y a 2 jours Projectingenieur Stadsbader NV KLUISBERGEN il y a 2 jours Werkvoorbereider P&M / Mechanica (Chemie) PROGRESSIVE Puurs il y a 3 jours Project Engineer (multidisciplinair) - Topbedrijf in de Voeding - Aantrekkelijk Loon GS Recruitment BV Regio Oostkamp il y a 4 jours Werkvoorbereider Elektrisch &amp; Mechanisch Onderhoud Jefferson Wells Aalter il y a 5 jours Project Engineer - (kennis Eplan) Actemium Beveren-Kruibeke-Zwijndrecht il y a 2 jours Medior Automation Test Engineer - Aalter Experis Aalter il y a 5 jours Site Construction Supervisor Dranco Nv Brecht, Gent il y a 10 heures NOUVEAU Stepstone Qui sommes-nous Espace Presse Devenez partenaire Candidat Carrière chez Stepstone Conseils de carrière FAQ Recruteur Pourquoi Stepstone Actualités recrutement Publier une annonce Recrutement international: THE NETWORK Restons en contact Donnez-nous votre avis Apps Déclaration de confidentialité Conditions d'utilisation Contactez-nous Conditions générales de vente THE NETWORK The Stepstone Group GmbH © 2025 Français",fr,https://www.stepstone.be/offres-d-emploi--Projectingenieur-Elektriciteit-Brecht-Gent-Dranco-Nv--2172652-inline.html,stepstone
2178230,Quantity Surveyor,Jouw rol,2025 Français,,,,"Pour les recruteurs Comparateur de salaire Mes Offres Se connecter Trouver un emploi Quantity Surveyor Denys Doornik, België Publiée: il y a 4 heures Vous serez l’un des 1er candidats Sauvegarder Quantity Surveyor Denys Sauvegarder Jouw rol Ben jij een detailgerichte en analytische bouwprofessional met een scherp oog voor cijfers en contracten? Wil je meewerken aan een grootschalig project in Doornik en een sleutelrol spelen in de voortgang van de werken? Dan zoeken wij jou! Jouw uitdaging: Werk mee aan een topwerf in Doornik als Quantity Surveyor. Jij meet, analyseert en beheert hoeveelheden, meetstaten en afrekeningen tot in de puntjes. Als Quantity Surveyor sta je in voor het nauwkeurig meten, berekenen en analyseren van hoeveelheden binnen het project. Je zorgt ervoor dat alle aspecten correct worden beheerd en opgevolgd. Concreet houdt dit in dat je: De uitgevoerde werken opmeet en controleert. Hoeveelheden en meetstaten opstelt en verwerkt in vorderingsstaten. Werkt binnen een BIM-model om de projectgegevens up-to-date te houden. Afrekeningen opmaakt op basis van uitvoeringsplannen en hoeveelheden. Wijzigingen in prestaties, meerwerken en afwijkingen documenteert en opvolgt. Collega’s en opdrachtgevers adviseert bij afrekeningsvraagstukken. Jouw profiel Een diploma in bouwkunde (master/bachelor) of een gelijkaardige technische richting. Ervaring als Quantity Surveyor, Calculator, werfleider of in een gelijkaardige functie is een plus. Kennis van BIM. Oog voor detail, analytisch denkvermogen en sterke administratieve vaardigheden. Vlotte communicatie in het Nederlands en (basis)kennis van het Frans. Ons aanbod Bij Denys zijn we Do-Dreamers. Samen staan we sterker. We blijven groeien. En ja – we zorgen voor jou. Klaar om mee te bouwen aan impactvolle projecten? Join the Do-Dreamers! Denys 3 Jobs Stepstone Qui sommes-nous Espace Presse Devenez partenaire Candidat Carrière chez Stepstone Conseils de carrière FAQ Recruteur Pourquoi Stepstone Actualités recrutement ",fr,https://www.stepstone.be/offres-d-emploi--Quantity-Surveyor-Doornik-Belgie-Denys--2178230-inline.html,stepstone
2173713,"R&D Scientific Engineer: Sensors, Analytics & Visualization",Introduction,2800 Mechelen,,,,"Pour les recruteurs Comparateur de salaire Mes Offres Se connecter Trouver un emploi R&D Scientific Engineer: Sensors, Analytics & Visualization Fette Compacting Belgium BV Malines Contrat fixe à durée indéterminée Plein temps Publiée: il y a 12 heures Vous serez l’un des 1er candidats Sauvegarder R&D Scientific Engineer: Sensors, Analytics & Visualization Fette Compacting Belgium BV Sauvegarder Introduction Fette Compacting is a leading supplier of high-tech process equipment for the pharmaceutical industry. Headquartered near Hamburg, with sales and service offices in all major markets, our group designs, produces, installs, and maintains advanced machines for the production of pharmaceutical tablets and capsules worldwide: The combination of high speed, high precision, and full automation requires the very best engineering skills in the fields of process, mechanics, electronics, and software design. Fette Compacting Belgium, located in Mechelen, is a crucial element in the innovation tasks of the Fette group for the development of new technologies and machines for the pharmaceutical manufacturing facilities of the future, especially in the field of Continuous Manufacturing. To strengthen our team, we are looking for a: R&D Scientific Engineer: Sensors, Analytics & Visualization Vos responsabilités As an R&D Scientific Engineer, you will join our Future Technologies Division based in Mechelen. In this role, you will work closely with global R&D teams in Mechanical Engineering, Process Design, and Software Development, contributing to the development of cutting-edge pharmaceutical technologies and automation. Your focus will be on sensors and data analytics, where you'll apply your scientific and critical thinking to evaluate and test novel ideas from academia and industry. These ideas are tailored for our core domain: continuous tablet production in the pharmaceutical industry. Working in multi-disciplinary teams, alongside suppliers and end-users, you will co-dev",fr,https://www.stepstone.be/offres-d-emploi--RD-Scientific-Engineer-Sensors-Analytics-Visualization-Mechelen-Fette-Compacting-Belgium-BV--2173713-inline.html,stepstone
2178185,Senior Software Engineer,Introductie,2025 Français,,,,"Pour les recruteurs Comparateur de salaire Mes Offres Se connecter Trouver un emploi Senior Software Engineer P.V.S. NV Hasselt Publiée: il y a 4 heures Vous serez l’un des 1er candidats Sauvegarder Senior Software Engineer P.V.S. NV Sauvegarder Introductie Ben je gepassioneerd door AV en wil je impact hebben op de AV-industrie? PVS is een toonaangevende fabrikant van audiovisuele oplossingen met de merken PROCAB, AUDAC en CAYMON. Onze producten bieden een breed scala aan toepassingen. Geeft innovatieve producten ontwikkelen je energie, dan horen we graag van je! Je werkt mee en bent betrokken bij het hele proces, van concept naar marktintroductie en aftercare. Wat houd dit nu concreet in? Als Senior Software Engineer bij PVS ben je verantwoordelijk voor het ontwikkelen van de software van onze producten. Hierbij neem je enerzijds de lead in de softwarearchitectuur en codekwaliteit, anderzijds werk je ook mee aan het continue verbeteren van bestaande software. Als Senior Software Engineer ben je verantwoordelijk voor: Je ontwikkelt actief mee aan onze AUDAC Touch applicatie en projecten op onze Software roadmap. Je hebt kennis van en ervaring met architectuur principes zoals clean architecture. Je weet hoe en wanneer ze toe te passen en kan minder ervaren collega’s hierin coachen. Je draagt zorg voor codekwaliteit door middel van code reviews, testen en het waarborgen van de naleving van best practices. Je werkt samen (met andere teams binnen de organisatie) om de softwarearchitectuur continu te verbeteren. Je kan technische besluitvorming faciliteren en beargumenteren binnen de toepassing. Je blijft op de hoogte van de nieuwste trends en standaarden binnen Software Ontwikkeling. Welke vaardigheden en talenten breng jij mee naar PVS? Minimaal 5 jaar ervaring in softwareontwikkeling, indien dit binnen de AV of een relevante industrie is, is zeker een surplus. Je hebt kennis van en ervaring met architectuur principes zoals clean architecture. Je hebt in een Agile omge",fr,https://www.stepstone.be/offres-d-emploi--Senior-Software-Engineer-Hasselt-P-V-S-NV--2178185-inline.html,stepstone
2172653,Site Construction Supervisor,Introductie,2026 een Site Construction Supervisor voor de opvolging van de bouw- en opstartwerkzaamheden van start van de werf tot en met voorlopige oplevering,,,,"omschrijving DRANCO zoekt voor indiensttreding vanaf begin 2026 een Site Construction Supervisor voor de opvolging van de bouw- en opstartwerkzaamheden van start van de werf tot en met voorlopige oplevering. De eerste op te volgen werf voor een duurtijd van ca 2 jaar bevindt zich in Brecht (België). Verdere werven worden zowel in België en Nederland verwacht, als in andere landen. Algemene beschrijving van de werkomgeving Het ontwerp van een installatie gebeurt over het algemeen bij DRANCO in Gent, de constructie gebeurt evenwel voornamelijk door leveranciers en onderaannemers die door DRANCO worden aangestuurd. Typische disciplines die min of meer aan bod komen in de installaties zijn : bouwkunde (hier niet in de leveringsomvang van DRANCO, maar wel op te volgen in functie van het voldoen aan de vastgelegde afspraken) divers equipment, i.h.b. brekers, zeven, transportsystemen, pompen, tanks, gasopslag, fakkel, koelinstallaties, motoren, gasopwerking, hydraulische systemen, perslucht… diverse piping (digestaat, biogas, proceswater, lucht, perslucht, hydraulica, …) elektrische borden en bedrading automatisatie Het huidige kernteam dat instaat voor de technische engineering en realisatie van de biogasinstallaties bestaat op dit ogenblik uit 20 mensen, evenwel wisselend in functie van binnengehaalde projecten. Daarnaast worden in functie van de behoeften van de lopende projecten tijdelijke krachten (dikwijls lokaal) aangeworven (bvb. assistent werfleider, opvolging veiligheid, opstarthulp, …). Uw functies U coördineert en leidt alle activiteiten op de site, vanaf de start van de werkzaamheden tot oplevering van de installatie met het doel de installatie te realiseren volgens de specificaties, met respect voor de geldende voorschriften en codes en binnen het vastgelegde tijdsframe. Deze functie omhelst volgende belangrijke aspecten: Coördinatie en opvolging van de ploegen van de diverse onderaannemers, in het bijzonder bouwkunde (in beperkte mate), staalbouw, montage van equipment en toebehoren, leidingwerk, isolatie, coating, elektrische werken. Inspecties van het lopende werk. Controle kwaliteit. Controle conformiteit met de geplaatste bestellingen. Opvolging en goedkeuring prestaties van onderaannemers die in regie werken. Planning en voorziening van de nodige middelen voor uitvoering van de werken (kranen, ….). Organisatie van toolboxmeetings, kick-off meetings, overleg met onderaannemers, werknemers, klant, andere partijen. Optreden in naam van de projectmanager. Bijsturing van de tijdsplanning in overleg met de project manager. Er voor zorgen dat gezondheids- en veiligheidsvoorschriften worden gerespecteerd. Verslaggeving naar de project manager toe. In periodes van opstart, wanneer er (bijna) geen onderaannemers aanwezig zijn, zelf een actieve rol spelen bij koude en warme opstart van de installatie, onderhoudswerkzaamheden, opleiding klant. Doorgeven van voorstellen tot verbetering. Uw werkplaats U werkt in principe voltijds op de werf gedurende een deel of de ganse duurtijd van de realisatie van het project (ca 2 jaar). Uw eerste werf bevindt zich in België, Brecht. U werkt slechts heel beperkt in de kantoren van DRANCO in Gent, voornamelijk voor informatieoverdracht, voor overleg en voor feed-back aan engineeringsafdeling. Jouw profiel U heeft een opleiding en ervaring die past bij de beschreven functie. Uw achtergrond situeert zich op het vlak van techniek / constructie / engineering. U bent communicatief. U bent een organisator. U bent gezond, geschikt om in werfomstandigheden te werken. U bent flexibel, zowel naar de locatie van uw werkzaamheden (binnenland, buitenland) als naar de uren die u presteert. U kan goed functioneren in een Nederlandstalige werkomgeving. Een werf in een ander taalgebied schrikt u niet af. U bent in staat lokale reglementeringen met betrekking tot veiligheid en kwaliteit te interpreteren en te respecteren. U heeft oog voor het behalen van gestelde tijdsdoelen en voor kostenbeheersing. U bent ",fr,https://www.stepstone.be/offres-d-emploi--Site-Construction-Supervisor-Brecht-Gent-Dranco-Nv--2172653-inline.html,stepstone
2170386,Stoelassistent(e),"Ben jij vriendelijk, georganiseerd en op zoek naar een deeltijdse job in de zorgsector?",2040 Antwerpen il y a,,,,"Pour les recruteurs Comparateur de salaire Mes Offres Se connecter Trouver un emploi Stoelassistent(e) KS Ortho BV Antwerpen Contrat fixe à durée indéterminée Temps partiel Publiée: il y a 12 heures Candidature facile Sauvegarder Stoelassistent(e) KS Ortho BV Sauvegarder Ben jij vriendelijk, georganiseerd en op zoek naar een deeltijdse job in de zorgsector? KS ORTHO, een gespecialiseerde orthodontiepraktijk met focus op kwaliteit, zorg en persoonlijke aandacht, is op zoek naar een stoel/omloopassistent(e) die onze patiënten met een glimlach ontvangt, mee begeleidt naar de stoel, geruststelt en onze praktijk mee vlot laat draaien. Wat ga je doen? Je ontvangt de patiënt en zorgt dat alles aanwezig is in het kabinet Je ondersteunt de orthodontist aan de stoel Je kan dossiers raadplegen en invullen Je zorgt voor het reinigen van het kabinet na elke patiënt en bent verantwoordelijk voor de sterilisatie Je geeft uitleg daar waar nodig zoals mondhygiëne Wat breng jij mee? Je spreekt en schrijft vlot Nederlands (basiskennis Frans en Engels is mooi meegenomen) Je hebt een verzorgd voorkomen en een patiëntvriendelijke houding Ervaring met tandheelkundige software en -handelingen is een plus-punt Je bent discreet, betrouwbaar en administratief sterk Je kan zelfstandig werken, maar functioneert ook goed in teamverband Je bent beschikbaar van maandag tot en met vrijdag (donderdag praktijk gesloten) Wat bieden wij jou? Een fijne, rustige werkomgeving binnen een ervaren en warm team Een deeltijdse functie met vaste werkuren Marktconform salaris, aangevuld met: Vakantiegeld Maaltijdcheques Vergoeding voor overuren Fietsvergoeding Geïnteresseerd? KS Ortho BV Medische-, sociale- en gezondheidszorg • 1-10 Employés 1 Job Page Entreprise Avantages sociaux Services médicaux supplémentaires Chèques-repas Les avantages décrits sont d’application pour la société et peuvent varier en fonction du poste ou du service en question. Des offres d'emploi similaires Woonassistent(e) Armonea NV Antwe",fr,https://www.stepstone.be/offres-d-emploi--Stoelassistente-Antwerpen-KS-Ortho-BV--2170386-inline.html,stepstone
2178205,Student Zaalmedewerker Carcasse Koksijde(M/V/X),Introductie,2025 Français,,,,"Pour les recruteurs Comparateur de salaire Mes Offres Se connecter Trouver un emploi Student Zaalmedewerker Carcasse Koksijde(M/V/X) Carcasse KOKSIJDE Publiée: il y a 4 heures Vous serez l’un des 1er candidats Sauvegarder Student Zaalmedewerker Carcasse Koksijde(M/V/X) Carcasse Sauvegarder Introductie When food is life... dan kom je snel bij Carcasse uit. Onze collega's delen één gemeenschappelijke passie en dat is vlees!! Jouw verantwoordelijkheden Je vult ons team aan in de zaal en ondersteunt hen waar nodig. Jij springt eruit door je glimlach en klantvriendelijkheid. Hiermee bezorg jij onze gasten een onvergetelijke culinaire ervaring. Wie ben je? Je bent vlot en kunt snel schakelen bij veranderende omstandigheden Je hebt goesting, veel goesting om erin te vliegen Kennis van de Nederlandse taal Enige ervaring in hospitality is een pluspunt Carcasse 3 Jobs Des offres d'emploi similaires Procescoördinator Productie Labcorp Mechelen il y a 9 heures NOUVEAU Lab analyst PROGRESSIVE Mechelen il y a 4 jours Business Development Manager Biometrics SGS Group Belgium Mechelen il y a 4 jours Head of Lab Services European Molecular Biology Laboratory (EMBL) Grenoble il y a 1 jour Test Automation Engineer Smals Brussel Télétravail possible il y a 5 jours Test Analyst Smals Brussel Télétravail possible il y a 5 jours Head of Clinical Project Management SGS Group Belgium Mechelen il y a 12 heures NOUVEAU R&D Project Engineer Introduce Aalst Télétravail possible Candidature facile il y a 2 jours Treintechnieker elektrische onderdelen Mechelen NMBS-SNCB Mechelen il y a 1 jour Specialist elektronica Mechelen NMBS-SNCB Mechelen il y a 1 jour Stepstone Qui sommes-nous Espace Presse Devenez partenaire Candidat Carrière chez Stepstone Conseils de carrière FAQ Recruteur Pourquoi Stepstone Actualités recrutement Publier une annonce Recrutement international: THE NETWORK Restons en contact Donnez-nous votre avis Apps Déclaration de confidentialité Conditions d'utilisation Contactez-nous ",fr,https://www.stepstone.be/offres-d-emploi--Student-Zaalmedewerker-Carcasse-KoksijdeM-V-X-KOKSIJDE-Carcasse--2178205-inline.html,stepstone
2178242,Technieker,Introductie,8800 Roeselare,,,,"Pour les recruteurs Comparateur de salaire Mes Offres Se connecter Trouver un emploi Technieker Renewi 8800 Roeselare, België Publiée: il y a 4 heures Vous serez l’un des 1er candidats Sauvegarder Technieker Renewi Sauvegarder Introductie Voor de site in Roeselare zoeken wij technisch talent! De technieker staat in voor uitvoeren van onderhoud, oplossingen van storingen, zowel mechanisch en/of elektrisch. Interesse? Lees snel verder! Renewi geeft onze afvalstromen nieuw leven en zet ze om in nieuwe materialen. Onze medewerkers werken elke dag samen aan dit mooie doel! Ze maken van onze planeet een betere plek. Daarom is Renewi op zoek naar een: Technieker Roeselare Je komt terecht in een team van ervaren technici en wij zorgen voor de nodige extra opleidingen. Wie zijn wij? In het kort… Het resultaat van ons werk? Minder afval, slimmer (her)gebruik van schaarse grondstoffen en minder CO2-uitstoot. Zo werken we aan een schonere, circulaire wereld waarin afval niet meer bestaat. Wist je dat... Onze collega’s Renewi aanbevelen vanwege het team, duurzaamheidsdoelstellingen en werkzekerheid met ontwikkelmogelijkheden? Op dit moment 1 op de 5 vacatures intern wordt ingevuld, wat interne doorgroei stimuleert? Als technieker ben je verantwoordelijk voor de volgende taken: Je biedt technische ondersteuning voor het productieproces en doet aanbevelingen om het functioneren van de afdeling te verbeteren. Je voert onderhoud uit aan de installaties. Je bent verantwoordelijk voor het controleren en repareren van elektrische of mechanische installaties. Je analyseert de elektrische storingen op de machines en lost het probleem zo snel mogelijk op. Wat we verwachten: Meer dan ervaring zijn we op zoek naar iemand die de wil heeft om bij te leren tijdens de job. Je hebt een opleiding in industriële elektriciteit, of elektromechanica of je bent gelijk door ervaring. Je bent bereid om in 2 ploegen te werken. Je bent vindingrijk, onafhankelijk en positief. Je bent een teamspeler, je tea",fr,https://www.stepstone.be/offres-d-emploi--Technieker-8800-Roeselare-Belgie-Renewi--2178242-inline.html,stepstone
2178225,Vacature Zorgkundige in de nacht - WZC Heydeveld (vervangingscontract tot eind juli 2026),Introductie,1745 Opwijk,,,,"Pour les recruteurs Comparateur de salaire Mes Offres Se connecter Trouver un emploi Vacature Zorgkundige in de nacht - WZC Heydeveld (vervangingscontract tot eind juli 2026) Korian Belgium NV Ringlaan 28/30, 1745 Opwijk, België Publiée: il y a 4 heures Vous serez l’un des 1er candidats Sauvegarder Vacature Zorgkundige in de nacht - WZC Heydeveld (vervangingscontract tot eind juli 2026) Korian Belgium NV Sauvegarder Introductie Korian België is sinds 2005 actief in de residentiële zorg voor ouderen en kwetsbaren, alsook in de thuiszorg, thuisverpleging en thuiszorgwinkels. Elke dag staan 10.000 medewerkers in voor de zorg van meer dan 13.000 bewoners in 116 voorzieningen verspreid over gans België. Daarnaast werken er nog 600 medewerkers in de thuiszorg, waaronder een 150-tal zelfstandige verpleegkundigen in de thuisverpleging. Zorgjobs.beis dé gratis jobsite voor werkzoekenden in de zorgsector. Vind dagelijks duizenden jobs in de zorg voor verpleegkundigen, artsen, apothekers, kinesitherapeuten, zorgkundigen, zorgmanagers en andere zorgprofessionals . Solliciteer rechtstreeks bij ziekenhuizen, woonzorgcentra, thuisverpleging en zorgbedrijven met actuel zorgvacaturese voor vast of deeltijds werk in de gezondheidszorg. Wil je als eerste op de hoogte zijn van nieuwe zorgjobs ? Stel ee jobalertn in en ontvang dagelijks automatisch de meest relevant zorgvacaturese in je mailbox — volledig gratis. Jouw verantwoordelijkheden ’s Nachts ben jij het rustpunt in onze residentie. Je staat in voor de zorgkundige taken en zorgt ervoor dat onze bewoners zich veilig, gehoord en verzorgd voelen. Zo draag je bij aan de optimale zorg- en dienstverlening én bouw je waardevolle relaties op met onze residenten. Wie jij bent: ???? Nachtzorgkundige met een warm hart gezocht! We zijn op zoek naar een collega met het hart op de juiste plaats en een passie voor ouderenzorg. Iemand die houdt van werken met ouderen in een warme, dynamische omgeving. Iemand die graag lacht, het leven niet te se",fr,https://www.stepstone.be/offres-d-emploi--Vacature-Zorgkundige-in-de-nacht-WZC-Heydeveld-vervangingscontract-tot-eind-juli-2026-Ringlaan-28-30-1745-Opwijk-Belgie-Korian-Belgium-NV--2178225-inline.html,stepstone
2178196,Winkelbediende Slagerij Sint-Idesbald (M/V/X),Introductie,2025 Français,,,,"Pour les recruteurs Comparateur de salaire Mes Offres Se connecter Trouver un emploi Winkelbediende Slagerij Sint-Idesbald (M/V/X) Slagerij Dierendonck Bvba KOKSIJDE Publiée: il y a 4 heures Vous serez l’un des 1er candidats Sauvegarder Winkelbediende Slagerij Sint-Idesbald (M/V/X) Slagerij Dierendonck Bvba Sauvegarder Introductie Voor onze winkel in Sint-Idesbald zijn we op zoek naar gedreven winkelbediende die mee zijn/haar schouders wil zetten onder een sterk merk met een verhaal. Bij Dierendonck draait alles rond ambacht, terroir en kwaliteit – van boer tot bord. Als winkelmedewerker word jij een belangrijke schakel in het contact met onze klanten én in het uitdragen van onze waarden. Heb jij een passie voor vlees, vakmanschap en klantgericht werken? Dan verwelkomen we je graag in ons team! Functie Als winkelbediende ben jij het gezicht van ons familiebedrijf. Je draagt onze waarden – authenticiteit, vakmanschap en respect voor het product – actief uit naar onze klanten. Met jouw klantvriendelijke houding en passie voor duurzaam vlees zorg je voor een warm onthaal en professioneel advies aan elke klant. Je staat mee in voor een vlotte bediening, het aanvullen en presenteren van de toonbank en het dagelijks onderhouden van een nette, ordelijke winkelomgeving. ’s Ochtends bereid je de winkel voor volgens de Dierendonck-filosofie en bij sluiting zorg je ervoor dat alles netjes en opgeruimd achterblijft. Jouw profiel Profiel • Je zet de klant altijd centraal en straalt servicegerichtheid uit • Je hebt oog voor detail, netheid en hygiëne • Je werkt graag in team en neemt spontaan initiatief • Je bent flexibel en vindt weekendwerk vanzelfsprekend • Je bent vlot in de omgang en communicatief sterk • Je spreekt Nederlands en hebt een basiskennis Frans • Je ziet werk en pakt het aan met verantwoordelijkheidszinOpleiding & ervaring Ervaring in een voedingswinkel of horeca is een plus, maar geen vereiste. Wat voor ons het zwaarst doorweegt is jouw motivatie, werkethiek en ",fr,https://www.stepstone.be/offres-d-emploi--Winkelbediende-Slagerij-Sint-Idesbald-M-V-X-KOKSIJDE-Slagerij-Dierendonck-Bvba--2178196-inline.html,stepstone
2178239,Beleggingsadviseur - Regio Ieper,Over ons:,"Trybou Ieper, Ter Waarde 63, 8900 IeperDienstverband: Fulltime Een uitdagende en afwisselende functie binnen een groeiende organisatie. Een marktconform salaris met aantrekkelijke arbeidsvoorwaarden. Een collegiale en stimulerende werkomgeving. Mogelijkheden voor professionele ontwikkeling Interesse? Group Trybou BV 1 Job Des offres d'emploi similaires Procescoördinator Productie Labcorp Mechelen il y a 9 heures NOUVEAU Lab analyst PROGRESSIVE Mechelen il y a 4 jours Business Development Manager Biometrics SGS Group Belgium Mechelen il y a 4 jours Head of Lab Services European Molecular Biology Laboratory (EMBL) Grenoble il y a 1 jour Test Automation Engineer Smals Brussel Télétravail possible il y a 5 jours Test Analyst Smals Brussel Télétravail possible il y a 5 jours Head of Clinical Project Management SGS Group Belgium Mechelen il y a 12 heures NOUVEAU R&D Project Engineer Introduce Aalst Télétravail possible Candidature facile il y a 2 jours Treintechnieker elektrische onderdelen Mechelen NMBS-SNCB Mechelen il y a 1 jour Specialist elektronica Mechelen NMBS-SNCB Mechelen il y a 1 jour Stepstone Qui sommes-nous Espace Presse Devenez partenaire Candidat Carrière chez Stepstone Conseils de carrière FAQ Recruteur Pourquoi Stepstone Actualités recrutement Publier une annonce Recrutement international: THE NETWORK Restons en contact Donnez-nous votre avis Apps Déclaration de confidentialité Conditions d'utilisation Contactez-nous Conditions générales de vente THE NETWORK The Stepstone Group GmbH © 2025 Français",,,,"omschrijving: Als Beleggingsadviseur bij Trybou ben je verantwoordelijk voor het adviseren van klanten over hun beleggingsportefeuille en het ontwikkelen van strategische beleggingsplannen. Je analyseert financiële markten en trends, en biedt deskundig advies om de beleggingsdoelstellingen van klanten te optimaliseren. Je speelt een cruciale rol in het opbouwen en onderhouden van sterke klantrelaties. Taken en verantwoordelijkheden: Adviseren van klanten over beleggingsmogelijkheden en -strategieën, rekening houdend met hun financiële situatie en doelstellingen. Analyseren van financiële markten, economische trends en beleggingsproducten. Opstellen en beheren van beleggingsportefeuilles voor klanten. Monitoren van de prestaties van beleggingsportefeuilles en proactief aanpassen van strategieën indien nodig. Opbouwen en onderhouden van duurzame klantrelaties door regelmatige communicatie en follow-ups. Blijven up-to-date met ontwikkelingen in de beleggingswereld en relevante wet- en regelgeving. Samenwerken met andere afdelingen binnen de organisatie om een geïntegreerde dienstverlening te bieden. Profiel: Minimaal een bachelordiploma in een financiële of economische richting of gelijkgesteld door ervaring. Aantoonbare ervaring in een vergelijkbare functie binnen de financiële sector is een plus. Een gezonde interesse in financiële markten, beleggingsproducten en -strategieën. Sterke analytische vaardigheden en een strategisch denkvermogen. Uitstekende communicatieve en interpersoonlijke vaardigheden. Resultaatgericht, proactief en vooral klantgericht. Wat wij bieden: Locatie: Trybou Ieper, Ter Waarde 63, 8900 IeperDienstverband: Fulltime Een uitdagende en afwisselende functie binnen een groeiende organisatie. Een marktconform salaris met aantrekkelijke arbeidsvoorwaarden. Een collegiale en stimulerende werkomgeving. Mogelijkheden voor professionele ontwikkeling Interesse? Group Trybou BV 1 Job Des offres d'emploi similaires Procescoördinator Productie Labcorp Mechelen il y a 9 heures NOUVEAU Lab analyst PROGRESSIVE Mechelen il y a 4 jours Business Development Manager Biometrics SGS Group Belgium Mechelen il y a 4 jours Head of Lab Services European Molecular Biology Laboratory (EMBL) Grenoble il y a 1 jour Test Automation Engineer Smals Brussel Télétravail possible il y a 5 jours Test Analyst Smals Brussel Télétravail possible il y a 5 jours Head of Clinical Project Management SGS Group Belgium Mechelen il y a 12 heures NOUVEAU R&D Project Engineer Introduce Aalst Télétravail possible Candidature facile il y a 2 jours Treintechnieker elektrische onderdelen Mechelen NMBS-SNCB Mechelen il y a 1 jour Specialist elektronica Mechelen NMBS-SNCB Mechelen il y a 1 jour Stepstone Qui sommes-nous Espace Presse Devenez partenaire Candidat Carrière chez Stepstone Conseils de carrière FAQ Recruteur Pourquoi Stepstone Actualités recrutement Publier une annonce Recrutement international: THE NETWORK Restons en contact Donnez-nous votre avis Apps Déclaration de confidentialité Conditions d'utilisation Contactez-nous Conditions générales de vente THE NETWORK The Stepstone Group GmbH © 2025 Français",fr,https://www.stepstone.be/offres-d-emploi--Beleggingsadviseur-Regio-Ieper-Ieper-Belgie-Group-Trybou-BV--2178239-inline.html,stepstone
2175967,Assistant(e) Huissier de Justice,Introduction,1081 Koekelberg,,,,"Pour les recruteurs Comparateur de salaire Mes Offres Se connecter Trouver un emploi Assistant(e) Huissier de Justice SDS BV Wemmel Contrat fixe à durée indéterminée Plein temps Publiée: il y a 13 heures Vous serez l’un des 1er candidats Sauvegarder Assistant(e) Huissier de Justice SDS BV Sauvegarder Introduction Vous cherchez un emploi où vous pouvez vraiment faire la différence? Situé dans un bâtiment moderne à Wemmel, notre bureau place les employés au centre de ses priorités. Nous offrons un environnement de travail extrêmement agréable où votre confort est primordial. Notre gestion ouverte et transparente accorde une grande importance à la contribution de chaque individu et encourage le développement personnel et professionnel. Chez nous, vous êtes bien plus qu'un simple employé ; vous êtes une partie essentielle d'une équipe dynamique qui se réunit régulièrement pour des activités de team building et des rencontres relaxantes. Dans notre approche du métier d'huissier de justice, nous combinons la médiation avec une touche humaine. Nous nous efforçons d'atteindre d'abord un résultat optimal pour toutes les parties dans un conflit par la médiation. Cela démontre notre engagement à être plus que de simples exécuteurs d'ordres judiciaires. Lorsque la médiation s'avère insuffisante, nos huissiers de justice assument leurs responsabilités judiciaires avec le même professionnalisme et la même intégrité. Vos responsabilités Votre rôle : En tant qu'assistant(e), vous serez impliqué(e) dans divers aspects du métier d'huissier de justice, tant dans la phase amiable que judiciaire. Vos tâches comprendront : La gestion de vos propres dossiers. La rédaction d'actes (assignations, paiements, saisies, ...) et la négociation de plans de paiement. La communication avec les clients et les débiteurs par téléphone et par correspondance écrite. Le contact personnel avec les débiteurs au guichet. Le traitement et l'archivage des documents. Qui recherchons-nous ? Un(e) administratif(",fr,https://www.stepstone.be/offres-d-emploi--Assistante-Huissier-de-Justice-Wemmel-SDS-BV--2175967-inline.html,stepstone
2178190,Administratieve Onboarding Specialist,Waar kom je terecht?,2025 Français Dismiss popup Connexion ou inscription Adresse e-mail Continuer ou utiliser Google LinkedIn En vous inscrivant,,,,"Pour les recruteurs Comparateur de salaire Mes Offres Se connecter Trouver un emploi Administratieve Onboarding Specialist Headit bv KONTICH Publiée: il y a 4 heures Vous serez l’un des 1er candidats Sauvegarder Administratieve Onboarding Specialist Headit bv Sauvegarder Waar kom je terecht? Headit is op zoek naar een enthousiaste Administratieve Onboarding Specialist voor internationale klantendossiers! Wil jij je administratieve en communicatieve vaardigheden inzetten in een internationale omgeving? Ben je nauwkeurig, servicegericht en leergierig? Voor een groeiende organisatie zoeken wij een klantgerichte Administratieve Onboarding Specialist die graag mee bouwt aan de aansluiting van nieuwe klanten. Een internationaal actieve KMO met korte communicatielijnen en een hecht team. De organisatie ondersteunt ondernemingen wereldwijd bij payroll- en HR-processen in verschillende Europese landen. Jouw verantwoordelijkheden Over de rol: Als Administratieve Onboarding Specialist ben jij het eerste aanspreekpunt voor internationale klanten en hun medewerkers. Je begeleidt het volledige onboardingproces en zorgt voor een correcte en tijdige administratie. Na een interne opleiding groei je uit tot volwaardige Consultant. Wat houdt jouw rol juist in? Adviseren van potentiële klanten bij de opstart van payroll in het buitenland. Telefonisch begeleiden van klanten vanaf de eerste fase en opvolging van het proces. Verzenden en opvolgen van offertes, contracten en aansluitpakketten met de nodige documenten. Controleren van volledigheid en correctheid van klantendocumenten. Invoeren van gegevens in interne systemen en verwerking bij de juiste partners en instanties, in verschillende landen. Nauwe samenwerking met interne departementen in het kader van dossieropvolging. Wie ben jij? Je hebt een bachelor werk- en denkniveau of gelijkwaardige ervaring. Je bent administratief sterk en hebt een talenknobbel. Je spreekt en schrijft vloeiend Nederlands en Engels; kennis van Frans en/of ",fr,https://www.stepstone.be/offres-d-emploi--Administratieve-Onboarding-Specialist-KONTICH-Headit-bv--2178190-inline.html,stepstone
2158378,Engineer Research & Development,Introductie,2025 Français,,,,"omschrijving Je gaat concepten van klanten vertalen naar een modulair systeem Je maakt 3D ontwerpen van verpakkingsmachines Je zorgt voor berekeningen en onderzoekt wat van toepassing is op jouw huidige project Je past technische dossiers aan waar nodig Je ontvangt leveranciers en maakt de afweging tussen prijs en kwaliteit Jouw profiel Je hebt ervaring met 3D tekenen, kennis van een tekenprogramma zoals bijvoorbeeld Solidworks is een plus Je bent vlot met de computer, office,... Je hebt technisch inzicht en zet graag de puntjes op de i Je werkt graag in teamverband TG-Packaging BV 9 Jobs Des offres d'emploi similaires HVAC Engineer - Chemie - Uitstekend Loon + Work-Life Balance GS Recruitment BV Haven van Antwerpen (Linkeroever) Télétravail possible il y a 3 jours Project Engineer (multidisciplinair) - Topbedrijf in de Voeding - Aantrekkelijk Loon GS Recruitment BV Regio Oostkamp il y a 4 jours Project Engineer - (kennis Eplan) Actemium Beveren-Kruibeke-Zwijndrecht il y a 2 jours Group Waste Engineer - regio Antwerpen - Chocolade Michael Page Antwerpen il y a 2 jours Reliability Engineer met wagen Tankopslag Kallo Michael Page Kallø il y a 4 jours Maintenance Engineer - Ultramoderne Wereldleider - Uitdaging + Mooi Loon GS Recruitment BV Haven van Antwerpen (Linkeroever) Télétravail possible il y a 5 jours Group Quality Engineer Agristo Nv Wielsbeke il y a 11 heures NOUVEAU Mechanical Engineer (Chemie - Antwerpen) PROGRESSIVE Antwerpen il y a 1 jour Site Manager / Werfleider Cegelec Beveren-Kruibeke-Zwijndrecht il y a 1 semaine Elektrotechnisch installateur Cegelec Beveren-Kruibeke-Zwijndrecht il y a 1 semaine Stepstone Qui sommes-nous Espace Presse Devenez partenaire Candidat Carrière chez Stepstone Conseils de carrière FAQ Recruteur Pourquoi Stepstone Actualités recrutement Publier une annonce Recrutement international: THE NETWORK Restons en contact Donnez-nous votre avis Apps Déclaration de confidentialité Conditions d'utilisation Contactez-nous Conditions générales de vente THE NETWORK The Stepstone Group GmbH © 2025 Français",fr,https://www.stepstone.be/offres-d-emploi--Engineer-Research-Development-Beveren-Kruibeke-Zwijndrecht-TG-Packaging-BV--2158378-inline.html,stepstone
2158384,Enthousiaste poetshulp Gent,Introductie,9000 Gent,,,,"Pour les recruteurs Comparateur de salaire Mes Offres Se connecter Trouver un emploi Enthousiaste poetshulp Gent Diensten-aan-huis GENT Contrat fixe à durée indéterminée Plein temps Publiée: il y a 12 heures Vous serez l’un des 1er candidats Sauvegarder Enthousiaste poetshulp Gent Diensten-aan-huis Sauvegarder Introductie Word je gelukkig in een propere en opgeruimde woning? Help je graag anderen? Zoek je een flexibele job die je gemakkelijk kan combineren met het gezinsleven? Dan is de job als huishoudhulp ideaal voor jou! Jouw verantwoordelijkheden Als thuishulp bij Daenens sta je in voor het huishouden van enkele gezinnen waar je op vaste basis langskomt. Je kent jouw klanten en weet dus waar je ze gelukkig mee kan maken. Zo ga je vlot aan het werk en zorg je voor een wow-effect als de klant thuiskomt. Jouw profiel Ben je enthousiast, vriendelijk, sociaal en hulpvaardig? Neem je graag initiatief? Kan je zelfstandig werken? Dan heb je bij Daenens al meteen een streepje voor! Een basiskennis van het Nederlands is super maar ook als je énkel een basiskennis van het FR of ENG hebt, kan je bij ons aan de slag. Ons aanbod Heb je nog geen ervaring? Geen nood, we begeleiden je met opleidingen en begeleiding op maat binnen Daenens. Want bij ons word je goed omringd! Daenens hecht veel belang aan gelijke kansen en diversiteit en moedigt iedereen aan om te solliciteren, ongeacht geslacht, afkomst, geloof, enz. Ook 45-plussers en personen met een functiebeperking zijn van harte welkom. Diensten-aan-huis 51 Jobs Localisation Diensten-aan-huis 9000 Gent, België Afficher la carte Temps de trajet De: À: Via: En voiture Transports en commun À pied À vélo Calculer mon temps de trajet - - : - - Des offres d'emploi similaires Medewerker schoonmaak - 21u (vroege) Sodexo België Gent il y a 1 jour Medewerker schoonmaak - 15u (late) Sodexo België Gent il y a 1 jour Verantwoordelijke Stroombeheer bij Ivago Poolstok Gent il y a 4 jours Onderstationschef Gent NMBS-SNCB Gent il y a 1 jour M",fr,https://www.stepstone.be/offres-d-emploi--Enthousiaste-poetshulp-Gent-GENT-Diensten-aan-huis--2158384-inline.html,stepstone
2176229,Collaborateur/Collaboratrice Technique,Introduction,2025 Suivre les travaux d,,,,"Pour les recruteurs Comparateur de salaire Mes Offres Se connecter Trouver un emploi Collaborateur/Collaboratrice Technique Kanal Bruxelles Contrat fixe à durée indéterminée Plein temps Publiée: il y a 13 heures Vous serez l’un des 1er candidats Sauvegarder Collaborateur/Collaboratrice Technique Kanal Sauvegarder Introduction KANAL-Centre Pompidou est un nouveau musée interdisciplinaire d’art moderne et contemporain à Bruxelles. Le musée sera installé dans les anciens bâtiments du garage Citroën à Yser, le long du canal. Le programme de KANAL est composé d'expositions, de présentations de collections, d'événements live et de créations d'artistes à la reconnaissance internationale ou au début de leur parcours. Son offre, conçue par et pour les publics, est multidisciplinaire: de la musique au cinéma, de la peinture aux médias numériques, de la sculpture à la performance. KANAL-Centre Pompidou est initié par la Région de Bruxelles-Capitale. Le développement et la gestion du musée sont confiés à la Fondation KANAL en collaboration avec le Centre Pompidou. Vos missions et responsabilités : En tant que collaborateur.rice technique, vous exercez vos fonctions sous l’autorité du responsable de la maintenance technique au sein de la Direction Bâtiment, avec pour missions et responsabilités principales de : Vos missions et responsabilités : En tant que collaborateur.rice technique, vous exercez vos fonctions sous l’autorité du responsable de la maintenance technique au sein de la Direction Bâtiment, avec pour missions et responsabilités principales de : Phase 1 : jusqu’à la réception provisoire des installations prévue fin 2025 Suivre les travaux d’exécution des techniques spéciales liées au chantier du site principal de KANAL, Participer au suivi et aux réceptions techniques d’ici l’automne 2025, en collaboration avec les différents intervenants (l’entreprise générale en charge des travaux et ses sous-traitants, les auteurs de projet, le bureau d’étude et la société de main",fr,https://www.stepstone.be/offres-d-emploi--Collaborateur-Collaboratrice-Technique-Brussel-Kanal--2176229-inline.html,stepstone
2178241,HR Director,Job description,2025 Français,,,,"Job description Wygwam, a division of Niko, is a dynamic organization committed to delivering innovative human resources solutions across multiple countries. We are currently undergoing an exciting phase of transformation and seeking a HR Director to join our team and lead our international HR strategy, ensuring alignment with our global business objectives while respecting local regulations and cultural nuances. Your tasks The Opportunity As our new HR Director, you will be instrumental in developing and executing HR strategies across diverse international markets. You will lead a team of regional HR specialists and play a pivotal role in driving talent acquisition, performance management, and employee engagement initiatives that enhance our organizational culture and support our business growth. This position reports directly to the CEO and is a key member of the Management Team (MT). Key responsibilities Design and implement international HR policies and programs that align with business needs across various markets. Lead and mentor a team of regional HR specialists (currently 3-4 people), fostering collaboration and best practices. Develop and manage international talent acquisition strategies to attract top talent globally. Create and oversee competitive global compensation and benefits programs compliant with local regulations. Drive performance management initiatives and succession planning to ensure organizational effectiveness. Oversee learning and development programs tailored to regional and cultural needs. Ensure compliance with employment laws and regulations across all operating countries. Manage employee relations issues and promote a positive workplace culture across international locations. Champion diversity, equity, and inclusion initiatives within our global operations. Develop and monitor HR budgets across multiple regions. Your profile Profile Qualifications Bachelor's degree required, Master's degree in HR, International Business, or related field preferred 10+ years of progressive HR experience with at least 5 years in international HR leadership roles Demonstrated experience managing HR functions across multiple countries and regions Strong knowledge of employment laws, immigration regulations, and cross-border HR practices Experience with international compensation structures and benefits administration Excellent cultural awareness and demonstrated ability to work effectively across diverse cultures Strong leadership skills with experience managing remote and multicultural teams Fluency in English required; proficiency in additional languages highly desirable We offer Vacancy details General information Reference Position description Job title Contract Permanent contract Contractual hours Full-time We offer A challenging role with significant impact on business growth and performance Opportunity to work in an exciting and varied position within a professional environment Competitive salary complemented by a comprehensive benefits package Professional growth and development opportunities A culture that encourages responsibility and initiative A collaborative environment with friendly, open colleagues you can build on Continuous innovation with new quality solutions being launched regularly The chance to be part of a professional, solid-growing company with a clear vision for the future Niko 4 Jobs Des offres d'emploi similaires HVAC Engineer - Chemie - Uitstekend Loon + Work-Life Balance GS Recruitment BV Haven van Antwerpen (Linkeroever) Télétravail possible il y a 3 jours Project Engineer (multidisciplinair) - Topbedrijf in de Voeding - Aantrekkelijk Loon GS Recruitment BV Regio Oostkamp il y a 4 jours Project Engineer - (kennis Eplan) Actemium Beveren-Kruibeke-Zwijndrecht il y a 2 jours Group Waste Engineer - regio Antwerpen - Chocolade Michael Page Antwerpen il y a 2 jours Reliability Engineer met wagen Tankopslag Kallo Michael Page Kallø il y a 4 jours Maintenance Engineer - Ultramoderne Wereldlei",fr,https://www.stepstone.be/offres-d-emploi--HR-Director-Antwerp-Niko--2178241-inline.html,stepstone
2158385,HANDLANGER,Jouw verantwoordelijkheden,2025 Français,,,,"Pour les recruteurs Comparateur de salaire Mes Offres Se connecter Trouver un emploi HANDLANGER Schoofs NV TONGEREN-BORGLOON Contrat fixe à durée indéterminée Plein temps Publiée: il y a 12 heures Vous serez l’un des 1er candidats Sauvegarder HANDLANGER Schoofs NV Sauvegarder Jouw verantwoordelijkheden Als handlanger sta je in voor het realiseren van metselwerken bij zowel nieuwbouw, renovatie als totaalprojecten. Je assisteert een ploeg metselaars. Je zorgt ervoor dat deze metselaars gedurende heel de dag aan het werk blijven. Jouw profiel Hou je ervan om je handen uit de mouwen te steken en wil je deel uitmaken van ons dynamisch team? We zijn op zoek naar mensen die nog graag op de werf bijleren en tevens werkwillig en gemotiveerd zijn. Je probeert jezelf steeds te verbeteren. Schoofs NV 3 Jobs Des offres d'emploi similaires Assistant Manager Heusden Carrefour Belgium Heusden il y a 2 jours Kwaliteitsmedewerker Glass Carglass Bilzen-Hoeselt il y a 2 jours Verkoper / Verkoopster Verisure Hasselt il y a 6 jours Werkvoorbereider Bekisting Stadsbader NV Houthalen il y a 2 jours MONTEUR WERFINSTALLATIES Stadsbader NV Houthalen il y a 2 jours Carrossier montage/demontage BMW JOY'N US A&M, Genk il y a 3 jours Service & Instrumentatie Technieker Enginity Houthalen-Helchteren il y a 5 jours Diensthoofd Stadswerken HUDSON Maaseik il y a 4 jours Inspecteur Elektriciteit (M/V/X) Vinçotte Limburg il y a 3 jours Diagnosetechnieker BMW JOY'N US A&M, Hasselt il y a 1 jour Stepstone Qui sommes-nous Espace Presse Devenez partenaire Candidat Carrière chez Stepstone Conseils de carrière FAQ Recruteur Pourquoi Stepstone Actualités recrutement Publier une annonce Recrutement international: THE NETWORK Restons en contact Donnez-nous votre avis Apps Déclaration de confidentialité Conditions d'utilisation Contactez-nous Conditions générales de vente THE NETWORK The Stepstone Group GmbH © 2025 Français",fr,https://www.stepstone.be/offres-d-emploi--HANDLANGER-TONGEREN-BORGLOON-Schoofs-NV--2158385-inline.html,stepstone
2175953,HR & Payroll consultant,Word deel van ons groeiend team bij Bluesalt HR!,1982 Elewijt,,,,"Pour les recruteurs Comparateur de salaire Mes Offres Se connecter Trouver un emploi HR & Payroll consultant Bluesalt HR Elewijt Contrat fixe à durée indéterminée Plein temps Publiée: il y a 13 heures Vous serez l’un des 1er candidats Sauvegarder HR & Payroll consultant Bluesalt HR Sauvegarder Word deel van ons groeiend team bij Bluesalt HR! Ben je op zoek naar een veelzijdige functie vol uitdagingen bij een dynamisch en groeiend bedrijf? Wil je zowel professioneel als persoonlijk groeien? Als HR Payroll-Consultant bij Bluesalt HR speel je een cruciale rol in de ontwikkeling van ons bedrijf. Onze missie: Wij bieden klanten een uitgebreid palet aan HR-diensten, waarbij we ons onderscheiden door een werkelijk persoonlijke benadering. We geloven sterk in het belang van de mens achter de consultant; jouw welzijn en ontwikkeling staan centraal. Jouw rol: Autonoom Beheer: Je beheert zelfstandig diverse opdrachten bij onze klanten en fungeert als expert op verschillende domeinen, waaronder: Payroll Personeelsadministratie: on- en offboarding, beheer van sociale documenten, verlofaanvragen, en optimalisatie van beleid Sociale wetgeving Compensation & Benefits En meer Vertrouwenspersoon: Je biedt deskundig en betrouwbaar advies, waarbij je optreedt als vertrouwenspersoon voor de klant. Klantrelaties: Je speelt een actieve rol in het onderhouden en uitbreiden van onze klantenportefeuille. Innovatie: Je neemt initiatief en denkt proactief mee over innovatie en uitbreiding van onze activiteiten. Jouw werkgebied: Je werkt voornamelijk bij klanten in jouw regio. Jouw profiel Een bachelor in HR of vergelijkbare ervaring. Minstens 5 jaar ervaring met payroll en diepgaande kennis van de Belgische (en eventueel Nederlandse) sociale wetgeving. Uitgebreide interesse in alle HR-domeinen en potentieel om door te groeien naar een generalistische rol. Vloeiend in Nederlands, Frans en/of Engels Uitstekende analytische vaardigheden, communicatief sterk, flexibel en zelfstandig. Ons aanbod Ma",fr,https://www.stepstone.be/offres-d-emploi--HR-Payroll-consultant-Elewijt-Bluesalt-HR--2175953-inline.html,stepstone
2178191,IT Application Manager / IT Project Manager,Introductie,2025 Français,,,,"Pour les recruteurs Comparateur de salaire Mes Offres Se connecter Trouver un emploi IT Application Manager / IT Project Manager Connect-ICT BV WIJNEGEM Publiée: il y a 4 heures Vous serez l’un des 1er candidats Sauvegarder IT Application Manager / IT Project Manager Connect-ICT BV Sauvegarder Introductie Ben jij die gedreven leider met een passie voor IT en innovatie? Kennis en verantwoordelijkheden: Als Application Manager / Project Manager stuur je een team van drie getalenteerde medewerkers aan en werk je samen met het ICT-team om een stabiel, veilig en toekomstbestendig applicatielandschap te maken.Jij zorgt voor duurzame oplossingen, slimme processen en sterke samenwerking! Leiding geven aan team van 3 medewerkers (2 in België, 1 in Nederland) Onderhouden van optimale samenwerking met ICT collega’s corporate centraal team (UK) Uitbouwen van een sustainable applicatielandschap Beheren van applicatielandschap Eigen ontwikkeling – Power Apps API’s / WEB Services via ESB ERP: Navision (BE) + Metacom (NL) Microsoft omgeving: Outlook, SharePoint, … 2 nd line support kritische applicaties Magic (Planning & HR) WOM (Work Order Management) Documentatie up-to-date houden, kennisoverdracht garanderen, permanentie voorzien Azure gebruik en kost monitoren en onder controle houden Projecten: Opzetten van Enterprise Service Bus (Workato) Navision configuratie aanpassingen Peppol configuratie SharePoint Migratie Oplossen storage issues NAS Migratie van on prem hosting datacenter UK naar Azure Cloud Implementatie van nieuwe vennootschappen (vaste inrichting) Integratie/communicatie met nieuwe Sorteerrobot SAM Skills – verwachtingen: Sterke teamplayer (collega’s – andere departementen, NL/BE, binnen IT) Goede communicator Verbindend en bruggenbouwer Sterk in aansturen, coachen 1*1 gesprekken, Evaluatiegesprekken + doelstellingen definiëren en opvolgen Optimale samenwerking met leveranciers Voldoende technische kennis Meedenkend Oplossingsgericht Ervaring met tendering Talenkenn",fr,https://www.stepstone.be/offres-d-emploi--IT-Application-Manager-IT-Project-Manager-WIJNEGEM-Connect-ICT-BV--2178191-inline.html,stepstone
2178183,Interne communicatie specialist,Ben jij de nieuwe collega die wij zoeken? We komen er samen achter door volgende stappen:,2025 het provinciehuis,,,,"Pour les recruteurs Comparateur de salaire Mes Offres Se connecter Trouver un emploi Interne communicatie specialist Provincie Antwerpen Antwerpen Contrat fixe à durée indéterminée Plein temps Publiée: il y a 5 heures Vous serez l’un des 1er candidats Sauvegarder Interne communicatie specialist Provincie Antwerpen Sauvegarder Voor onze communicatiedienst zoeken we een communicatiespecialist interne communicatie. Onze communicatiedienst ondersteunt zowel de interne als externe communicatie van de provincie. Samen met je collega’s zorg je ervoor dat onze interne communicatiekanalen worden voorzien van sterke en relevante content. Met jouw expertise bouw je mee aan een positief beeld van de provincie, versterk je ons merk en verbind je collega’s met elkaar. Je komt terecht in een hecht team van vier collega’s, waar collegiale steun, creativiteit en eigen initiatief écht gewaardeerd worden. Als interne communicatie specialist ben je mee verantwoordelijk voor het uitbouwen van een krachtige interne communicatiestrategie voor de provincie Antwerpen. Je adviseert communicatiecollega’s doorheen de hele organisatie en zorgt ervoor dat onze interne communicatiekanalen optimaal functioneren. Interne communicatiestrategie Je brengt de noden en verwachtingen van de interne communicatie in kaart. Je werkt samen met de communicatieverantwoordelijken van de ondersteunende diensten (zoals personeel, financiën, logistiek en IT) om, vanuit een gedeelde visie, mee vorm te geven aan een gedragen strategie en duidelijke doelstellingen voor de interne communicatie. Je leidt het project interne communicatie: je maakt een plan van aanpak, zorgt voor een planning en volgt de uitvoering op. Eindverantwoordelijke intranet Als Product Owner ben jij de eindverantwoordelijke voor het intranet. Je beheert de dagelijkse werking en ondersteunt intranetauteurs. Je coördineert het verbetertraject en werkt daarbij samen met de technische partner, het intranetbeheersteam en ICT-collega’s. Je geeft advie",fr,https://www.stepstone.be/offres-d-emploi--Interne-communicatie-specialist-Antwerpen-Provincie-Antwerpen--2178183-inline.html,stepstone
2137750,Key Account Manager Oost- en West-Vlaanderen,Over ons :,1730 Asse,,,,"Pour les recruteurs Comparateur de salaire Mes Offres Se connecter Trouver un emploi Key Account Manager Oost- en West-Vlaanderen Helukabel Belgium Asse Contrat fixe à durée indéterminée Plein temps, Télétravail possible Publiée: il y a 12 heures Sauvegarder Key Account Manager Oost- en West-Vlaanderen Helukabel Belgium Sauvegarder Over ons : Helukabel® is één van de voornaamste kabelproducenten van Duitsland en kan putten uit een uitgebreid gamma aan draad en kabel, speciale kabels, media technologie, Data, Netwerk&Bus technologie, alsook kabelaccessoires. Op dit moment produceren wij voor elke markt en toepassing waar kabel nodig is. Ons omvangrijk logistiek centrum heeft meer dan 33.000 artikelen voorradig en mede daardoor kunnen wij zeer korte levertijden realiseren. Ervaring, expertise en een klantgerichte aanpak vormen de basis voor onze uitstekende reputatie en marktpositie. Jouw verantwoordelijkheden Taken Jouw taken en verantwoordelijkheden : * Je bent verantwoordelijk voor het commerciële succes en de uitbouw van een portfolio van B2B-klanten in Oost- en West-Vlaanderen * Je legt nieuwe contacten, bezoekt prospecten, en onderhoudt bestaande en toekomstige klantenrelaties * Je signaleert nieuwe projecten en zoekt samen met jouw klanten of prospecten naar de beste oplossingen * Je bent verantwoordelijk voor het voorbereiden van prijsoffertes en de opvolging ervan, dit met ondersteuning van de interne sales medewerkers waar je nauw mee samenwerkt Jouw profiel Vereisten Jouw profiel : * Je beschikt over een flinke dosis commerciële flair * Je bent gedreven en ondernemend en dankzij je enthousiaste en klantgerichte instelling weet je deuren te openen en relaties uit te bouwen op langere termijn * Je kan zelfstandig werken met de nodige discipline en bent resultaatgericht * Je werkt nauwkeurig, georganiseerd, flexibel en hebt zin voor initiatief * Je bent vriendelijk, niet bang om te bellen en je werkt graag in teamverband * Je kan vlot werken met MS Office toep",fr,https://www.stepstone.be/offres-d-emploi--Key-Account-Manager-Oost-en-West-Vlaanderen-Asse-Helukabel-Belgium--2137750-inline.html,stepstone
2178211,Leerling Verkoop,Introductie,2025 Français,,,,"Pour les recruteurs Comparateur de salaire Mes Offres Se connecter Trouver un emploi Leerling Verkoop I-Tek Dormaal-Zoutleeuw NV ZOUTLEEUW Publiée: il y a 4 heures Vous serez l’un des 1er candidats Sauvegarder Leerling Verkoop I-Tek Dormaal-Zoutleeuw NV Sauvegarder Introductie ITEK is de specialist in fiets-, fitness-, tuin- en allerhande andere sport-, hobby- en vrijetijdsartikelen. Onze vestigingen zijn gelegen in zowel Nederland als Belgie. Met een alsmaar uitbreidend winkelnetwerk is ITEK een bloeiende en groeiende onderneming met vele kansen voor zij die de uitdaging aangaan ! Voor ons filiaal te Dormaal zijn we dringend op zoek naar een gemotiveerde en gedreven LEERLING - VERKOPER Je taken: Je bent een aanspreekpunt voor de klanten en staat hen met raad en daad bij Je begeleid de klant op professionele wijze in zijn keuze Je houd de winkel en je afdeling steeds netjes en verzorgd . Jouw profiel Je kan zelfstandig werken en bent stressbestendig Je bent sociaal, niet verlegen om de klant aan te spreken, steeds vriendelijk en opgewekt Je bent leergierig en steeds bereid om onze nieuwe producten te leren kennen Je bent bereid tot zaterdagwerk. Geen ervaring vereist, motiviatie daarentegen is des te belangrijker ! I-Tek Dormaal-Zoutleeuw NV 6 Jobs Des offres d'emploi similaires HVAC Engineer - Chemie - Uitstekend Loon + Work-Life Balance GS Recruitment BV Haven van Antwerpen (Linkeroever) Télétravail possible il y a 3 jours Project Engineer (multidisciplinair) - Topbedrijf in de Voeding - Aantrekkelijk Loon GS Recruitment BV Regio Oostkamp il y a 4 jours Project Engineer - (kennis Eplan) Actemium Beveren-Kruibeke-Zwijndrecht il y a 2 jours Group Waste Engineer - regio Antwerpen - Chocolade Michael Page Antwerpen il y a 2 jours Reliability Engineer met wagen Tankopslag Kallo Michael Page Kallø il y a 4 jours Maintenance Engineer - Ultramoderne Wereldleider - Uitdaging + Mooi Loon GS Recruitment BV Haven van Antwerpen (Linkeroever) Télétravail possible il y a 5 jours",fr,https://www.stepstone.be/offres-d-emploi--Leerling-Verkoop-ZOUTLEEUW-I-Tek-Dormaal-Zoutleeuw-NV--2178211-inline.html,stepstone
2178222,Maintenance Planner,Introductie,9690 Kluisbergen,,,,"Pour les recruteurs Comparateur de salaire Mes Offres Se connecter Trouver un emploi Maintenance Planner Bekina NV 9690 Kluisbergen, België Publiée: il y a 4 heures Vous serez l’un des 1er candidats Sauvegarder Maintenance Planner Bekina NV Sauvegarder Introductie Voor onze business unit Bekina NV zijn we momenteel op zoek naar een Maintenance Planner . Jouw uitdaging De Maintenance Planner staat in voor de dagdagelijkse planning en opvolging van het preventief onderhoud in samenspraak met de verschillende productie-afdelingen alsook het mee coördineren van curatieve onderhoudswerkzaamheden. Daarnaast beheert de Maintenance Planner het magazijn spare parts en staat deze in voor het beheer van het CMMS-systeem. Overleggen met productie-afdelingen om preventieve onderhoudswerken efficiënt in te plannen (kort- en langetermijn). Afstemmen met techniekers over uit te voeren taken (tijd, materiaal, mankracht). Inplannen van onderhoud door externe partijen in overleg met interne stakeholders. Prioriteiten stellen bij storingen om kritieke productie snel te herstarten. Materiaalbeheer & Spare Parts Zorgen voor beschikbaarheid van onderdelen en hulpmiddelen voor een vlotte uitvoering. Beheren van het spare parts magazijn: orde, netheid, labelling en organisatie. Afstemmen met budgetverantwoordelijke over beschikbaarheid van spare parts binnen het onderhoudsbudget. Verbeteren van het spare parts beleid op basis van handleidingen, lijsten en interne/externe ervaringen. Documentatie & Kennisborging Up-to-date houden van technische documentatie: handleidingen, service rapporten, elektrische schema’s, part lists, werkinstructies. Opstellen en onderhouden van werkinstructies voor preventief onderhoud. Beschikbaar stellen van as-built elektrische schema’s van machines en schakelkasten. Borgen en delen van opgedane kennis uit herstellingen met relevante partijen. Systeembeheer & Rapportering Opvolgen en beheren van werkorders voor preventief en curatief onderhoud in het CMMS-systeem",fr,https://www.stepstone.be/offres-d-emploi--Maintenance-Planner-9690-Kluisbergen-Belgie-Bekina-NV--2178222-inline.html,stepstone
2178201,Magazijnier,Introductie,2025 Français,,,,"Pour les recruteurs Comparateur de salaire Mes Offres Se connecter Trouver un emploi Magazijnier I-Tek Kaulille NV KAULILLE Publiée: il y a 4 heures Vous serez l’un des 1er candidats Sauvegarder Magazijnier I-Tek Kaulille NV Sauvegarder Introductie ITEK is de specialist in fiets-, fitness-, tuin- en allerhande andere sport-, hobby- en vrijetijdsartikelen. Onze vestigingen zijn gelegen in zowel Nederland als Belgie. Met een alsmaar uitbreidend winkelnetwerk is ITEK een bloeiende en groeiende onderneming met vele kansen voor zij die de uitdaging aangaan ! Voor onze vestiging te Kaulille zijn we dringend op zoek naar een gemotiveerde en professionele Magazijnier. Je Taken: U draagt zorg voor lossen, controleren en wegzetten van binnenkomende goederen. U maakt de verschillende orders van onze filialen klaar op basis van picklijsten. Op basis van tellijsten voert uw geregeld voorraadtellingen uit. Samen met uw collega’s beheert u ons centraal magazijn en u houdt het ordelijk en netjes. U kan zelfstandig werken en bent stressbestendig. U weet van aanpakken en bent niet bang om de handen uit de mouwen te steken ! Jouw profiel Ervaring is niet vereist, motiviatie en doorzettingsvermogen des te meer U bent bereid tot weekendwerk I-Tek Kaulille NV 6 Jobs Des offres d'emploi similaires Account Manager Paperclip International BVBA Oost-Vlaanderen, West-Vlaanderen il y a 1 jour Medior Key Accountmanager | Horeca Sales Talents Gent Télétravail possible il y a 5 jours Account Manager Crown Handling NV Oost-Vlaanderen, West-Vlaanderen il y a 1 jour Account Manager Vlaams-Brabant / Brussel / Waals-Brabant Sales Talents Vilvoorde il y a 3 jours Account Manager Robert Walters Grimbergen il y a 4 jours Account Manager Building (M/V/X) Vinçotte Vilvoorde il y a 11 heures NOUVEAU Accountmanager Oost- en West-Vlaanderen Job Point Drongen il y a 2 jours Accountmanager | Hernieuwbare energie Sales Talents Lokeren il y a 5 jours Key Account Manager – Ingrediënten voor Petfood &amp; Feed Sale",fr,https://www.stepstone.be/offres-d-emploi--Magazijnier-KAULILLE-I-Tek-Kaulille-NV--2178201-inline.html,stepstone
2174999,Manager COMPLUS,Introduction,1974 par un groupe de musiciens désireux de faire valoir leurs droits voisins,,,,"Pour les recruteurs Comparateur de salaire Mes Offres Se connecter Trouver un emploi Manager COMPLUS PlayRight Cvba Bruxelles Contrat fixe à durée indéterminée Plein temps, Télétravail possible Publiée: il y a 13 heures Vous serez l’un des 1er candidats Sauvegarder Manager COMPLUS PlayRight Cvba Sauvegarder Introduction PlayRight sc est la société belge de gestion collective des droits voisins des artistes-interprètes. La société a été créée en 1974 par un groupe de musiciens désireux de faire valoir leurs droits voisins. En 1994, toutes ces modalités ont été régies par la loi relative au droit d’auteur et aux droits voisins et la société a pu débuter le prélèvement et la répartition des droits voisins. PlayRight a un département social, culturel et éducatif. Ce département a été créé en 2013 afin de soutenir les artistes-interprètes et de défendre leurs intérêts au sein du secteur dans lequel ils travaillent. Son principal objectif est donc d’apporter un « plus » à la communauté des artistes interprètes, au travers de différents types de soutien. Vos responsabilités En tant que manager COMPLUS, vous superviserez une équipe de deux collaborat.eur.rice.s et serez responsable du suivi de deux types de tâches : la communication d'entreprise et PlayRight+ (l’aide socioculturelle et éducative de PlayRight). Communication d’entreprise Avec votre équipe et en collaboration avec la direction, l'IT et le département des membres, vous serez responsable de : Le suivi du site web et des médias sociaux de PlayRight ; L'élaboration de newsletters ; Le suivi et la mise en œuvre de la charte graphique ; La rédaction du rapport annuel ; La préparation et le déroulement d'événements, tels que les info-cafés ; L'organisation de l'assemblée générale annuelle ; Le sponsoring d'activités pertinentes, le développement et le suivi de partenariats stratégiques ; Toutes les communications internes et externes pertinentes, le rôle de porte-parole, les contacts avec la presse ; Assister le dir",fr,https://www.stepstone.be/offres-d-emploi--Manager-COMPLUS-Brussel-PlayRight-Cvba--2174999-inline.html,stepstone
2158325,Mobiele schoonmaakmedewerk(st)er regio Oost- & West-Vlaanderen (37h/week),Introductie,9000 GENT,,,,"Pour les recruteurs Comparateur de salaire Mes Offres Se connecter Trouver un emploi Mobiele schoonmaakmedewerk(st)er regio Oost- & West-Vlaanderen (37h/week) Coor Service Management GENT Contrat fixe à durée indéterminée Plein temps Publiée: il y a 12 heures Sauvegarder Mobiele schoonmaakmedewerk(st)er regio Oost- & West-Vlaanderen (37h/week) Coor Service Management Sauvegarder Introductie Voor onze klanten regio Oost- en West-Vlaanderen zijn we op zoek naar een fulltime schoonmaakmedewerk(st)er voor onze mobiele ploeg. Takenpakket: • Schoonmaak & onderhoud van burelen, sanitair, kleedkamers, gangen, eetzalen,... • Met de wagen zelf van de ene werkplaats naar de andere rijden (rijbewijs noodzakelijk) • Gebruikmaken van materialen, machines, producten & technieken • Naleven veiligheidsvoorschriften & kwaliteitsnormen van de klanten • Verbeteringen voorstellen waar nodig Jouw profiel • Rijbewijs B • Geen diplomavereisten • Ervaring in de schoonmaak, met kennis van kleurencodes • Ervaring in werken met schoonmaakmachines is een pluspunt • Nederlands: schrijven • Safety First-mentaliteit • Zelfstandig • Dienstverlenend & klantgericht Ons aanbod Werkuren: 37h/week – maandag tot vrijdag Werken tussen 06h00 en 21h00 (variabel uurrooster*) - 30min pauze/dag * 75% van de vervangingsopdrachten tot nu toe gingen door in de vroege shift. Coor Service Management 2 Jobs Localisation Coor Service Management 9000 GENT, België Afficher la carte Temps de trajet De: À: Via: En voiture Transports en commun À pied À vélo Calculer mon temps de trajet - - : - - Des offres d'emploi similaires Medewerker schoonmaak - 21u (vroege) Sodexo België Gent il y a 1 jour SCHOONMAAK MEDEWERK(ST)ER AVOND - Melle IRIS Eke il y a 1 jour SCHOONMAAK MEDEWERK(ST)ER- Merelbeke/Deinze/Gent/St-Denijs-Westrem IRIS Eke il y a 1 jour SCHOONMAAK MEDEWERK(ST)ER- Oostende /Veurne/Nieuwpoort /Oostkamp /Moerkerke IRIS Eke il y a 1 jour SCHOONMAAK MEDEWERK(ST)ER - Oostende IRIS Eke il y a 1 jour MOBIELE SCHOONMAAK ME",fr,https://www.stepstone.be/offres-d-emploi--Mobiele-schoonmaakmedewerkster-regio-Oost-West-Vlaanderen-37h-week-GENT-Coor-Service-Management--2158325-inline.html,stepstone
2000119,Monteur brandbeveiligingssystemen,Jouw verantwoordelijkheden,1000 Brussel,,,,"Pour les recruteurs Comparateur de salaire Mes Offres Se connecter Trouver un emploi Monteur brandbeveiligingssystemen Somati Vehicles NV Brussel Contrat fixe à durée indéterminée Plein temps Publiée: il y a 12 heures Vous serez l’un des 1er candidats Sauvegarder Monteur brandbeveiligingssystemen Somati Vehicles NV Sauvegarder Jouw verantwoordelijkheden In samenwerking met de werkvoorbereiding, projectleiders: Montage van brandbeveiligingssystemen : beveiligen van elektrische onderstations, computerlokalen, kantoren, ziekenhuizen, industriële installaties, logistieke centra, … Plaatsen bekabeling centrales (drukknoppen, sirenes, detectoren) Aanleg geschroefd en gegroefd buiswerk (werken met draadsnijmachine) Eenvoudige elektrische schema’s en isometrische plannen kunnen interpreteren en uitvoeren Dit alles krijg je mede aangeleerd door een ervaren monteur Jouw profiel Secundair Electro / Mechaniek/Sanitair of gelijkwaardig met ervaring Handige harry: je bent handig in gebruik van elektrische materialen Je bent in het bezit van rijbewijs B Je werkt klantgericht, met de nodige aandacht voor de kwaliteit en veiligheid Je spreekt vlot Nederlands Ervaring in montage en aansluiten van elektrische installaties is een pluspunt Somati Vehicles NV 1 Job Localisation Somati Vehicles NV 1000 Brussel, België Afficher la carte Temps de trajet De: À: Via: En voiture Transports en commun À pied À vélo Calculer mon temps de trajet - - : - - Des offres d'emploi similaires QA/QC medewerker VDU Vrije Universiteit Brussel Brussel il y a 2 jours Gestionnaire de projets de travaux de construction Brudex sa Bruxelles il y a 3 jours Business IT Correspondent (V/M/X) Nationale Bank van België NV / Banque Nationale de Belgique SA Brussel il y a 4 jours Technisch medewerker/medewerkster Kanal Brussel il y a 11 heures NOUVEAU Data Architect Smals Bruxelles Télétravail possible il y a 2 jours MONTEUR BOVENLEIDINGEN Stadsbader NV Diverse regio's / werven il y a 2 jours Inspecteur Lifting (M/V/X) ",fr,https://www.stepstone.be/offres-d-emploi--Monteur-brandbeveiligingssystemen-Brussel-Somati-Vehicles-NV--2000119-inline.html,stepstone
2175952,Office & Sales Manager,Introductie,1982 Elewijt,,,,"Pour les recruteurs Comparateur de salaire Mes Offres Se connecter Trouver un emploi Office & Sales Manager Bluesalt HR Elewijt Contrat fixe à durée indéterminée Plein temps Publiée: il y a 13 heures Vous serez l’un des 1er candidats Sauvegarder Office & Sales Manager Bluesalt HR Sauvegarder Introductie Bij Bluesalt HR geloven we in mensen niet in hokjes. We zijn een groeiend HR-consultancybedrijf dat organisaties ondersteunt met ervaren HR-specialisten. Onze aanpak is persoonlijk, wendbaar en no-nonsense. En nu zoeken we iemand die dat DNA mee wil uitdragen: een Office & Sales Manager die van aanpakken weet. Over Bluesalt HR Bluesalt HR is gespecialiseerd in het outsourcen van HR-profielen. We werken voor bedrijven die kwaliteit en menselijkheid belangrijk vinden net als wij. We groeien snel, bouwen onze klantenportefeuille verder uit en lanceren binnenkort ook een eigen AI-tool voor HR. Kortom: het is hét moment om in te stappen. Wat ga je doen? Geen dag is dezelfde en dat is exact wat deze rol zo boeiend maakt. Je bent de spilfiguur in ons kantoor en combineert operationeel beheer, HR-ondersteuning en commerciële flair. Concreet betekent dat: Je beheert de dagelijkse werking van het kantoor en zorgt dat alles op rolletjes loopt. Je volgt de payroll van ons team (10 medewerkers + freelancers) op in samenwerking met het sociaal secretariaat. Je ondersteunt de zaakvoerder in operationele en strategische projecten. Je bent betrokken bij salesactiviteiten: opvolgen van leads, voorbereiden van voorstellen, meedenken in groei-initiatieven. Je houdt overzicht over facturatie, contracten en administratie. Je denkt mee na over marketingacties en helpt Bluesalt HR verder zichtbaar maken als sterk HR-merk. Wie ben jij? Je bent iemand met pit, die energie haalt uit variatie en verantwoordelijkheid. Je voelt je thuis in een omgeving waar elke dag anders is en waar groei en ondernemerschap centraal staan. We zoeken iemand die: Minstens enkele jaren ervaring heeft in office mana",fr,https://www.stepstone.be/offres-d-emploi--Office-Sales-Manager-Elewijt-Bluesalt-HR--2175952-inline.html,stepstone
2168642,Polyvalent Filiaalmedewerker,Introductie,"Je werkplek bevindt zich Tessenderlo Group NV 7 Jobs Localisation Tessenderlo Group NV 8530 Harelbeke, België Afficher la carte Temps de trajet De: À: Via: En voiture Transports en commun À pied À vélo Calculer mon temps de trajet - - : - - Des offres d'emploi similaires Administratief medewerker aankoop Russell Recruitment & More BV Izegem il y a 1 jour Administratief medewerker Rock Recruitment Heule il y a 3 jours Allround Administratief Bediende Robert Half Tielt il y a 5 jours Assistent Architect HireUp Kortrijk il y a 1 jour Planner logistiek Stadsbader NV HARELBEKE il y a 1 jour QSHE-Officer HR Flux Izegem il y a 1 jour Calculator Bouw Stadsbader NV HARELBEKE il y a 2 jours Ervaren Dossierbeheerder - warme en rustige werkomgeving Austin Bright Harelbeke Télétravail possible il y a 5 jours Assistant Store Manager Waregem LIDL Waregem il y a 1 jour Assistant Store Manager Harelbeke LIDL Harelbeke il y a 1 jour Stepstone Qui sommes-nous Espace Presse Devenez partenaire Candidat Carrière chez Stepstone Conseils de carrière FAQ Recruteur Pourquoi Stepstone Actualités recrutement Publier une annonce Recrutement international: THE NETWORK Restons en contact Donnez-nous votre avis Apps Déclaration de confidentialité Conditions d'utilisation Contactez-nous Conditions générales de vente THE NETWORK The Stepstone Group GmbH © 2025 Français",,,,"omschrijving Als Filiaalmedewerker ben je allround inzetbaar en vervul je zowel taken aan de balie als in het magazijn. Jij bent het aanspreekpunt voor onze klanten én zorgt ervoor dat alles achter de schermen op rolletjes loopt Wat ga je doen Je verleent uitstekende service aan klanten, zowel telefonisch als in het filiaal. Je adviseert en informeert hen over producten en toepassingen. Je verwerkt bestellingen nauwkeurig en zorgt voor de juiste administratieve afhandeling. Je draagt bij aan een efficiënt magazijnbeheer. Je stelt orders samen en maakt deze verzendklaar, zodat ze tijdig kunnen worden verstuurd. Je verwerkt inkomende en geretourneerde goederen op een correcte manier. Je zorgt, samen met je collega’s, voor een veilige, nette en georganiseerde werkplek Jouw profiel Je beheerst de Nederlandse taal uitstekend, zowel mondeling als schriftelijk. Een goede kennis van het Frans is een mooie plus. Je beschikt over een heftruckattest of bent bereid dit op korte termijn te behalen. Je hebt affiniteit met techniek, of je bent leergierig en gemotiveerd om je hierin te verdiepen. Je hebt ervaring in een commerciële functie en/of als magazijnmedewerker. Je bent sociaal en klantgericht, en je denkt proactief mee vanuit een commerciële invalshoek Aanvullende Vast contract: DYKA biedt je een contract van onbepaalde duur in een afwisselende functie, waarbij je veel autonomie hebt en een grote impact kunt maken. Dit betreft een voltijdse functie (40 uur) in dagdienst. Aantrekkelijk salarispakket: Inclusief extralegale voordelen zoals een hospitalisatieverzekering, groepsverzekering, maaltijdcheques en ecocheques. Vakantiedagen: Naast 20 wettelijke verlofdagen krijg je nog 12 inhaalrustdagen. Bovendien hoef je je geen zorgen te maken over achterstallig werk na je vakantie, want DYKA sluit collectief tijdens het bouwverlof (3 weken in de zomer en 2 weken rond kerst en nieuwjaar). Locatie: Je werkplek bevindt zich Tessenderlo Group NV 7 Jobs Localisation Tessenderlo Group NV 8530 Harelbeke, België Afficher la carte Temps de trajet De: À: Via: En voiture Transports en commun À pied À vélo Calculer mon temps de trajet - - : - - Des offres d'emploi similaires Administratief medewerker aankoop Russell Recruitment & More BV Izegem il y a 1 jour Administratief medewerker Rock Recruitment Heule il y a 3 jours Allround Administratief Bediende Robert Half Tielt il y a 5 jours Assistent Architect HireUp Kortrijk il y a 1 jour Planner logistiek Stadsbader NV HARELBEKE il y a 1 jour QSHE-Officer HR Flux Izegem il y a 1 jour Calculator Bouw Stadsbader NV HARELBEKE il y a 2 jours Ervaren Dossierbeheerder - warme en rustige werkomgeving Austin Bright Harelbeke Télétravail possible il y a 5 jours Assistant Store Manager Waregem LIDL Waregem il y a 1 jour Assistant Store Manager Harelbeke LIDL Harelbeke il y a 1 jour Stepstone Qui sommes-nous Espace Presse Devenez partenaire Candidat Carrière chez Stepstone Conseils de carrière FAQ Recruteur Pourquoi Stepstone Actualités recrutement Publier une annonce Recrutement international: THE NETWORK Restons en contact Donnez-nous votre avis Apps Déclaration de confidentialité Conditions d'utilisation Contactez-nous Conditions générales de vente THE NETWORK The Stepstone Group GmbH © 2025 Français",fr,https://www.stepstone.be/offres-d-emploi--Polyvalent-Filiaalmedewerker-Harelbeke-Tessenderlo-Group-NV--2168642-inline.html,stepstone
2178200,Sales Support Executive,Waar zal je werken?,2025 Français,,,,"Pour les recruteurs Comparateur de salaire Mes Offres Se connecter Trouver un emploi Sales Support Executive Headit bv MERKSEM Publiée: il y a 4 heures Vous serez l’un des 1er candidats Sauvegarder Sales Support Executive Headit bv Sauvegarder Waar zal je werken? Headit is op zoek naar een enthousiaste sales support executive te Antwerpen (Noord). Je komt terecht in een snelgroeiend en stabiel bedrijf dat zich richt op reiniging -en onderhoudsindustrie. Wat zal je doen? Als Sales Support Executive ondersteun je onze accountmanagers in hun commerciële activiteiten: Je bent het aanspreekpunt voor klanten en bied je efficiënte hulp. Je beantwoordt diverse vragen van klanten binnen de klantenportefeuille van de vertegenwoordiger(s) waarmee je samenwerkt. Je verzorgt bestellingen, volgt offertes op, plant afspraken in voor de vertegenwoordigers en handelt klachten correct af. Je geeft advies en enthousiasmeert klanten over de digitale besteltools. Je denkt actief mee over operationele verbeteringen en draagt bij aan de uitvoering ervan. Je bouwt relaties op met bestaande klanten en prospecten die interesse hebben getoond tijdens vb. evenementen. Samen met de accountmanagers analyseer je trends en werk je aan actieplannen. Wie is onze ideale Sales Support Executive? Je spreekt vloeiend Nederlands en beschikt over een goede kennis Frans; Je hebt idealiter minstens 2-3 jaar ervaring in een gelijkaardige functie; Je bent een teamspeler met een positieve en open instelling; Je bent communicatief, commercieel, analytisch en klantgericht ingesteld. Headit bv 11 Jobs Des offres d'emploi similaires Account Manager Paperclip International BVBA Oost-Vlaanderen, West-Vlaanderen il y a 1 jour Medior Key Accountmanager | Horeca Sales Talents Gent Télétravail possible il y a 5 jours Account Manager Crown Handling NV Oost-Vlaanderen, West-Vlaanderen il y a 1 jour Account Manager Vlaams-Brabant / Brussel / Waals-Brabant Sales Talents Vilvoorde il y a 3 jours Account Manager Robert Walter",fr,https://www.stepstone.be/offres-d-emploi--Sales-Support-Executive-MERKSEM-Headit-bv--2178200-inline.html,stepstone
2158290,Schoorsteenveger/Onderhoudstechnieker centrale verwarming,Jouw verantwoordelijkheden,1780 Wemmel,,,,"Pour les recruteurs Comparateur de salaire Mes Offres Se connecter Trouver un emploi Schoorsteenveger/Onderhoudstechnieker centrale verwarming Master Cleaner NV WEMMEL Contrat fixe à durée indéterminée Plein temps Publiée: il y a 12 heures Vous serez l’un des 1er candidats Sauvegarder Schoorsteenveger/Onderhoudstechnieker centrale verwarming Master Cleaner NV Sauvegarder Jouw verantwoordelijkheden Je staat in voor het onderhoud van centrale verwarmingstoestellen op gas of op mazout. Je maakt schoorstenen proper. Jouw profiel Een diploma is niet belangrijk maar ervaring in het onderhoud van centrale verwarming en toestellen op gas of op mazout is een must, minimaal een jaar. Je beschikt bij voorkeur over een erkenningsnummer (een erkenning laat je toe het onderhoud en controles uit te voeren op gas- stookolieinstallaties, dit is verplicht om aan de verschillende installaties te werken en is dus verplicht voor de functie). Als je nog niet over een erkenningsnummer beschikt kan dit mogelijk behaald worden tijdens je tewerkstelling. Geïnteresseerd? Master Cleaner NV 1 Job Localisation Master Cleaner NV 1780 Wemmel, België Afficher la carte Temps de trajet De: À: Via: En voiture Transports en commun À pied À vélo Calculer mon temps de trajet - - : - - Des offres d'emploi similaires Nachtverpleegkundige 38u - WZC Martinas - Merchtem Armonea NV Merchtem il y a 3 jours Verpleegkundige - Merchtem Armonea NV Merchtem il y a 5 jours Projectleider Staal Stadsbader NV VILVOORDE il y a 2 jours Sales Consultant Bedrijfsvastgoed | Kantoren Sales Talents Wemmel Télétravail possible il y a 4 jours Nachtverpleegkundige 38u - WZC Martinas - Merchtem Armonea NV Merchtem il y a 5 jours Onderhoudstechnieker machines en installaties NMBS-SNCB Mechelen il y a 1 jour Verpleegkundige Armonea NV Vilvoorde il y a 1 jour Verpleegkundige Armonea NV Vilvoorde il y a 1 jour Onderhoudstechnieker vaste nacht Labcorp Mechelen il y a 1 jour Expediteur wegtransport Tempo-Team Regio Brussel - Vlaams Brab",fr,https://www.stepstone.be/offres-d-emploi--Schoorsteenveger-Onderhoudstechnieker-centrale-verwarming-WEMMEL-Master-Cleaner-NV--2158290-inline.html,stepstone
2158391,Technieker,Jouw verantwoordelijkheden,3545 HALEN,,,,"Pour les recruteurs Comparateur de salaire Mes Offres Se connecter Trouver un emploi Technieker A.W.B. Schots NV HALEN Contrat fixe à durée indéterminée Plein temps Publiée: il y a 12 heures Vous serez l’un des 1er candidats Sauvegarder Technieker A.W.B. Schots NV Sauvegarder Jouw verantwoordelijkheden Ben jij gek van sleutelen aan machines en houd je van technische uitdagingen? Bij AWB SCHOTS krijg je de kans om: · Bestaande machines om te bouwen tot unieke, one-of-a-kind werktuigen. · Unieke landbouwvoertuigen te herstellen en te onderhouden. · Technische puzzels creatief te benaderen en soms te improviseren om tot passende oplossingen te komen, met kennis van hydraulische en elektrotechnische technieken. Wie we zoeken: · Je hebt ervaring in elektromechanische toepassingen bij landbouwvoertuigen. · Een diploma is niet per se nodig, we waarderen ervaring veel meer! · Je hebt kennis van hydraulische systemen en elektrotechniek. · Creativiteit en een goed probleemoplossend vermogen zijn jouw sterke punten. Ervaring in elektromechanische toepassingen bij landbouwvoertuigen Kennis van hydraulische systemen en elektrotechniek Creativiteit en een goed probleemoplossend vermogen A.W.B. Schots NV 1 Job Localisation A.W.B. Schots NV 3545 HALEN, België Afficher la carte Temps de trajet De: À: Via: En voiture Transports en commun À pied À vélo Calculer mon temps de trajet - - : - - Des offres d'emploi similaires Kwaliteitsmedewerker Glass Carglass Bilzen-Hoeselt il y a 2 jours Verkoper / Verkoopster Verisure Hasselt il y a 6 jours Technieker zwaar materieel Stadsbader NV HARELBEKE - HOUTHALEN - ZEDELGEM il y a 2 jours Mechanieker BMW JOY'N US A&M, Hasselt il y a 2 jours Carrossier voorbereider BMW JOY'N US Blutsqi, Heist-op-den-Berg il y a 3 jours Carrossier montage/demontage BMW JOY'N US A&M, Genk il y a 3 jours Service & Instrumentatie Technieker Enginity Houthalen-Helchteren il y a 5 jours Supervisor Productie Enginity Overpelt il y a 4 jours Diagnosetechnieker BMW JOY'N U",fr,https://www.stepstone.be/offres-d-emploi--Technieker-HALEN-A-W-B-Schots-NV--2158391-inline.html,stepstone
2168697,"Security Engineer/Analyst - Brussels, Ham, Pelt or Ypres",Job Description,1050 Ixelles,,,,"Job Description Tessenderlo Group is a diversified industrial group that focuses on agriculture, valorizing bio-residuals, energy and providing industrial solutions with a focus on water. The group employs approximately 4,800 people, is a leader in most of its markets and recorded a consolidated revenue of 1.7 billion EUR in 2020. Tessenderlo Group is listed on Euronext Brussels and is part of Next 150 and BEL Mid indices. The philosophy that ‘Every Molecule Counts’ defines the unique attitude to sustainability and continuous practical innovation within each department of Tessenderlo Group. As an international company with Belgian roots, Tessenderlo Group also promotes personal and local entrepreneurship, creating opportunities for all of our employees to take on challenging roles and real responsibilities. On top of this, our people are encouraged to further develop their competencies through regular training initiatives and are rewarded with competitive compensation and benefits packages. Tessenderlo Group’s Global ICT Department is seeking a Security Engineer/Analyst to strengthen the protection of our global computer networks, ICT applications, and infrastructure. This hybrid role is approximately 70% engineering and 30% analysis, combining hands-on implementation with security monitoring, investigation, and advisory work. Key Responsibilities: You will be part of a highly skilled, collaborative global team, ensuring the highest levels of availability, performance, and security across our enterprise. The role involves deploying and operating security tools, investigating incidents, identifying vulnerabilities, and advising on security best practices. You report to the Global Network & Security Competence Team Lead. Security Monitoring & Incident Response – Monitor global ICT systems for security issues, investigate incidents, document findings, and recommend remediation actions. Engineering & Implementation – Deploy, configure, and operate security tools and solutions according to the corporate security roadmap. Vulnerability Management – Identify, assess, and address security risks; implement measures to prevent recurrence. Collaboration & Advisory – Work closely with the Security Architect and ICT teams to advance security capabilities, integrate new technologies, and ensure alignment with corporate policies. Documentation & Knowledge Sharing – Maintain accurate documentation for configurations, processes, and security procedures; contribute to operational and continuity plans. Project Participation – Lead and/or support security-related projects such as upgrades, tool integrations, and process improvements. Continuous Improvement – Stay informed on evolving security threats, standards, and technologies to enhance detection, response, and prevention capabilities. Cross-Functional Support – Collaborate with internal teams and external vendors during incident handling and system upgrades. Travel – Occasional travel (max. a few days/month), mainly within Europe, to support projects and incident response. Your profile Qualifications Core Requirements Bachelor’s or Master’s degree in Computer Science, Engineering, or related field (or equivalent experience). 3–5 years of experience in network/system administration with exposure to information security. General technical background in ICT infrastructure (firewalls, proxies, email security, antivirus, Active Directory, Azure/M365, Windows/Linux OS, virtualization platforms). Entry-level experience in cybersecurity with familiarity in: SIEM, EDR/XDR, IDS/IPS, vulnerability management (CTEM), SASE, and security analytics concepts. PowerShell and/or Python scripting. OT network security fundamentals. Basic understanding of risk assessment principles. Preferred Skills & Knowledge Strong analytical ability to consolidate data from multiple sources into clear insights. Knowledge of common security frameworks (NIS2, ISO 27001, NIST). Experience with Tessenderlo Group’s security platfo",fr,https://www.stepstone.be/offres-d-emploi--Security-Engineer-Analyst-Brussels-Ham-Pelt-or-Ypres-Ixelles-Tessenderlo-Group-NV--2168697-inline.html,stepstone
2158380,Technisch engineer,Introductie,2025 Français,,,,"omschrijving Je gaat concepten van klanten vertalen naar een modulair systeem Je maakt 3D ontwerpen van verpakkingsmachines Je zorgt voor berekeningen en onderzoekt wat van toepassing is op jouw huidige project Je past technische dossiers aan waar nodig Je ontvangt leveranciers en maakt de afweging tussen prijs en kwaliteit Jouw profiel Je hebt ervaring met 3D tekenen, kennis van een tekenprogramma zoals bijvoorbeeld Solidworks is een plus Je bent vlot met de computer, office,... Je hebt technisch inzicht en zet graag de puntjes op de i Je werkt graag in teamverband TG-Packaging BV 9 Jobs Des offres d'emploi similaires HVAC Engineer - Chemie - Uitstekend Loon + Work-Life Balance GS Recruitment BV Haven van Antwerpen (Linkeroever) Télétravail possible il y a 3 jours Project Engineer (multidisciplinair) - Topbedrijf in de Voeding - Aantrekkelijk Loon GS Recruitment BV Regio Oostkamp il y a 4 jours Project Engineer - (kennis Eplan) Actemium Beveren-Kruibeke-Zwijndrecht il y a 2 jours Reliability Engineer met wagen Tankopslag Kallo Michael Page Kallø il y a 4 jours Maintenance Engineer - Ultramoderne Wereldleider - Uitdaging + Mooi Loon GS Recruitment BV Haven van Antwerpen (Linkeroever) Télétravail possible il y a 5 jours Mechanical Engineer (Chemie - Antwerpen) PROGRESSIVE Antwerpen il y a 1 jour PLC- en SCADA-Engineer - Prominente Wereldspeler - Aantrekkelijk salaris + Work-Life Balance GS Recruitment BV Haven van Antwerpen (Linkeroever) Télétravail possible il y a 2 jours Site Manager / Werfleider Cegelec Beveren-Kruibeke-Zwijndrecht il y a 1 semaine Elektrotechnisch installateur Cegelec Beveren-Kruibeke-Zwijndrecht il y a 1 semaine Technisch medewerker asbestmetingen SGS Group Belgium Beveren-Kruibeke-Zwijndrecht il y a 1 semaine Stepstone Qui sommes-nous Espace Presse Devenez partenaire Candidat Carrière chez Stepstone Conseils de carrière FAQ Recruteur Pourquoi Stepstone Actualités recrutement Publier une annonce Recrutement international: THE NETWORK Restons en contact Donnez-nous votre avis Apps Déclaration de confidentialité Conditions d'utilisation Contactez-nous Conditions générales de vente THE NETWORK The Stepstone Group GmbH © 2025 Français",fr,https://www.stepstone.be/offres-d-emploi--Technisch-engineer-Beveren-Kruibeke-Zwijndrecht-TG-Packaging-BV--2158380-inline.html,stepstone
2160702,Centralist,Introductie,2870 Puurs-Sint-Amands,,,,"Pour les recruteurs Comparateur de salaire Mes Offres Se connecter Trouver un emploi Centralist AC Materials NV PUURS-SINT-AMANDS Contrat fixe à durée indéterminée Plein temps Publiée: il y a 13 heures Vous serez l’un des 1er candidats Sauvegarder Centralist AC Materials NV Sauvegarder Introductie Ben je iemand die graag de touwtjes in handen heeft en houdt van een afwisselende job? Als Centralist in onze betoncentrale in Puurs speel je een sleutelrol in het productieproces. Jouw takenpakket bestaat uit: Als Centralist bedien je de betoncentrale en zorg je ervoor dat alles vlot verloopt. Je hebt dagelijks contact met klanten en chauffeurs en helpt hen verder met vragen. Je controleert de doseringen en volgt de productiegegevens van het beton op en stuurt bij waar nodig. Tevens beheer je de voorraad van de grondstoffen en producten en meldt wanneer iets aangevuld moet worden. Ook het onderhoud van de machines valt onder jouw verantwoordelijkheid alsook het signaliseren van storingen aan de machines. Tot slot beman je de weegbrug bij afwezigheid van de weegbrugbediende. Kenniseisen Ervaring in een gelijkaardige functie is een pluspunt. Kennis van kranen en vrachtwagens is een meerwaarde. Je hebt minstens een rijbewijs B. Je beheerst vlot de Nederlandse taal. Persoonlijkheidscompetenties Je steekt graag de handen uit de mouwen. Je werkuren starten in de namiddag. Je streeft steeds naar het beste resultaat. Je bent klantgericht en collegiaal. Je neemt verantwoordelijkheid en denkt oplossingsgericht. Veiligheid is voor jou een topprioriteit. Je bent flexibel, stressbestendig en past je makkelijk aan. AC Materials NV 2 Jobs Localisation AC Materials NV 2870 Puurs-Sint-Amands, België Afficher la carte Temps de trajet De: À: Via: En voiture Transports en commun À pied À vélo Calculer mon temps de trajet - - : - - Des offres d'emploi similaires Logistiek Medewerker Robert Half Bornem il y a 4 jours Internal Sales Project Specialist Sales Talents Puurs-Sint-Amands Télétravail",fr,https://www.stepstone.be/offres-d-emploi--Centralist-PUURS-SINT-AMANDS-AC-Materials-NV--2160702-inline.html,stepstone
2173846,Account Manager Employee Benefits,Wat zijn jouw verantwoordelijkheden?,1000 Employés Localisation VANBREDA RISK,,,,"Pour les recruteurs Comparateur de salaire Mes Offres Se connecter Trouver un emploi Account Manager Employee Benefits VANBREDA RISK & BENEFITS Antwerpen Contrat fixe à durée indéterminée Plein temps, Télétravail possible Publiée: il y a 13 heures Sauvegarder Account Manager Employee Benefits VANBREDA RISK & BENEFITS Sauvegarder Wat zijn jouw verantwoordelijkheden? Als Account manager Employee Benefits, met een focus op middelgrote en grote ondernemingen, volg je jouw klanten professioneel op en geef je deskundig advies m.b.t. aanvullende pensioenplannen en plannen in het kader van medische zorg (zoals hospitalisatieplannen, ambulante plannen,…) Er wordt van jouw actieve prospectie verwacht en je draagt in belangrijke mate bij in het verder ontwikkelen en doen groeien van de klantenportefeuille. Je voert gesprekken op een hoog niveau en brengt de specifieke noden van organisaties in kaart met betrekking tot hun aanvullende pensioenplannen -en plannen rond medische zorg (zoals hospitalisatie, ambulante plannen). Samen met onze interne experten werk je op maat gemaakte voorstellen uit. Hierbij speel je in op de specifieke noden en verwachtingen van jouw klanten. Met het oog op hun HR-beleid, adviseer je hen in de keuze van hun plannen. Voor elk dossier onderhandel je met verzekeraars om de meest optimale tarieven en voorwaarden te bekomen. Je identificeert en contacteert actief prospecten met als doel nieuwe contracten te realiseren. Je investeert in netwerking, in het uitbouwen en onderhouden van nieuwe relaties. Je denkt actief mee, zet creatief commerciële acties op en voert deze acties uit. Je bent spilfiguur en aanspreekpunt voor je eigen klantendossiers. Je staat in voor voldoende informatie-uitwisseling naar betrokken dossierbeheerders, consultants en account managers. Je blijft de bestaande portefeuille op een kwalitatieve wijze servicen met het oog op verdere maximalisatie. Je bekijkt kritisch en op permanente basis de kwaliteit van de service en de rentabili",fr,https://www.stepstone.be/offres-d-emploi--Account-Manager-Employee-Benefits-Antwerpen-VANBREDA-RISK-BENEFITS--2173846-inline.html,stepstone
2175104,Account Manager Building (M/V/X),Introductie,2500 Employés,,,,"Pour les recruteurs Comparateur de salaire Mes Offres Se connecter Trouver un emploi Account Manager Building (M/V/X) Vinçotte Vilvoorde Contrat fixe à durée indéterminée Plein temps Publiée: il y a 13 heures Sauvegarder Account Manager Building (M/V/X) Vinçotte Sauvegarder Introductie De divisie Building – marktleider - staat haar klanten uit de vastgoedsector bij om hun patrimonium op een efficiënte, en duurzame manier te exploiteren. Onze experts in de domeinen kwaliteit, veiligheid en duurzaamheid reiken oplossingen aan tijdens de hele levenscyclus van een gebouw, van ontwerp/controle over constructie & exploitatie tot en met de afbraak. Zo kunnen de gebouwen tijdig in dienst genomen worden en vervolgens op een (kost) efficiënte en duurzame manier geëxploiteerd worden. Zo helpen we 60.000 klanten, een brede waaier aan B2B klanten zoals bouwpromotoren, architecten, studieburelen, aannemers, kraanbedrijven, elektro-installateurs, ziekenhuizen, rustoorden en scholen. Om verder te kunnen groeien zoekt Vinçotte een Account Manager Building (M/V/X) voor de regio Vlaanderen en Brussel. Jouw verantwoordelijkheden Relatiebeheer: onderhouden en versterken van relaties met bestaande klanten om langdurige samenwerkingen te versterken. Acquisitie: identificeren en contacteren van potentiële nieuwe klanten& cross/up selling om zo het klantenbestand uit te breiden en de beoogde doelstellingen van de divisie te realiseren. Onderhandelingen: opstellen en bespreken van contracten, offertes, aanbestedingen en prijsvoorstellen, rekening houdend met de behoeften van de klant in overeenstemming met de vigerende regelgeving. Strategisch advies: trends en ontwikkelingen binnen de sector volgen en analyseren om klanten optimaal te informeren en commerciële kansen te benutten. Samenwerking met interne teams: afstemmen met afdelingen zoals marketing, productontwikkeling en customer service enerzijds om optimale dienstverlening te kunnen bieden aan de klanten, anderzijds om op de hoogte te",fr,https://www.stepstone.be/offres-d-emploi--Account-Manager-Building-M-V-X-Vilvoorde-Vincotte--2175104-inline.html,stepstone
2158241,Group Quality Engineer,Introductie,8710 Wielsbeke,,,,"Pour les recruteurs Comparateur de salaire Mes Offres Se connecter Trouver un emploi Group Quality Engineer Agristo Nv Wielsbeke Contrat fixe à durée indéterminée Plein temps Publiée: il y a 12 heures Sauvegarder Group Quality Engineer Agristo Nv Sauvegarder Introductie Have you ever tasted our fries made from potatoes at the centre of the European potato belt? It’s pure potato perfection. Comforting. Warm. Delicious. We make potato inspired delight and spread potato love all over the world. Frying up success on a global scale while staying true to our family roots. Wat zal je doen bij Agristo? De motor achter kwaliteitsverbetering Je neemt het voortouw in het uitrollen van verbeterprojecten die écht het verschil maken. Met een scherp oog voor data, inzichten uit interne audits en feedback van collega’s, werk je actief mee aan het versterken van ons kwaliteitssysteem. Je pakt plant-overschrijdende projecten aan die gericht zijn op het verlagen van klachten, het verhogen van productkwaliteit en het optimaliseren van controles. Éen kwaliteitsaanpak, meerdere sites Je zorgt voor harmonie in onze kwaliteitswerking over alle sites heen. Dat betekent: uniforme systemen ontwikkelen, slimme tools en methodes standaardiseren en groepsrichtlijnen beheren die helder en toepasbaar zijn. Je houdt daarbij altijd rekening met de unieke noden van elke plant, zonder het grotere geheel uit het oog te verliezen. Lokale teams versterken en inspireren Je bent meer dan een expert, je bent een mentor. Je ondersteunt onze lokale kwaliteitsteams met training, kennisdeling en best practices. Je stimuleert een cultuur van continu verbeteren en zorgt ervoor dat iedereen zich betrokken voelt bij het kwaliteitsverhaal van Agristo. Problemen aanpakken met inzicht en impact Wanneer er zich een ernstige kwaliteitskwestie voordoet, ben jij degene die het hoofd koel houdt. Je voert diepgaande root cause analyses uit, volgt projecten nauwgezet op en zorgt voor doeltreffende correctieve acties. Je docu",fr,https://www.stepstone.be/offres-d-emploi--Group-Quality-Engineer-Wielsbeke-Agristo-Nv--2158241-inline.html,stepstone
2171951,Huishoudhulp gezocht regio Noorderwijk,Jouw rol?,2200 NOORDERWIJK,,,,"Pour les recruteurs Comparateur de salaire Mes Offres Se connecter Trouver un emploi Huishoudhulp gezocht regio Noorderwijk BKCS BVBA NOORDERWIJK Contrat fixe à durée indéterminée Plein temps Publiée: il y a 14 heures Vous serez l’un des 1er candidats Sauvegarder Huishoudhulp gezocht regio Noorderwijk BKCS BVBA Sauvegarder Jouw rol? Als huishoudhulp, of zoals wij het liever noemen : ""Home Assistant"", zal je instaan voor huishoudelijke taken zoals schoonmaken, koken, strijken, boodschappen doen, enz.. Je bent onmisbaar voor de klant / het gezin en draagt op jouw authentieke manier bij aan hun geluk & welzijn. Je hebt de mogelijkheid je uurrooster zelf te bepalen én in jouw eigen regio te werken waardoor je jouw rol als Home Assisent perfect kunt combineren met je eigen gezin. Vervoeg ons team van uit-BLINK-ers en ervaar wat we bedoelen als we zeggen ""En je komt thuis!"". Jouw profiel Jouw profiel Zelfstandig kunnen werken Klantgerichtheid Positieve instelling Regels en afspraken nakomen Plannen ( ordenen) Zin voor nauwkeurigheid hebben Voel de warmte, huiselijke en familiale omgang. Je gaat aan de slag in functie van jouw sterktes, voorkeuren en wensen terwijl je geniet van de kansen die je worden aangeboden. Van onze organisatie en de gezinnen krijg je de waardering die je verdient. Wat vragen we van jou? Goesting om bij te leren en goesting om het huishouden te doen blinken! BKCS BVBA 20 Jobs Localisation BKCS BVBA 2200 NOORDERWIJK, België Afficher la carte Temps de trajet De: À: Via: En voiture Transports en commun À pied À vélo Calculer mon temps de trajet - - : - - Des offres d'emploi similaires Toonbankbediende & keuken - 38u Sodexo België Olen il y a 5 jours Zorgkundige - Binnenhof - Onbepaalde duur- Aantal uren in overleg Armonea NV 2330 Merksplas il y a 6 jours Chef Gerant - 38u Sodexo België Aarschot il y a 1 jour Hulpkok - 38u Sodexo België Herentals il y a 3 jours zorgkundige 19 uur per week Armonea NV Gruitrode il y a 3 jours Medewerker schoonmaak regio M",fr,https://www.stepstone.be/offres-d-emploi--Huishoudhulp-gezocht-regio-Noorderwijk-NOORDERWIJK-BKCS-BVBA--2171951-inline.html,stepstone
2173847,Chief Strategy Officer,Introductie,1000 Employés Localisation VANBREDA RISK,,,,"Pour les recruteurs Comparateur de salaire Mes Offres Se connecter Trouver un emploi Chief Strategy Officer VANBREDA RISK & BENEFITS Antwerpen Contrat fixe à durée indéterminée Plein temps, Télétravail possible Publiée: il y a 13 heures Sauvegarder Chief Strategy Officer VANBREDA RISK & BENEFITS Sauvegarder Introductie Vanbreda Risk & Benefits is de grootste Belgische verzekeringsmakelaar en risicoconsultant met meer dan 800 medewerkers en een duidelijke groeistrategie. Om onze groeiambities waar te maken zijn wij voortdurend op zoek naar nieuw talent en streven we ook naar een werkomgeving waar onze medewerkers gelukkig en vooral volledig zichzelf kunnen zijn. Vanuit onze rol als onafhankelijke makelaar verzekeren we meer dan 10.000 bedrijven en verdelen we verzekeringsproducten van meer dan 140 verzekeraars. Vanbreda is vooral actief in de segmenten Risk Advisory en Employee Benefits. Al zeven jaar op rij werd Vanbreda bekroond met de Best Managed Company Award van Deloitte en recent ontving het bedrijf ook het label Great Place to Work. Om onze strategische koers verder vorm te geven en te versterken, zijn wij op zoek naar een Chief Strategy Officer. In deze staffunctie werk je nauw samen met onze CEO en het directieteam. Je speelt een sleutelrol in het bepalen van de langetermijnstrategie van Vanbreda en draagt bij aan de duurzame groei van onze organisatie. Jouw verantwoordelijkheden Strategische visievorming: Je ontwikkelt en implementeert toekomstgerichte strategieën die onze positie als marktleider bestendigen en onze groeidoelstellingen ondersteunen. Je verricht diepgaande analyses van markttendensen en het competitieve landschap, identificeert strategische groeimogelijkheden en ontwikkelt beleidsplannen ter ondersteuning van de langetermijndoelstellingen van de organisatie. Nauwe samenwerking met het directiecomité: Je werkt intensief samen met onze directieleden, onder wie de Commercial Directors, de CFO, CIO en de HR Directeur om hun strategische plannen",fr,https://www.stepstone.be/offres-d-emploi--Chief-Strategy-Officer-Antwerpen-VANBREDA-RISK-BENEFITS--2173847-inline.html,stepstone
2178187,Interne Accountmanager,Waar zal je werken?,2025 Français,,,,"Pour les recruteurs Comparateur de salaire Mes Offres Se connecter Trouver un emploi Interne Accountmanager Headit bv BERCHEM Publiée: il y a 4 heures Vous serez l’un des 1er candidats Sauvegarder Interne Accountmanager Headit bv Sauvegarder Waar zal je werken? Headit is op zoek naar een klantgerichte en proactieve Interne Accountmanager met sterke commerciële flair en interesse in technologie. Bij een internationaal groeiend bedrijf actief in de sector van industriële technologie en B2B-elektronica. Het hoofdkantoor in België is gevestigd in de ruime regio Antwerpen, en maakt deel uit van een grotere Europese technologiegroep. Jouw verantwoordelijkheden Wat zal je doen als Interne Accountmanager? Je bent het interne commerciële aanspreekpunt voor een brede klantenportefeuille in een internationale B2B-context. Samen met de buitendienst en technische engineers sta je in voor een vlotte en klantgerichte opvolging van dossiers. Je verantwoordelijkheden omvatten o.a.: Het opstellen, opvolgen en beheren van offertes en prijsonderhandelingen; Klantcontact onderhouden via telefoon en e-mail, waarbij persoonlijk contact en service centraal staan; Actief meedenken met klanten en collega’s over technische oplossingen; Administratieve opvolging en nauwkeurige input in het ERP-systeem; Contact met leveranciers wereldwijd en coördinatie van klantendossiers. Jouw profiel Je hebt een bachelor denkniveau (diploma is minder belangrijk dan je denkkracht en communicatiestijl); Je bent commercieel, klantgericht en hebt (bij voorkeur) affiniteit met technologie; Je communiceert vlot in het Nederlands, Engels en Frans; Je houdt van persoonlijk contact en schakelt vlot telefonisch met klanten en leveranciers; Je bent sterk in opvolging en werkt gestructureerd en zelfstandig; Je voelt je comfortabel in een no-nonsense KMO-cultuur, waar ownership en initiatief gewaardeerd worden. Headit bv 11 Jobs Des offres d'emploi similaires Account Manager Paperclip International BVBA Oost-Vlaanderen, ",fr,https://www.stepstone.be/offres-d-emploi--Interne-Accountmanager-BERCHEM-Headit-bv--2178187-inline.html,stepstone
2175094,Inspecteur Levage (H/F/X),Introduction,2500 Employés,,,,"Pour les recruteurs Comparateur de salaire Mes Offres Se connecter Trouver un emploi Inspecteur Levage (H/F/X) Vinçotte Liège Contrat fixe à durée indéterminée Plein temps Publiée: il y a 13 heures Sauvegarder Inspecteur Levage (H/F/X) Vinçotte Sauvegarder Introduction En tant qu'Inspecteur(rice) Levage, vous intégrez une équipe d'experts qui s'investit chaque jour pour une société plus sûre et plus efficace. Nous comptons différents types de clients : nous avons construit notre savoir-faire et notre organisation tant dans le domaine des bâtiments publics que résidentiels, mais nous sommes également très actifs dans le secteur de l'énergie, y compris dans le nucléaire. Nous nous montrons en outre particulièrement innovateurs pour nos clients du secteur de la (pétro)chimie et de la pharmaceutique, des transports et de la logistique ainsi que de la production. Nos clients sont répartis dans toute la Belgique, mais nos inspecteurs travaillent toujours autant que possible dans leur propre région. Vos responsabilités Vous veillez à ce que les gens puissent utiliser les appareils de levage en toute sécurité. Pour ce faire, vous effectuez chaque jour un certain nombre de contrôles, au cours desquels vous inspectez avec précision la mécanique. Dans le segment résidentiel, l'accent est mis sur les ascenseurs et les escaliers mécaniques, dans le segment industriel, sur les équipements de levage et les équipements de travail mobiles tels que les grues à tour, les ponts roulants, les monte-charges, ...Après inspection, vous établissez non seulement un rapport mais donnez aussi des conseils au client. Vous n'avez pas à vous préoccuper du planning et de l'organisation. Notre équipe Customer Service vous apporte le soutien nécessaire. Vous pouvez toujours vous fier à vos collègues : il s'agit d'experts motivés qui se feront un plaisir de vous aider. Par ailleurs, Vinçotte vous appuie également dans vos efforts pour approfondir et élargir vos connaissances. Nous nous y attaquons dè",fr,https://www.stepstone.be/offres-d-emploi--Inspecteur-Levage-H-F-X-Liege-Vincotte--2175094-inline.html,stepstone
2169800,KEUKENMEDEWERKERS,Jouw verantwoordelijkheden,3500 Hasselt,,,,"Pour les recruteurs Comparateur de salaire Mes Offres Se connecter Trouver un emploi KEUKENMEDEWERKERS Century BVBA Hasselt Contrat fixe à durée indéterminée Plein temps Publiée: il y a 13 heures Vous serez l’un des 1er candidats Sauvegarder KEUKENMEDEWERKERS Century BVBA Sauvegarder Jouw verantwoordelijkheden overleg over het menu, met zowel de leiding van een zaak als keukenmedewerkers controle op de kwaliteit van het eten op de menukaart opstellen van begrotingen checken van hygiëne en voedselveiligheid inspecteren van de arbeidsomstandigheden voor medewerkers zelf koken van gerechten/snacks zoals pannenkoeken, croque monsieur, soep enz. Jouw profiel je spreekt Nederlands of Engels zodat je kan communiceren met je collega's je bent leergierig lekker eten maken is je passie je kan aan een stevig tempo werken je bent stressbestendig je hebt produktkennis je kan taken plannen volgens belangrijkheid je kan een stock beheren je werkt met orde en netheid je bent een teamplayer je kan op een respectvolle manier omgaan met je collega's je hebt eergevoel Century BVBA 5 Jobs Localisation Century BVBA 3500 Hasselt, België Afficher la carte Temps de trajet De: À: Via: En voiture Transports en commun À pied À vélo Calculer mon temps de trajet - - : - - Des offres d'emploi similaires Zelfstandig Financieel Adviseur / Kantoorhouder - regio Hasselt Immotheker Finotheker Hasselt il y a 1 jour Senior Advisor Accountancy | Groeiend & Mensgericht Kantoor Austin Bright Hasselt Télétravail possible il y a 4 jours Manager accounting | Verantwoordelijkheid en ondernemen Sander Antwerpen Hasselt Télétravail possible il y a 5 jours Verkoper / Verkoopster Verisure Hasselt il y a 6 jours Accountant AY Robert Half Genk il y a 5 jours Junior Dossierbeheerder Robert Half Hasselt Télétravail possible il y a 5 jours Credit Coordinator Robert Walters Hasselt Télétravail possible il y a 5 jours Commerciëel consulent - Hasselt/Genk Daoust Hasselt Télétravail possible il y a 4 jours Senior Recruiter",fr,https://www.stepstone.be/offres-d-emploi--KEUKENMEDEWERKERS-Hasselt-Century-BVBA--2169800-inline.html,stepstone
2175212,Network Security Engineer (M/F/X),Introduction,2500 Employés,,,,"Pour les recruteurs Comparateur de salaire Mes Offres Se connecter Trouver un emploi Network Security Engineer (M/F/X) Vinçotte Vilvoorde Contrat fixe à durée indéterminée Plein temps Publiée: il y a 13 heures Vous serez l’un des 1er candidats Sauvegarder Network Security Engineer (M/F/X) Vinçotte Sauvegarder Introduction Vinçotte is the market leader in Belgium and offers objective and advisory services in inspection, certification, conformity assessment and training. Our team of over 1,500 professionals is committed to a safer and more efficient society. Our sector specialists understand the needs of customers perfectly and guide them along the way with advice and support. Aiming for results for multinationals, SMEs, self-employed persons and private persons is what makes our blood flow. We are looking for a Network Security Engineer (M/F/X)) to join our team in Vilvoorde. Your responsibilites Ready to level up your career and secure the digital world? As a Network Security Engineer (M/F/X) you’ll be the go-to expert managing our network and security infrastructure – across our campus, datacenter, and Microsoft Azure environment. What will you do? Take charge of our network & security landscape, both on-prem and in the cloud (Azure). Provide Level 2 support for complex IT network issues. Dive into IT projects related to your area of expertise. Work autonomously in an agile setup with a clear backlog and strategic focus. Help improve documentation and technical guidelines. Detect, assess, and fix security risks – you're our digital guardian. Manage and fine-tune spam filters to keep our communications safe. Your profile Experience: You've already rolled up your sleeves in network and firewall management — think design, setup, config, upgrades — and you know your way around operational environments. You’re certified in Azure, have experience with it, or you're eager to dive in and grow into a true Azure pro. You’re ready to become our in-house expert on Microsoft Se",fr,https://www.stepstone.be/offres-d-emploi--Network-Security-Engineer-M-F-X-Vilvoorde-Vincotte--2175212-inline.html,stepstone
2177366,Notarieel Medewerker,Introductie,2180 Ekeren,,,,"Pour les recruteurs Comparateur de salaire Mes Offres Se connecter Trouver un emploi Notarieel Medewerker Secretary Academy Antwerpen Contrat fixe à durée indéterminée Plein temps Publiée: il y a 13 heures Vous serez l’un des 1er candidats Sauvegarder Notarieel Medewerker Secretary Academy Sauvegarder Introductie Ben jij op zoek naar een voltijdse job waar menselijk contact, empathie, sterke administratieve skills en een goed gevoel voor humor centraal staan? Wil je deel uitmaken van een warm, dynamisch, service minded en sterk team van 15 collega’s? Ben je bovendien punctueel, heb je een groot verantwoordelijkheidsgevoel en ben je een echte teamplayer? Dan ben jij mogelijks de nieuwe collega die wij zoeken bij onze klant in het hartje van Antwerpen. Jouw rol Als notarieel medewerker ben je het eerste aanspreekpunt voor cliënten, zowel telefonisch als aan het onthaal. Je begeleidt hen met een glimlach en zorgt ervoor dat ze zich welkom voelen. Je ondersteunt het team bij de opstart en opvolging van dossiers. Je bent ook verantwoordelijk voor de administratieve afhandeling na het verlijden van de akte. Jouw taken Telefonisch en persoonlijk onthaal van cliënten (NL/FR/ENG) Beheer van verschillende mailboxen en verwerking van inkomende en uitgaande post Opstarten, beheren en afsluiten van dossiers, inclusief dossierstudie en controle op volledigheid Agendabeheer voor jezelf, collega’s en notarissen Opmaak en verzending van brochures en documenten na het verlijden van de akte Post-akte formaliteiten: e-registratie, inscannen en uitgifte van akten, repertoriumtekst opmaken, uploaden in DossierManager Opvolging van betalingen, aanvragen en verzendingen naar rechtbanken en hypotheekkantoren Ondersteuning bij de voorbereiding van aktes en het verzamelen van bijkomende stukken Zorg dragen voor een vlotte samenwerking Jouw profiel Je bent vriendelijk, empathisch en stressbestendig Je houdt van contact met mensen en bent een echte teamspeler Je werkt nauwkeurig en gestructuree",fr,https://www.stepstone.be/offres-d-emploi--Notarieel-Medewerker-Antwerpen-Secretary-Academy--2177366-inline.html,stepstone
2172056,Open Sollicitatie: field service/onderhoudstechnicus,Jouw taken:,1654 HUIZINGEN,,,,"Pour les recruteurs Comparateur de salaire Mes Offres Se connecter Trouver un emploi Open Sollicitatie: field service/onderhoudstechnicus SIEMENS HUIZINGEN Contrat fixe à durée indéterminée Plein temps Publiée: il y a 14 heures Vous serez l’un des 1er candidats Sauvegarder Open Sollicitatie: field service/onderhoudstechnicus SIEMENS Sauvegarder Jouw taken: Uitvoeren van preventief en correctief onderhoud aan installaties en apparatuur Assisteren bij de installatie en opstart van nieuwe systemen Diagnoses stellen bij technische storingen en deze efficiënt oplossen Rapporteren van uitgevoerde werkzaamheden en vastgestelde problemen Samenwerken met collega’s en externe partners om technische uitdagingen aan te pakken Zorgen voor naleving van veiligheidsvoorschriften en kwaliteitsnormen Jouw vaardigheden: Diploma in elektromechanica, elektriciteit, automatisering of een gelijkaardige technische richting Eerste werkervaring in een technische functie is een plus, maar ook gemotiveerde starters zijn welkom Basiskennis van elektrische schema’s en mechanische componenten Hands-on mentaliteit en leergierigheid Goede beheersing van het Nederlands; kennis van Frans of Engels is een troef Ervaring met PLC-systemen of industriële automatisering is een grote plus Je beschikt over een rijbewijs B Certificaten zoals VCA of BA4/BA5 zijn een pluspunt Diploma en/of kennis in een technische rihcting/omgeving is een must SIEMENS 12 Critiques 1 Job Localisation SIEMENS 1654 HUIZINGEN, België Afficher la carte Temps de trajet De: À: Via: En voiture Transports en commun À pied À vélo Calculer mon temps de trajet - - : - - Des offres d'emploi similaires Administratief Bediende Confido Gerechtsdeurwaarders Huissiers de Justice Groot-Bijgaarden Candidature facile il y a 2 heures NOUVEAU Compensation & Benefits Expert HR Talents Ternat Télétravail possible il y a 2 jours HR Officer HR Talents Ternat Télétravail possible il y a 3 jours HR Officer HR Talents Ternat Télétravail possible il y a 3 j",fr,https://www.stepstone.be/offres-d-emploi--Open-Sollicitatie-field-service-onderhoudstechnicus-HUIZINGEN-SIEMENS--2172056-inline.html,stepstone
2175091,Payroll Officer (H/F/X),Introduction,2500 Employés,,,,"Pour les recruteurs Comparateur de salaire Mes Offres Se connecter Trouver un emploi Payroll Officer (H/F/X) Vinçotte Vilvoorde Contrat fixe à durée indéterminée Plein temps, Télétravail possible Publiée: il y a 13 heures Vous serez l’un des 1er candidats Sauvegarder Payroll Officer (H/F/X) Vinçotte Sauvegarder Introduction Vinçotte offre des services objectifs et consultatifs en matière d’inspection, certification, évaluation de la conformité et formation. Avec 1.600 professionnels, nous nous engageons au quotidien en vue d’une société plus sûre et plus efficiente. Nos spécialistes dans leur secteur comprennent les besoins des clients comme nul autre et leur montrent la voie en les entourant de conseils et de soutien. Notre cœur bat pour pouvoir enregistrer des résultats pour les multinationales, PME, indépendants et particuliers. En raison d’un départ bien mérité à la retraite, nous sommes à la recherche d’un(e) nouveau(elle) collègue Payroll Officer (H/F/X) pour notre site de Vilvorde. Vos responsabilités Etes-vous un(e) as des chiffres, passionné(e) par la législation sociale et aimez-vous travailler avec les gens ? Etes-vous en plus reconnu(e) pour votre esprit positif et votre enthousiasme ? Alors, vous êtes peut-être le/la Payroll Officer (H/F/X) que nous recherchons ! Avec vos collègues, vous êtes le point de contact privilégié pour les collaborateurs en matière de questions liées aux salaires, aux absences, aux congés thématiques ou aux documents sociaux. Vous êtes notamment responsable: d’une gestion salariale complète, correcte et dans les délais, en collaboration avec le secrétariat social ; d’une administration du personnel impeccable : mise à jour des données et dossiers du personnel ainsi que d'autres tâches administratives RH ; du conseil aux collaborateurs et aux managers concernant les questions liées à la paie ; du soutien au management et à l’équipe RH via divers rapports et statistiques ; du contrôle de l’application correcte de la législation s",fr,https://www.stepstone.be/offres-d-emploi--Payroll-Officer-H-F-X-Vilvoorde-Vincotte--2175091-inline.html,stepstone
2172063,Psycholoog / Orthopedagoog,Jouw verantwoordelijkheden,3000 VZW LEUVEN Contrat fixe à durée indéterminée Plein temps Publiée,,,,"Pour les recruteurs Comparateur de salaire Mes Offres Se connecter Trouver un emploi Psycholoog / Orthopedagoog CAR Antenne 3000 VZW LEUVEN Contrat fixe à durée indéterminée Plein temps Publiée: il y a 14 heures Vous serez l’un des 1er candidats Sauvegarder Psycholoog / Orthopedagoog CAR Antenne 3000 VZW Sauvegarder Jouw verantwoordelijkheden In ons Centrum voor Ambulante Revalidatie werk je met kinderen en jongeren (6–18 jaar) met een diagnose ADHD+ en/of ASS. Samen met een multidisciplinair team begeleid je hen én hun omgeving: ouders, brussen, leerkrachten en andere betrokkenen. Je dagen zijn heel afwisselend: Je biedt individuele en groepsbegeleiding. Je werkt nauw samen met ouders, scholen, CLB’s en collega-hulpverleners. Je voert psychodiagnostisch onderzoek uit (intelligentie-, neuropsychologisch- en belevingsonderzoek). Je neemt de rol van casemanager op, inclusief de nodige administratie. Kortom: je combineert je inhoudelijke expertise met teamwork en overleg, zodat kinderen en jongeren écht stappen vooruit kunnen zetten. Jouw profiel Je hebt een master in Psychologie of Pedagogische Wetenschappen. Je hebt ervaring met psychodiagnostiek – dat is een must. Ervaring met onze doelgroep (ASS/ADHD) en/of met de werking van een CAR is een plus. Je bent zelfstandig, maar werkt ook graag nauw samen in een multidisciplinair team. Je spreekt en schrijft vloeiend Nederlands, en kan je ook goed uitdrukken in het Engels en Frans. CAR Antenne 3000 VZW 1 Job Localisation CAR Antenne 3000 VZW 3000 LEUVEN, België Afficher la carte Temps de trajet De: À: Via: En voiture Transports en commun À pied À vélo Calculer mon temps de trajet - - : - - Des offres d'emploi similaires Junior Embedded Software Engineer - Machine Learning NXP Semiconductors Netherlands B.V. Leuven il y a 9 heures NOUVEAU Teamlead Accounting Dixon Finance Leuven Télétravail possible il y a 1 jour Business Unit Manager Non-Life Immotheker Finotheker Leuven Télétravail possible il y a 1 heure NOUVEAU Coördin",fr,https://www.stepstone.be/offres-d-emploi--Psycholoog-Orthopedagoog-LEUVEN-CAR-Antenne-3000-VZW--2172063-inline.html,stepstone
2172017,Responsable Front Office (service coupé),À propos de Be-Housing:,1620 DROGENBOS,,,,"Pour les recruteurs Comparateur de salaire Mes Offres Se connecter Trouver un emploi Responsable Front Office (service coupé) Tres NV DROGENBOS Contrat fixe à durée indéterminée Plein temps Publiée: il y a 14 heures Vous serez l’un des 1er candidats Sauvegarder Responsable Front Office (service coupé) Tres NV Sauvegarder À propos de Be-Housing: Be-Housing est un acteur de premier plan dans le secteur de l’hospitalité, spécialisé dans le logement temporaire sur mesure. Nous nous distinguons par notre forte position sur le marché budgétaire et proposons plus de 800 appartements-hôtels et chambres, répartis sur 16 résidences en Belgique. Nos clients sont aussi bien des touristes que des hommes et femmes d’affaires ou des travailleurs étrangers. Avec des séjours allant d’une nuit à des contrats annuels, nous combinons flexibilité et approche orientée client qui fait toute la différence. Que ferez-vous ? Accueil des clients: Vous recevez les hôtes à la réception, gérez les clés et assurez correctement l’administration liée aux contrats et aux paiements. Gestion quotidienne: Vous supervisez le fonctionnement de la réception, l’organisation des petits-déjeuners, le suivi rigoureux des procédures et le maintien d’un flux de travail efficace. Cela signifie que vous veillez à ce que tout soit logique et fluide : plannings clairs, bonne répartition des tâches, et résolution rapide des imprévus sans perturber le reste. Facility & maintenance: Vous inspectez les studios, coordonnez le nettoyage et l’entretien, et veillez à ce que tout soit en ordre à l’arrivée et au départ des clients. Coordination d’équipe: Vous établissez les plannings et encadrez les équipes de nettoyage et de maintenance. Disponibilité: Vous participez au système de permanence et êtes joignable en cas d’urgence pour vos clients. Administration & reporting: Vous gérez les factures et les réservations de groupes, et vous rapportez chaque semaine au management sur le fonctionnement du site. Gestion des stocks: ",fr,https://www.stepstone.be/offres-d-emploi--Responsable-Front-Office-service-coupe-DROGENBOS-Tres-NV--2172017-inline.html,stepstone
2162013,Sales Engineer,Introductie,8800 Roeselare,,,,"Pour les recruteurs Comparateur de salaire Mes Offres Se connecter Trouver un emploi Sales Engineer VDL Bus Roeselare ROESELARE Contrat fixe à durée indéterminée Plein temps Publiée: il y a 14 heures Vous serez l’un des 1er candidats Sauvegarder Sales Engineer VDL Bus Roeselare Sauvegarder Introductie VDL Bus Roeselare heeft een uitgebreide range aan openbaar vervoer bussen in haar pakket. De focus ligt met name op het nieuwe innovatieve elektrische productfolio. Jouw functie: De afdeling Sales Engineering is verantwoordelijk voor de commerciële en technische ondersteuning naar de VDL Bus & Coach vestigingen en importeurs. De Sales Engineer zal binnen dit team een belangrijke rol gaan vervullen. Hij/zij wordt verantwoordelijk voor de ondersteuning aan een aantal markten. Standplaats is Roeselare, echter zal hij/zij regelmatig samen met de verkopers in de markten klanten bezoeken en offertes uitwerken. Je staat in voor de begeleiding van andere VDL Bus & Coach vestigingen en importeurs aangaande Public Transport offertes/tenders. Je begeleidt de lopende offertes (input specificaties + calculaties). Je begeleidt het inzetten van orders en bent betrokken tot en met de aflevering van de bussen. Je bent uiteraard sterk geïnteresseerd in nieuwe technologieën en draagt jouw interesse en kennis makkelijk over naar klanten en collega's. Je bent verantwoordelijk voor technisch advies/support en je hebt hierbij oog voor commerciële opportuniteiten. Opstellen van landspecifieke specificaties behoort ook tot jouw takenpakket. Kortom door jouw technische kennis word je het aanspreekpunt voor (toekomstige) klanten en collega's binnen onze verschillende vestigingen. Wij zoeken: Bachelor (bij voorkeur autotechnologie / elektriciteit) of gelijkwaardig door ervaring. Je hebt 3 - 5 jaar werkervaring, bij voorkeur met heavy duty voertuigen, kennis van bussen is een pluspunt. Je bent commercieel ingesteld met goede communicatieve kwaliteiten, maar je onderscheidt je voornamelijk door jou",fr,https://www.stepstone.be/offres-d-emploi--Sales-Engineer-ROESELARE-VDL-Bus-Roeselare--2162013-inline.html,stepstone
2139490,Senior System Engineer Cloud,Taken,1400 Nivelles,,,,"Pour les recruteurs Comparateur de salaire Mes Offres Se connecter Trouver un emploi Senior System Engineer Cloud Easi SA Nivelles Contrat fixe à durée indéterminée Plein temps Publiée: il y a 13 heures Vous serez l’un des 1er candidats Sauvegarder Senior System Engineer Cloud Easi SA Sauvegarder Taken Als Senior/Medior System Engineer ""Cloud"" is het jouw taak om de bestaande infrastructuur te onderhouden om een maximale beschikbaarheid van de diensten van onze klanten te garanderen. En je rol houdt daar niet op! In deze functie zal je jouw technische kennis voortdurend kunnen ontwikkelen dankzij de verschillende projecten waarbij je betrokken zal zijn. Je werkt in een zeer interessante technische omgeving (verspreid over twee datacenters) die mee evolueert. Je zal betrokken zijn bij projecten voor verschillende soorten klanten en organisaties. Als Medior/Senior System Engineer Cloud maak je deel uit van ons Managed IT Solutions (MIT) team. Na het volgen van een opleiding, ben je : Een drijvende kracht in de ontwikkeling van onze oplossing. Hiermee wordt beoogd enerzijds de veiligheid/betrouwbaarheid te verbeteren en anderzijds de functionaliteiten te ontwikkelen, om een competitief product op de markt te blijven Verantwoordelijk voor de ondersteuning van onze verkopers tijdens de presales fase om onze klanten zo goed mogelijk te adviseren Verantwoordelijk voor de technische aspecten van de migratieprojecten van onze klanten naar onze cloudoplossingen Vereisten Must-have: Bachelor of Master in IT Minimaal 5 jaar ervaring, idealiter in een gedeeld infrastructuurbeheer voor meerdere klanten VMware-expertise: goede kennis van en ervaring met vCenter, DVS, vMotion, storage vMotion, DRS, storage profile, vCloud, vRops Ervaring met het opzetten en beheren van storage (Dell PowerStore, Lenovo Storwize) Beheersing van de verschillende parameters die het mogelijk maken een opslagruimte correct te dimensioneren (IOPS, deduplicatie, compressie, cache, ...) Goede kennis van met",fr,https://www.stepstone.be/offres-d-emploi--Senior-System-Engineer-Cloud-Nivelles-Easi-SA--2139490-inline.html,stepstone
2172059,Technisch administratief bediende,Introductie,8647 LO-RENINGE,,,,"Pour les recruteurs Comparateur de salaire Mes Offres Se connecter Trouver un emploi Technisch administratief bediende Westland NV LO-RENINGE Contrat fixe à durée indéterminée Plein temps Publiée: il y a 14 heures Vous serez l’un des 1er candidats Sauvegarder Technisch administratief bediende Westland NV Sauvegarder Introductie WESTLAND METALWORKS, gevestigd in Reninge (baan Ieper/Veurne), is een metaalverwerkend bedrijf. We zijn gespecialiseerd in metaalconstructies en racks (containers) voor de automobielindustrie. Voor de administratieve ondersteursteuning wensen wij ons team te versterken met een 'technisch administratief medewerker'. Jouw verantwoordelijkheden Je staat in voor diverse administratieve en technische taken. Je ondersteunt het team door: Het helpen berekenen van prijzen. Offertes op te maken en op te volgen Nacalculaties uit te voeren Prijzen op te vragen bij leveranciers Overleg te plegen met het tekenbureau De planning van de werken op te maken Regelmatig overleg te hebben met het atelier Jouw profiel Je hebt een technische en/of administratieve achtergrond Je werkt nauwkeurig en gestructureerd Je bent communicatief sterk en werkt vlot samen met collega’s Ervaring in de sector is een pluspunt Je hebt een goede kennis van Office-toepassingen Westland NV 3 Jobs Localisation Westland NV 8647 LO-RENINGE, België Afficher la carte Temps de trajet De: À: Via: En voiture Transports en commun À pied À vélo Calculer mon temps de trajet - - : - - Des offres d'emploi similaires Administratief bediende omleidingen gezocht voor De Lijn regio West-Vlaanderen Tempo-Team Regio West- & Oost- Vlaanderen Brugge il y a 1 jour Administratief medewerker aankoop Russell Recruitment & More BV Izegem il y a 1 jour Internal Sales Medewerker Rock Recruitment Zedelgem il y a 3 jours Allround Administratief Bediende Robert Half Tielt il y a 5 jours Dossierbeheerder boekhoudkantoor - regio West-Vlaanderen Smart Finance BVBA Op locatie bij klanten in West-Vlaanderen Télétravail",fr,https://www.stepstone.be/offres-d-emploi--Technisch-administratief-bediende-LO-RENINGE-Westland-NV--2172059-inline.html,stepstone
2166659,Technisch expert vracht- en landbouwvoertuigen (m/v/x),Jouw verantwoordelijkheden,9800 DEINZE,,,,"Pour les recruteurs Comparateur de salaire Mes Offres Se connecter Trouver un emploi Technisch expert vracht- en landbouwvoertuigen (m/v/x) ESTL NV DEINZE Contrat fixe à durée indéterminée Plein temps Publiée: il y a 13 heures Vous serez l’un des 1er candidats Sauvegarder Technisch expert vracht- en landbouwvoertuigen (m/v/x) ESTL NV Sauvegarder Jouw verantwoordelijkheden Je evalueert technische specificaties van voertuigcomponenten. Hiervoor doe je zelf de nodige testen op bijvoorbeeld het remsysteem van een vrachtwagen, een trekhaak, de zetels van een autobus... Voor deze testen maak je gebruik van complexe en nauwkeurige meetapparatuur. Op basis van jouw vaststellingen worden de voertuigen al dan niet toegelaten tot het verkeer. Daarnaast ontwikkel en valideer je nieuwe testmachines die wereldwijd worden ingezet. Je werkt zelfstandig volgens de procedures van ons kwaliteitssysteem voor zowel kleine bedrijven als grote voertuigconstructeurs. Je bouwt systematisch kennis en ervaring op en je kan na enige tijd de technisch verantwoordelijken van onze klanten adviseren. Gezocht profiel:  Je bezit minimaal een diploma professionele bachelor in elektromechanica, OPT, autotechnologie of aanverwant  Je bent handig, leergierig en oplossingsgericht  Je hebt zin voor nauwkeurigheid  Affiniteit met voertuigen is een pluspunt  Schoolverlaters die het gebrek aan ervaring compenseren met enthousiasme en gedrevenheid zijn eveneens welkom ESTL NV 1 Job Localisation ESTL NV 9800 DEINZE, België Afficher la carte Temps de trajet De: À: Via: En voiture Transports en commun À pied À vélo Calculer mon temps de trajet - - : - - Des offres d'emploi similaires Medewerker schoonmaak - 21u (vroege) Sodexo België Gent il y a 1 jour Medewerker schoonmaak - 15u (late) Sodexo België Gent il y a 1 jour SCHOONMAAK MEDEWERK(ST)ER AVOND - Melle IRIS Eke il y a 1 jour SCHOONMAAK MEDEWERK(ST)ER- Merelbeke/Deinze/Gent/St-Denijs-Westrem IRIS Eke il y a 1 jour SCHOONMAAK MEDEWERK(ST)ER- Oostende /V",fr,https://www.stepstone.be/offres-d-emploi--Technisch-expert-vracht-en-landbouwvoertuigen-m-v-x-DEINZE-ESTL-NV--2166659-inline.html,stepstone
2158422,Technisch klantenservice medewerker,Introductie,2025 Français,,,,"omschrijving Je zorgt voor de continuïteit van de machines van alle klanten Je coördineert verzendingen met leveranciers en transporteurs om ervoor te zorgen dat de juiste onderdelen tijdig op de juiste locatie zijn Je analyseert onderdeelboeken, elektrische en pneumatische schema’s om passende oplossingen voor klanten te bieden Samen met de magazijnier bereid je orders voor, voor zowel klanten als techniekers Je adviseert klanten over tooling, reserveonderdelen en andere benodigdheden om problemen te voorkomen Je zorgt voor de nabehandeling van service Profiel Je bent vlot met computers en hebt een sterke technische achtergrond (elektromechanica, elektriciteit, ...) Je bent het uithangbord van het bedrijf en bent ten alle tijden klantvriendelijk Je spreekt zeer goed Nederlands en Engels, een plus is Frans en Duits Je gaat nauwkeurig en geordend te werk Je bent stressbestendig TG-Packaging BV 9 Jobs Des offres d'emploi similaires Project Assistant - Vaste site Mechelen VINCI Facilities - Brussels Kruibeke il y a 1 jour Dispatcher met rijbewijs C Tempo-Team Regio Antwerpen - Kempen - Limburg Merksem il y a 21 heures NOUVEAU Logistiek Medewerker Robert Half Bornem il y a 4 jours Office sales medewerker Eurogym Haasdonk il y a 1 jour Commercieel bediende Sint-Niklaas NMBS-SNCB Sint-Niklaas il y a 21 heures NOUVEAU Teamleader Elektriciteit (meewerkend) Cegelec Beveren-Kruibeke-Zwijndrecht il y a 1 jour Technisch Aankoper Dixon Supply Chain Beveren il y a 3 jours Preventiemedewerker Stegmann Belgium (BVBA) Kallo il y a 1 jour Calculator Stegmann Belgium (BVBA) Sint-Niklaas il y a 5 jours Technisch medewerker asbestmetingen SGS Group Belgium Beveren-Kruibeke-Zwijndrecht il y a 1 semaine Stepstone Qui sommes-nous Espace Presse Devenez partenaire Candidat Carrière chez Stepstone Conseils de carrière FAQ Recruteur Pourquoi Stepstone Actualités recrutement Publier une annonce Recrutement international: THE NETWORK Restons en contact Donnez-nous votre avis Apps Déclaration de confidentialité Conditions d'utilisation Contactez-nous Conditions générales de vente THE NETWORK The Stepstone Group GmbH © 2025 Français",fr,https://www.stepstone.be/offres-d-emploi--Technisch-klantenservice-medewerker-Beveren-Kruibeke-Zwijndrecht-TG-Packaging-BV--2158422-inline.html,stepstone
2176196,Toonzaalverkoper Sanitair,Introductie,1976 zijn deuren met,,,,"omschrijving Als verkoper ben je de “vertrouwenspersoon” die elke klant verwacht Je helpt klanten verder met aandacht voor hun wensen en behoeften Je voert verkoopgesprekken en je geeft productinformatie Je maakt offertes op maat Je onderhoudt contacten met de installateurs Je communiceert op een vlotte en enthousiaste manier Jouw profiel Je hebt minimaal enkele jaren ervaring in de particuliere verkoop van sanitair Je bent klantgericht en oplossingsgericht Je bent commercieel en communicatief sterk Affiniteit met de bouwsector en technisch inzicht zijn een must Je hebt een verzorgd voorkomen Je bent flexibel (zaterdagwerk) en je bent PC minded. Je bent gemotiveerd Ons aanbod Een topjob met werkzekerheid in een familiale onderneming Een dynamische, toffe werksfeer met een sterke band tussen werknemer en werkgever Er heerst een no-nonsense mentaliteit waarbij iedereen even belangrijk is We groeien samen, elke dag opnieuw Een gevarieerde job met veel klantencontacten Vast voltijds bediendecontract 38u/week (deeltijds is ook mogelijk) Een aantrekkelijk loon, in lijn met jouw ervaring Mogelijkheid tot fietsleasing Geïnteresseerd? Cevo Market Groothandel, detailhandel • 11-50 Employés 3 Jobs Page Entreprise Localisation Cevo Market Meulemanslaan 28, 2260 Tongerlo, België Afficher la carte Temps de trajet De: À: Via: En voiture Transports en commun À pied À vélo Calculer mon temps de trajet - - : - - Avantages sociaux Ordinateur portable Parking Chèques-repas GSM Formation Balcon/terrasse Bonne connexion aux transports en commun Les avantages décrits sont d’application pour la société et peuvent varier en fonction du poste ou du service en question. Des offres d'emploi similaires (Junior) Accountant Intelect Herentals Tessenderlo il y a 1 jour Chef Gerant - 38u00 Sodexo België Mechelen il y a 1 jour Toonbankbediende & keuken - 38u Sodexo België Olen il y a 5 jours Chef Gerant - 38u Sodexo België Aarschot il y a 1 jour Verkoper DIY Cevo Market Tongerlo il y a 11 heures NOUVEAU Verkoper Keukentoonzaal Cevo Market Tongerlo il y a 11 heures NOUVEAU Carrossier voorbereider BMW JOY'N US Blutsqi, Heist-op-den-Berg il y a 3 jours Comp&Ben Officer Aurubis Olen Olen il y a 22 heures NOUVEAU Recruiter Vivaldis Interim Geel il y a 3 jours Verkoopsadviseur keukens Intelect Herentals Geel il y a 1 semaine Stepstone Qui sommes-nous Espace Presse Devenez partenaire Candidat Carrière chez Stepstone Conseils de carrière FAQ Recruteur Pourquoi Stepstone Actualités recrutement Publier une annonce Recrutement international: THE NETWORK Restons en contact Donnez-nous votre avis Apps Déclaration de confidentialité Conditions d'utilisation Contactez-nous Conditions générales de vente THE NETWORK The Stepstone Group GmbH © 2025 Français",fr,https://www.stepstone.be/offres-d-emploi--Toonzaalverkoper-Sanitair-Tongerlo-Cevo-Market--2176196-inline.html,stepstone
2176216,Verkoper DIY,Introductie,1976 zijn deuren met,,,,"omschrijving Je helpt onze klanten op een vlotte, enthousiaste manier verder Je geeft productinformatie Je verzorgt de permanentie in de afdeling “verf, verlichting, machinerie” van onze winkel Het klaarzetten van bestellingen, het aanvullen van de toonzaal, … behoort eveneens tot jouw takenpakket. Kortom je schrikt niet terug om de handen uit de mouwen te steken. Je bent een “doener” Zaterdagwerk is geen probleem Jouw profiel Werk jij klantgericht en oplossingsgericht en krijg jij voldoening wanneer een tevreden klant de deur uit stapt ? Lees dan zeker verder ! Jouw diploma is niet de doorslaggevende factor maar wel jouw doorzettingsvermogen, leergierigheid en positivisme Heb jij een technisch inzicht, kennis van elektrisch handgereedschap en verlichting en ervaring in de verkoop ? Dat is een pluspunt ! Ben jij commercieel, communicatief sterk en heb je een verzorgd uiterlijk ? Dan willen wij jou graag ontmoeten tijdens een gesprek ! Ons aanbod Je komt terecht in een aangename werkomgeving met een fijne sfeer waar je werkzekerheid hebt in een familiebedrijf dat meer dan 49 jaar bestaat Wij bieden u een leuke, gevarieerde job Er heerst bij ons een no-nonsense mentaliteit waarbij iedereen even belangrijk is, de goede werksfeer centraal staat en we elke dag opnieuw samen groeien Wij bieden u een vast, voltijds contract met een aantrekkelijk loon, in lijn met jouw ervaring Ze krijgt een degelijke interne opleiding Mogelijkheid tot fietsleasing Extra legale voordelen Geïnteresseerd? Cevo Market Groothandel, detailhandel • 11-50 Employés 3 Jobs Page Entreprise Localisation Cevo Market Meulemanslaan 28, 2260 Tongerlo, België Afficher la carte Temps de trajet De: À: Via: En voiture Transports en commun À pied À vélo Calculer mon temps de trajet - - : - - Avantages sociaux Ordinateur portable Parking Chèques-repas GSM Formation Balcon/terrasse Bonne connexion aux transports en commun Les avantages décrits sont d’application pour la société et peuvent varier en fonction du poste ou du service en question. Des offres d'emploi similaires (Junior) Accountant Intelect Herentals Tessenderlo il y a 1 jour Toonbankbediende & keuken - 38u Sodexo België Olen il y a 5 jours Verkoper / Verkoopster Verisure Hasselt il y a 6 jours Verkoper Keukentoonzaal Cevo Market Tongerlo il y a 11 heures NOUVEAU Toonzaalverkoper Sanitair Cevo Market Tongerlo il y a 11 heures NOUVEAU Sales Representative / (Junior) Field Sales Manager Herchenbach Industrial Buildings GmbH Geel Télétravail possible il y a 21 heures NOUVEAU Comp&Ben Officer Aurubis Olen Olen il y a 22 heures NOUVEAU Sales Advisor BMW Premium Selection BMW JOY'N US Beliën Lommel il y a 1 jour Recruiter Vivaldis Interim Geel il y a 3 jours Verkoopsadviseur keukens Intelect Herentals Geel il y a 1 semaine Stepstone Qui sommes-nous Espace Presse Devenez partenaire Candidat Carrière chez Stepstone Conseils de carrière FAQ Recruteur Pourquoi Stepstone Actualités recrutement Publier une annonce Recrutement international: THE NETWORK Restons en contact Donnez-nous votre avis Apps Déclaration de confidentialité Conditions d'utilisation Contactez-nous Conditions générales de vente THE NETWORK The Stepstone Group GmbH © 2025 Français",fr,https://www.stepstone.be/offres-d-emploi--Verkoper-DIY-Tongerlo-Cevo-Market--2176216-inline.html,stepstone
2172075,Verkoper Houtafdeling,Jouw takenpakket:,1740 TERNAT,,,,"Pour les recruteurs Comparateur de salaire Mes Offres Se connecter Trouver un emploi Verkoper Houtafdeling Brico Plan-it TERNAT Contrat fixe à durée indéterminée Plein temps Publiée: il y a 14 heures Vous serez l’un des 1er candidats Sauvegarder Verkoper Houtafdeling Brico Plan-it Sauvegarder Jouw takenpakket: Samen met je team adviseer je klanten en zorg je voor een nette en aantrekkelijke afdeling. Gericht advies geven aan de klanten om hun aankoop te vergemakkelijken Samen met je team zorgen voor een nette, goed gevulde en aantrekkelijke winkelafdeling Rekening houden met klantfeedback om het aanbod en de service te verbeteren De presentatie van producten optimaliseren voor een vlotte en aangename winkelervaring Jouw meerwaarde: Ervaring of een opleiding in houtbewerking is een plus Bereid om op zaterdagen te werken Vlot Nederlandstalig en een goede basis Frans Klantgericht en een echte team player Brico Plan-it Groothandel, detailhandel 8 Jobs Page Entreprise Localisation Brico Plan-it 1740 TERNAT, België Afficher la carte Temps de trajet De: À: Via: En voiture Transports en commun À pied À vélo Calculer mon temps de trajet - - : - - Des offres d'emploi similaires Administratief Bediende Confido Gerechtsdeurwaarders Huissiers de Justice Groot-Bijgaarden Candidature facile il y a 2 heures NOUVEAU Administratief Medewerker Aankoop & Logistiek Robert Walters Erpe-Mere Télétravail possible il y a 2 jours Boekhouder | Nieuw, modern kantoor Austin Bright Heist-op-den-Berg Télétravail possible il y a 5 jours Boekhouder Robert Half Torhout il y a 3 jours Administratief - Commercieel Medewerker Sales Talents Sint-Pieters-Leeuw il y a 4 jours Administratief Bediende Robert Half Asse il y a 4 jours Senior Boekhouder Robert Half Ternat il y a 2 jours Commercieel dossierbeheerder Vanbreda Dekerf - Ternat VANBREDA RISK & BENEFITS Ternat Télétravail possible il y a 2 jours Junior Dossierbeheerder Austin Bright Mechelen Télétravail possible il y a 3 jours Ergotherapeut - 30.4u ",fr,https://www.stepstone.be/offres-d-emploi--Verkoper-Houtafdeling-TERNAT-Brico-Plan-it--2172075-inline.html,stepstone
2176209,Verkoper Keukentoonzaal,Introductie,1976 zijn deuren met,,,,"omschrijving Als verkoper (M/V/X) ontvang je de klant en je staat hen bij met advies Je kan de wensen en de behoeften van de klant omzetten in hun ideale keuken Je bent creatief en je hebt ruimtelijk inzicht Je maakt offertes op maat Door jouw creativiteit weet je precies hoe je samen met de klant zijn droomkeuken kan creëren Jouw profiel Je zoekt een aangename, commerciële job in een familiaal bedrijf en je hebt vakkennis en ervaring in de verkoop van keukens Je volgt de nieuwe trends in de keukensector op de voet Je kan vlot werken met de computer Ervaring met het programma “SDP” is een pluspunt Je hebt ervaring met het programma “Winner Design” Je hebt zin voor orde en bent punctueel Je bent klantgericht en krijgt voldoening wanneer een tevreden klant de deur uit stapt Je hebt een verzorgd uiterlijk Ons aanbod Je komt terecht in een aangename werkomgeving met een familiale, fijne sfeer Werkzekerheid in een stabiele, familiale onderneming Een leuke, gevarieerde job Er heerst een no-nonsense mentaliteit waarbij iedereen even belangrijk is, de goede werksfeer centraal staat en we elke dag opnieuw samen groeien Vast contract Een aantrekkelijk loon, in lijn met jouw ervaring Een degelijke interne opleiding Mogelijkheid tot fietsleasing Geïnteresseerd? Cevo Market Groothandel, detailhandel • 11-50 Employés 3 Jobs Page Entreprise Localisation Cevo Market Meulemanslaan 28, 2260 Tongerlo, België Afficher la carte Temps de trajet De: À: Via: En voiture Transports en commun À pied À vélo Calculer mon temps de trajet - - : - - Avantages sociaux Ordinateur portable Parking Chèques-repas GSM Formation Balcon/terrasse Bonne connexion aux transports en commun Les avantages décrits sont d’application pour la société et peuvent varier en fonction du poste ou du service en question. Des offres d'emploi similaires Toonbankbediende & keuken - 38u Sodexo België Olen il y a 5 jours Verkoper / Verkoopster Verisure Roeselare il y a 6 jours Verkoper / Verkoopster Verisure Antwerpen il y a 6 jours Verkoper / Verkoopster Verisure Gent il y a 6 jours Verkoper / Verkoopster Verisure Hasselt il y a 6 jours Verkoper DIY Cevo Market Tongerlo il y a 11 heures NOUVEAU Toonzaalverkoper Sanitair Cevo Market Tongerlo il y a 11 heures NOUVEAU Sales Advisor BMW Premium Selection BMW JOY'N US Beliën Lommel il y a 1 jour Recruiter Vivaldis Interim Geel il y a 3 jours Verkoopsadviseur keukens Intelect Herentals Geel il y a 1 semaine Stepstone Qui sommes-nous Espace Presse Devenez partenaire Candidat Carrière chez Stepstone Conseils de carrière FAQ Recruteur Pourquoi Stepstone Actualités recrutement Publier une annonce Recrutement international: THE NETWORK Restons en contact Donnez-nous votre avis Apps Déclaration de confidentialité Conditions d'utilisation Contactez-nous Conditions générales de vente THE NETWORK The Stepstone Group GmbH © 2025 Français",fr,https://www.stepstone.be/offres-d-emploi--Verkoper-Keukentoonzaal-Tongerlo-Cevo-Market--2176209-inline.html,stepstone
2166675,Winkelmedewerker | Jobstudent | Eindejaarsperiode,Introductie,8520 KUURNE,,,,"Pour les recruteurs Comparateur de salaire Mes Offres Se connecter Trouver un emploi Winkelmedewerker | Jobstudent | Eindejaarsperiode Liberty Work BV KUURNE Job étudiant / travail saisonnier Plein temps Publiée: il y a 13 heures Sauvegarder Winkelmedewerker | Jobstudent | Eindejaarsperiode Liberty Work BV Sauvegarder Introductie Wil jij als student tijdens de eindejaarsperiode/schoolvakanties een centje bijverdienen? Hou je van shopping, lifestyleartikelen en klantencontact? Dan ben jij onze match! Jouw verantwoordelijkheden Inpakken van artikelen. Kassawerk. Goederen uitstallen. Onderhoud van de winkel. Jouw profiel Je hebt een verzorgd voorkomen. Je hebt reeds ervaring in een gelijkaardige functie ; je bent 18 +.. Je bent commercieel, klantgericht en stressbestendig. Je bent communicatief : Nederlands, Frans is een pluspunt. Liberty Work BV 50 Jobs Localisation Liberty Work BV 8520 KUURNE, België Afficher la carte Temps de trajet De: À: Via: En voiture Transports en commun À pied À vélo Calculer mon temps de trajet - - : - - Des offres d'emploi similaires Student Betalingsopvolging (2 dagen/week) JobFIXers Drongen il y a 4 jours Onthaalmedewerker Circulaire Dienst - Decathlon Kortrijk Decathlon Beneluxlaan 1, 8500 Kortrijk, Belgium il y a 5 jours Verkoper / Verkoopster Verisure Roeselare il y a 6 jours Jobstudent Stadsbader NV Stadsbader NV Diverse regio's / werven il y a 2 jours Verkoopmedewerker - Decathlon Kortrijk Decathlon Beneluxlaan 1, 8500 Kortrijk, Belgium il y a 5 jours Verpleegkundige Armonea NV Rumbeke il y a 1 jour Assistant Store Manager Waregem LIDL Waregem il y a 1 jour Winkelmedewerker decoratie | Dadizele The Adecco Group Dadizele il y a 3 jours Assistant Store Manager Zwevegem LIDL Zwevegem il y a 4 jours Assistant Store Manager Roeselare Westlaan LIDL Roeselare il y a 4 jours Stepstone Qui sommes-nous Espace Presse Devenez partenaire Candidat Carrière chez Stepstone Conseils de carrière FAQ Recruteur Pourquoi Stepstone Actualités recrutement P",fr,https://www.stepstone.be/offres-d-emploi--Winkelmedewerker-Jobstudent-Eindejaarsperiode-KUURNE-Liberty-Work-BV--2166675-inline.html,stepstone
