job_id,title,company,location,posted,contract,sector,description,language_detected,url,source
2178199,Begeleider Brabo (100%),Introductie,2025 Français,,,,"Pour les recruteurs Comparateur de salaire Mes Offres Se connecter Trouver un emploi Begeleider Brabo (100%) Elegast VZW DEURNE Publiée: il y a 4 heures Vous serez l’un des 1er candidats Sauvegarder Begeleider Brabo (100%) Elegast VZW Sauvegarder Introductie Ben je op zoek naar een gevarieerde job met verantwoordelijkheid én maatschappelijke relevantie? Lees dan zeker verder. Elegast is al meer dan 40 jaar een vaste waarde in de Antwerpse jeugdzorg en hulpverlening. Met ruim 200 collega’s, 15 afdelingen en 10 locaties zijn we groot en veelzijdig, maar toch toegankelijk en persoonlijk; Een dorp in ’t Stad, zeg maar. Voor Brabo zijn we op zoek naar een begeleider (100%) met een opmerkelijk sterke, professionele basishouding. Je begeleidt 6 jongens (14j-21j) met een complexe problematiek die zich uit in sterk externaliserend probleemgedrag. Er wordt ingezet op verbinding, veiligheid en behandeling. De jongens wonen per 3 in 2 appartementen. Deze module is als aanbod op maat ontstaan zodat deze adolescenten niet meer in de gemeenschapsinstellingen (GI) belanden. Zo blijven de GI -met uitzondering van time-out opties- tevens behouden voor jongeren met een (eerder*) forensisch traject/MOF-profiel. Jouw verantwoordelijkheden Wat doe je? Je neemt uiteenlopende taken op binnen een multidisciplinair team. Een greep uit het takenpakket: Je bent aanwezig voor de jongeren. Je voert bijvoorbeeld informele gesprekken tijdens de huishoudelijke taken (eten, koken, afwassen), beantwoordt vragen over hun schoolwerk. Je bouwt een warme vertrouwensband op en werkt aan een veilig leefklimaat. Je biedt de jongeren niet alleen een plek waar ze kunnen thuiskomen, maar ook structuur en duidelijkheid. Je ondersteunt hen op persoonlijk vlak (medische opvolging, hygiëne, orde) en pedagogisch vlak. De jongeren kunnen met al hun vragen of zorgen bij jou terecht. Jij bent op jouw beurt altijd alert voor hun noden en bekommernissen. Je begeleidt niet alleen een groep, je begeleidt ook enkele jonger",fr,https://www.stepstone.be/offres-d-emploi--Begeleider-Brabo-100-DEURNE-Elegast-VZW--2178199-inline.html,stepstone
2099070,Assistant(e) administratif(ve),Introduction,1970 Wezembeek Oppem il y a,,,,"Description du poste Responsable des dossiers d'assignation et d'exécution avec l'assistance d'un huissier de justice et d'un candidat huissier de justice. Préparer les dossiers et assister l'huissier de justice dans ses activités quotidiennes Discuter des dossiers avec les clients et donner des conseils (en concertation avec l'huissier de justice). Une gamme variée de tâches avec des possibilités d'évolution au fil du temps. Votre profil Qui êtes-vous ? Vous avez au moins un diplôme de l'enseignement secondaire, un diplôme de bachelier ou de master est un plus. Bonne éthique de travail La volonté de travailler de manière indépendante est un atout Bonne connaissance du néerlandais, le français est un plus mais n'est pas obligatoire. Vous avez le sens des responsabilités et apportez beaucoup de soin à votre travail. Notre offre Que pouvez-vous attendre en tant que gestionnaire de dossiers ? Un salaire compétitif en fonction de votre expérience et/ou de votre diplôme ; deshoraires de travail flexibles + des chèques-repas d'une valeur de 8 euros par jour + une assurance hospitalisation DKV pour vous et votre famille Un bon équilibre entre vie professionnelle et vie privée, avec la possibilité de télétravail. Un soutien interne et des possibilités de formation pour vous permettre de vous spécialiser et de développer votre carrière au sein de ce cabinet. Un environnement de travail collégial et dynamique, avec une interaction agréable entre les membres de notre équipe. Intéressé.e? Confido Gerechtsdeurwaarders Huissiers de Justice 1 Job Des offres d'emploi similaires Responsable administratif(ve) XLG Evere il y a 1 jour Agent Front Office Service Desk Etnic - Fédération Wallonie Bruxelles Bruxelles il y a 1 jour Gestionnaire de dossiers de recrutement Wallonie Bruxelles Enseignement Bruxelles il y a 1 jour Office Manager Scale Dogs 1970 Wezembeek Oppem il y a 2 jours Administrative Coordinator ARCADIUS Anderlecht Télétravail possible il y a 4 jours Management Assistant Hydria Brussel Télétravail possible il y a 1 jour Gestionnaire administratif et comptable Confédération Des Betteraviers Belges Asbl Bruxelles il y a 18 heures NOUVEAU Property Accountant | Prioriser votre bien-être Sander Brussels Brussels centrum Télétravail possible il y a 5 jours Comptable Clients Robert Half Bruxelles il y a 1 jour Gestionnaire de dossiers Robert Walters Brussels il y a 1 jour Stepstone Qui sommes-nous Espace Presse Devenez partenaire Candidat Carrière chez Stepstone Conseils de carrière FAQ Recruteur Pourquoi Stepstone Actualités recrutement Publier une annonce Recrutement international: THE NETWORK Restons en contact Donnez-nous votre avis Apps Déclaration de confidentialité Conditions d'utilisation Contactez-nous Conditions générales de vente THE NETWORK The Stepstone Group GmbH © 2025 Français",fr,https://www.stepstone.be/offres-d-emploi--Assistante-administratifve-Groot-Bijgaarden-Confido-Gerechtsdeurwaarders-Huissiers-de-Justice--2099070-inline.html,stepstone
2159553,Account Manager,Introductie,2023 zijn we zelfs naar Ibiza gegaan,,,,"Pour les recruteurs Comparateur de salaire Mes Offres Se connecter Trouver un emploi Account Manager Novotek BVBA Vlaanderen Contrat fixe à durée indéterminée Plein temps Publiée: il y a 39 minutes Candidature facile Sauvegarder Account Manager Novotek BVBA Sauvegarder Introductie Ben jij een innovatieve en klantgerichte Accountmanager met enkele jaren ervaring in een soortgelijke functie? Zoek je bovendien een werkomgeving waarin je veel vrijheid hebt en aantrekkelijke voordelen krijgt? Dan zouden wij wel eens een goede match kunnen zijn! Wie zijn wij bij Novotek? Al meer dan 38 jaar leveren wij standaardoplossingen in hardware, software en diensten voor industriële productieprocessen. We zijn momenteel actief in 13 landen in Europa en blijven groeien! Dagelijks ondersteunen wij klanten in industriële automatisering als distributeur van onder andere de wereldwijde bedrijven GE Vernova, PTC en AUVESY-MDT. De rol van Accountmanager Als commercieel B2B-talent richt jij je op de Belgische markt. Je biedt innovatieve oplossingen om de productieprocessen van klanten te optimaliseren en identificeert verbeterpunten met ondersteuning van technische specialisten. Je hebt nauw contact met eindklanten, partners en collega's gedurende het verkoopproces. Jouw profiel Je hebt een bachelordiploma en/of ervaring in verkoop, bij voorkeur binnen automatisering. Je bent een proactieve teamspeler met goede onderhandelingsvaardigheden. Vloeiend in Nederlands en Engels, met Frans als pluspunt. Je hebt een klantgerichte instelling. Wie zitten er in jouw team? Je maakt deel uit van een dynamisch team dat jong en ervaren talent combineert. Je rapporteert rechtstreeks aan onze Sales Manager, België. Wat kunnen wij bieden naast een flexibele rol? Omdat we een kleiner bedrijf zijn binnen een grotere groep, zijn er altijd mogelijkheden om impact te maken en kansen om te groeien! Dit omvat zowel jouw verantwoordelijkheden als taken. We bieden ook: Aantrekkelijk salaris met extra voordelen zoals",fr,https://www.stepstone.be/offres-d-emploi--Account-Manager-Vlaanderen-Novotek-BVBA--2159553-inline.html,stepstone
2166704,Business Unit Manager Non-Life,Introductie,"hoofdkantoor Leuven – hybride werken mogelijk Over Immotheker Finotheker Bij Immotheker Finotheker begeleiden we klanten in alle financiële keuzes rond wonen, beschermen en vermogensplanning. Met meer dan 100 kantoren verspreid over België zijn we dé onafhankelijke gids voor wie financiële gemoedsrust zoekt. Binnen de pijler “Beschermen” helpen we onze klanten om hun risico’s correct in te schatten en zich optimaal te verzekeren, met producten van meer dan 15 verzekeringsmaatschappijen. Om deze pijler verder te professionaliseren en uit te bouwen, zoeken wij een sterke leidinggevende voor de business unit Non Life. Jouw verantwoordelijkheden Jouw rol: eindverantwoordelijke voor onze schadeverzekeringswerking Als Business Unit Manager Non-Life ben je verantwoordelijk voor de volledige werking en uitbouw van onze schadeverzekeringsactiviteiten (Non-Life). Je combineert inhoudelijke expertise met operationeel leiderschap, en bent het eerste aanspreekpunt voor interne collega’s, franchisekantoren én externe partners. Je bouwt de unit verder uit met het oog op: operationele efficiëntie kwaliteit en compliance sterke relaties met onze verzekeringspartners schaalbare ondersteuning van de kantoren Inhoudelijke en commerciële aansturing Je verdiept je in het productaanbod van de verschillende schadeverzekeringspartners Je volgt commerciële evoluties in de markt en vertaalt die naar nieuwe kansen of bijsturingen Je evalueert jaarlijks onze partnerships en onderhandelt mee over voorwaarden en samenwerking Je volgt de commerciële resultaten van de kantoren mee op en stuurt bij waar nodig Operationele en teamverantwoordelijkheid Je leidt en ondersteunt het interne schadeverzekeringsteam Je organiseert taakverdeling, prioriteiten en volgt de kwaliteit van de output op Ondersteuning & coaching van kantoren Je bent eerste aanspreekpunt voor operationele en inhoudelijke vragen over schadeverzekeringen Je organiseert onboarding, opleidingen en bijscholingen voor onze kantoorhouders Je optimaliseert de ondersteuning en beschikbaarheid van kennis via Sharepoint en andere systemen Partnerbeheer Je bouwt mee aan krachtige relaties met de schadeverzekeringsmaatschappijen Je coördineert implementaties van nieuwe producten of aanpassingen in bestaande formules Je bewaakt de evenwichten tussen klantgerichtheid, commercieel belang & compliance Jouw profiel Ervaring en competenties Je hebt ruime ervaring met schadeverzekeringen Je hebt een goed begrip van commerciële én operationele realiteit in een distributiemodel Ervaring met people management is een sterke troef Sterk in plannen, organiseren en communiceren Vlot tweetalig: Nederlands én Frans Persoonlijkheid Je bent klantgericht, oplossingsgericht en ondernemend ingesteld Je combineert oog voor detail met helikopterzicht Je denkt in termen van groei, schaalbaarheid en continu verbeteren Je werkt graag samen met mensen op verschillende niveaus: van kantoorhouders tot verzekeraars Technische tools Vlotte kennis van Brokercloud en/of andere software van verzekeringsmaatschappijen Bekend met Microsoft 365-toepassingen (Excel, SharePoint, Teams) Ons aanbod Een sleutelrol binnen een toekomstgerichte en groeiende organisatie Veel autonomie en ruimte om je stempel te drukken op onze verzekeringswerking Een aantrekkelijk salarispakket met extralegale voordelen (o.a. Maaltijdcheques, hospitalisatieverzekering, pensioensparen,…) Werken in een dynamisch, mensgericht team met impact Geïnteresseerd? Immotheker Finotheker 19 Jobs Localisation Immotheker Finotheker Vital Decosterstraat 50 C, 3000 Leuven, België Afficher la carte Temps de trajet De: À: Via: En voiture Transports en commun À pied À vélo Calculer mon temps de trajet - - : - - Des offres d'emploi similaires Junior Embedded Software Engineer - Machine Learning NXP Semiconductors Netherlands B.V. Leuven il y a 8 heures NOUVEAU Teamlead Accounting Dixon Finance Leuven Télétravail possible il y a 1 jour SAP Consultant Sociale Wetgeving Acerta Career Center Leuven Télétravail possible il y a 4 jours Kantoorverantwoordelijke A-Z dossiers en teamondersteuning Austin Bright Leuven il y a 5 jours Dossierbeheerder / Cliëntbeheerder verzekeringen (Leuven) VANBREDA RISK & BENEFITS Leuven il y a 2 jours Regiomanager Facilities Acerta Career Center Leuven Télétravail possible il y a 4 jours Manager Klantrapportering Acerta Career Center Leuven Télétravail possible il y a 1 jour Manager BI Acerta Career Center Leuven Télétravail possible il y a 1 jour Junior Juridisch Adviseur Bouwsector Embuild Brussel – Vlaams-Brabant Leuven il y a 2 jours Junior Accountant Robert Walters Leuven Télétravail possible il y a 4 jours Stepstone Qui sommes-nous Espace Presse Devenez partenaire Candidat Carrière chez Stepstone Conseils de carrière FAQ Recruteur Pourquoi Stepstone Actualités recrutement Publier une annonce Recrutement international: THE NETWORK Restons en contact Donnez-nous votre avis Apps Déclaration de confidentialité Conditions d'utilisation Contactez-nous Conditions générales de vente THE NETWORK The Stepstone Group GmbH © 2025 Français",,,,"Pour les recruteurs Comparateur de salaire Mes Offres Se connecter Trouver un emploi Business Unit Manager Non-Life Immotheker Finotheker Leuven Contrat fixe à durée indéterminée Plein temps, Télétravail possible Publiée: il y a 3 heures Sauvegarder Business Unit Manager Non-Life Immotheker Finotheker Sauvegarder Introductie Business Unit Manager Non-Life Voltijds – Tweetalig NL/FR – Standplaats: hoofdkantoor Leuven – hybride werken mogelijk Over Immotheker Finotheker Bij Immotheker Finotheker begeleiden we klanten in alle financiële keuzes rond wonen, beschermen en vermogensplanning. Met meer dan 100 kantoren verspreid over België zijn we dé onafhankelijke gids voor wie financiële gemoedsrust zoekt. Binnen de pijler “Beschermen” helpen we onze klanten om hun risico’s correct in te schatten en zich optimaal te verzekeren, met producten van meer dan 15 verzekeringsmaatschappijen. Om deze pijler verder te professionaliseren en uit te bouwen, zoeken wij een sterke leidinggevende voor de business unit Non Life. Jouw verantwoordelijkheden Jouw rol: eindverantwoordelijke voor onze schadeverzekeringswerking Als Business Unit Manager Non-Life ben je verantwoordelijk voor de volledige werking en uitbouw van onze schadeverzekeringsactiviteiten (Non-Life). Je combineert inhoudelijke expertise met operationeel leiderschap, en bent het eerste aanspreekpunt voor interne collega’s, franchisekantoren én externe partners. Je bouwt de unit verder uit met het oog op: operationele efficiëntie kwaliteit en compliance sterke relaties met onze verzekeringspartners schaalbare ondersteuning van de kantoren Inhoudelijke en commerciële aansturing Je verdiept je in het productaanbod van de verschillende schadeverzekeringspartners Je volgt commerciële evoluties in de markt en vertaalt die naar nieuwe kansen of bijsturingen Je evalueert jaarlijks onze partnerships en onderhandelt mee over voorwaarden en samenwerking Je volgt de commerciële resultaten van de kantoren mee op en stuurt bij waar nod",fr,https://www.stepstone.be/offres-d-emploi--Business-Unit-Manager-Non-Life-Leuven-Immotheker-Finotheker--2166704-inline.html,stepstone
2175192,Chauffeur CE avec ADR,Introduction,1831 DIEGEM,,,,"Pour les recruteurs Comparateur de salaire Mes Offres Se connecter Trouver un emploi Chauffeur CE avec ADR TRANSPORT VANDERVORST NV Diegem Contrat fixe à durée indéterminée Plein temps Publiée: il y a 2 heures Vous serez l’un des 1er candidats Sauvegarder Chauffeur CE avec ADR TRANSPORT VANDERVORST NV Sauvegarder Introduction Transport Vandervorst sa Chaussée de Zaventem 93 1831 DIEGEM 45 travailleurs 35 tracteurs/50 semi Faisons partie du groupe Français (1800 travailleurs) Travail proposé : Transport de gaz (propane ou gaz de l’air) avec semi citerne. Chargements et déchargements : Belgique, Pays-Bas en Luxembourg. Sporadiquement France. Parfois du petit international. Nous cherchons : Un chauffeur poids lourds avec un permis CE (tracteur/semi) en en possession d’un certificat ADR. Vous avez quelques années d’expérience (pas spécialement avec des marchandises ADR). Vous avez plus de 25 ans. Vous habitez dans un rayon de 40 kms de Diegem. Vous avez une voiture pour vous rendre au travail. Vous parlez le français ou le néerlandais. Notre offre Votre salaire : Salaire de base 15,4705 euro/heure + RGPT 1,7790 euro/heure + 0,30 euro/heure prime ADR + 13 euro/chèque repas + abonnement GSM + assurance hospitalisation + épargne pension. Intéressé.e? TRANSPORT VANDERVORST NV 1 Job Localisation TRANSPORT VANDERVORST NV Zaventemsesteenweg 93, 1831 Diegem, Belgique Afficher la carte Temps de trajet De: À: Via: En voiture Transports en commun À pied À vélo Calculer mon temps de trajet - - : - - Des offres d'emploi similaires Integration Specialist CANON BELGIUM Diegem il y a 21 heures NOUVEAU Internal Sales Advisor Robert Half Diegem Télétravail possible il y a 3 jours Chauffeur CE Stadsbader NV ZEDELGEM il y a 3 jours Chauffeur CE - Gietasfalt Stadsbader NV PUURS il y a 3 jours ADR-chauffeur met rijbewijs C(E) SGS Group Belgium Melsele il y a 4 jours Betonmedewerker Voorspan/Dak Stadsbader NV KLUISBERGEN il y a 2 jours Chauffeur CE - Prefab Stadsbader NV Kluisbergen il y a 2 ",fr,https://www.stepstone.be/offres-d-emploi--Chauffeur-CE-avec-ADR-Diegem-TRANSPORT-VANDERVORST-NV--2175192-inline.html,stepstone
2134736,Collaborateur de vente - Zaventem,Introduction,1930 Zaventem,,,,"Pour les recruteurs Comparateur de salaire Mes Offres Se connecter Trouver un emploi Collaborateur de vente - Zaventem Neworch Belgium Srl - Orchestra - Prémaman Belgium Zaventem Contrat fixe à durée déterminée, Contrat fixe à durée indéterminée Plein temps Publiée: il y a 3 heures Candidature facile Sauvegarder Collaborateur de vente - Zaventem Neworch Belgium Srl - Orchestra - Prémaman Belgium Sauvegarder Introduction Orchestra est une marque de mode créative pour enfants qui a été fondée il y a 20 ans et qui utilise un concept de distribution original. Depuis sa fusion avec Prémaman et Baby2000, le groupe offre le meilleur des produits pour bébés, de la mode maternité et de la mode pour les enfants de 0 à 14 ans. De plus, il continue de se développer en ouvrant de nouvelles grandes surfaces et des magasins traditionnels. Grâce au dynamisme de nos équipes et à notre image forte, Orchestra-Prémaman est toujours en mesure d'augmenter son chiffre d'affaires et la démarche du groupe reste un modèle économique rentable. Vous aimez les défis et souhaitez évoluer dans votre travail ? Alors venez travailler chez Orchestra-Prémaman, leader en Belgique et à l'étranger sur le marché des produits pour bébés et de la mode pour la maternité et les enfants ! Pour notre magasin de Zaventem nous sommes à la recherche d’un(e) vendeur (se) pour notre rayon textile. Vos responsabilités Vous êtes l’image d'Orchestra dans le magasin et, avec vos collègues, vous mettez tout en œuvre chaque jour pour offrir à nos clients une expérience d'achat optimale. Vos conseils juste et précis rassurent nos clients et leur offre un service personnalisé Et bien sûr, vous ferez votre part pour assurer la performance commerciale et stylistique de nos collections. Votre profil Vous savez travailler en équipe et votre optimisme est contagieux Votre attitude orientée vers le service et votre ouverture d'esprit font que chaque client se sent comme chez lui Vous avez de bonnes compétences en matière de comm",fr,https://www.stepstone.be/offres-d-emploi--Collaborateur-de-vente-Zaventem-Zaventem-Neworch-Belgium-Srl-Orchestra-Premaman-Belgium--2134736-inline.html,stepstone
2173838,Électrotechnicien,Vos responsabilités,1190 Brussel il y a,,,,"Pour les recruteurs Comparateur de salaire Mes Offres Se connecter Trouver un emploi Électrotechnicien Skyliners SARL Bettange-sur-Mess Contrat fixe à durée indéterminée Plein temps Publiée: il y a 5 heures Sauvegarder Électrotechnicien Skyliners SARL Sauvegarder Vos responsabilités En tant que Technical Service, vous êtes responsable de l'étalonnage, de l’entretien et de la réparation d’équipements de mesure de précision, tels que les lasers, les appareils GPS, les niveaux optiques... Vous testez les différentes fonctions des équipements défectueux afin de les réparer. Vous assurez l’entretien des équipements et utilisez des outils informatiques pour examiner certains paramètres. Vous analysez les causes des pannes, proposez des améliorations et effectuez les réparations nécessaires dans les plus brefs délais. Vous travaillez selon des normes ISO de haute qualité. Vous vous efforcez d’offrir en permanence le meilleur service et la meilleure qualité à nos clients lors de l’entretien et de la réparation de nos appareils de mesure et GPS. Votre profil Vous avez suivi avec succès une formation technique, de préférence en électromécanique. (CAP minimum) Vous êtes passionné par la technologie de précision, tant électronique que mécanique. Vous travaillez de manière particulièrement précise et êtes disposé à suivre chaque processus prescrit jusque dans les moindres détails. Vous aimez aider vos collègues lorsque c’est nécessaire. Vous aimez mettre la main à la pâte. Vous êtes flexible, avez le sens de la résolution de problèmes et aimez communiquer correctement et efficacement avec vos collègues et votre manager. Vous êtes curieux d’apprendre et motivé à suivre régulièrement des formations à l’étranger. Vous êtes Germanophone ou francophone avec une bonne connaissance de l'autre langue. Vous avez une connaissance pratique de l’anglais (les formations et les logiciels sont en anglais). Divers Déplacements occasionnels à l’étranger (Suisse) Poste basé à Bettange-sur-Mess (L",fr,https://www.stepstone.be/offres-d-emploi--Electrotechnicien-Bettange-sur-Mess-Skyliners-SARL--2173838-inline.html,stepstone
2172529,Group IT Director,About Aspria,1200 Bruxelles,,,,"Pour les recruteurs Comparateur de salaire Mes Offres Se connecter Trouver un emploi Group IT Director Aspria Belgium Brussels Contrat fixe à durée déterminée, Contrat fixe à durée indéterminée Plein temps, Télétravail possible Publiée: il y a 2 heures Sauvegarder Group IT Director Aspria Belgium Sauvegarder About Aspria For over 25 years, the Aspria Group has been a leader in premium wellbeing, offering an exclusive collection of members’ clubs and hotels across Europe. Through our luxury wellbeing brand, Aspria, and our exciting new family fitness brand, Aspresso, we enable our members to live well, find balance, and enjoy a sense of belonging. Our world-class health, fitness, and wellness experiences support this vision. About the Role As Group IT Director, you will set the technology vision and strategy for Aspria, balancing commercial objectives, security standards, and operational efficiency. You will partner with the executive team to deliver cutting-edge solutions that support our ambition of being a premier luxury club, combining fitness, hospitality, and a community space that feels like a second home. Leading a diverse technology team responsible for infrastructure, applications, and innovation, you will foster a culture of continuous learning and accountability while modernizing IT standards and roadmaps to support growth and reliability. You will report directly to the CEO Designate and work closely with the senior leadership team as a trusted advisor. You’ll guide infrastructure, applications, innovation, and data strategies, leading a hungry and talented team eager to grow under expert technical leadership. Key Responsibilities Define and execute a multi-year technology vision and strategy aligned with Aspria’s member experience aspirations, and operational goals. Communicate effectively with varied audiences, from leadership to technical teams, vendors, and external stakeholders. Serve as a trusted advisor within the executive team, collaborating acr",fr,https://www.stepstone.be/offres-d-emploi--Group-IT-Director-Brussels-Aspria-Belgium--2172529-inline.html,stepstone
2176792,Full stack senior developer,Mission,1000 Brussels,,,,"Pour les recruteurs Comparateur de salaire Mes Offres Se connecter Trouver un emploi Full stack senior developer Shayp SPRL Brussels Contrat fixe à durée indéterminée Plein temps Publiée: il y a 3 heures Vous serez l’un des 1er candidats Sauvegarder Full stack senior developer Shayp SPRL Sauvegarder Mission Help us save 100 billion liters of water (and write some pretty nice code while doing it) Shayp uses smart IoT sensors and machine learning to detect water leaks in buildings before they become disasters. We're talking about the real environmental impact here, not another app for ordering avocado toast. Your tasks What we do Tasks What you'll actually do Build the backbone and frontend (~80% backend, some full-stack adventures) Design and ship features that can ensure we can have a stable system and that we sleep better at night Own deployments because ""it worked on my machine"" isn't a strategy Keep our cloud infrastructure fast, reliable, and cost-effective Be the guardian of code quality (constructive gatekeeping is an art form but we swear by it) Solve real problems Turn ""the sensor network is acting weird"" into ""here's what happened and here's the fix"" Make architectural decisions that scale with us Help shape our tech stack because we value pragmatic sustainable solutions over resume-driven development Your profile Requirements You're probably a good fit if you: Write backend code that doesn't make future-you cry Have strong opinions about API design (and can defend them over coffee) Actually enjoy diving into cloud infrastructure (AWS/Azure/GCP) Know when to ship fast and when to refactor Believe documentation is a love letter to your colleagues and your future team Have shipped features with React/Vue or similar (you'll touch frontend sometimes) Tech you'll work with React js ; Python Django ; Docker ; CI/CD pipelines ; REST APIs ; OAuth2 ; PostgreSQL ; Git workflows that don't cause existential dread ; Whatever else makes sense for the problem We offer Ou",fr,https://www.stepstone.be/offres-d-emploi--Full-stack-senior-developer-Brussels-Shayp-SPRL--2176792-inline.html,stepstone
2040006,Helpdesk Technicus,Introductie,1140 BRUSSEL,,,,"Pour les recruteurs Comparateur de salaire Mes Offres Se connecter Trouver un emploi Helpdesk Technicus Heidelberg Benelux Bvba Evere Contrat fixe à durée indéterminée Plein temps, Télétravail possible Publiée: il y a 4 heures Candidature facile Sauvegarder Helpdesk Technicus Heidelberg Benelux Bvba Sauvegarder Introductie Heidelberg Benelux is onderdeel van Heidelberg Druckmachinen AG en levert totaal oplossingen aan de grafische markt in de Benelux. Naast de verkoop van machines leveren wij alle bijbehorende services, onderdelen, verbruiksgoederen, software en opleiding gedurende de gehele levenscyclus van de machine. Heidelberg Benelux realiseert samen met haar 160 medewerkers vanuit Evere (BE) en Haarlem (NL) een omzet van ongeveer €90 miljoen. Om de support naar onze klanten te versterken zijn wij voor onze service organisatie, standplaats Evere, op zoek naar een Helpdesk Technicus Press Electro (M/V/X). Jouw verantwoordelijkheden De helpdesk technicus is ondersteunend naar klanten en technici in de gehele Benelux, en werkt nauw samen met de service planning en met de collega’s van het Heidelberg Solution Centre in Wiesloch (Duitsland). Het takenpakket is gevarieerd: Monitoren van storingsmeldingen en initiëren van de oplossing van deze storingen Opvolgen van escalaties in samenwerking met het Heidelberg Solution Centre. Remote analyseren en oplossen van storingen. Support geven aan de field technici bij analyse en oplossen van storingen Support geven aan de onderdelen medewerkers bij analyse van benodigde onderdelen. Voorstellen doen voor zinvolle retrofit acties Samenwerken met derde partijen op basis van onderling overeengekomen SLA’s. Bij aanvang in deze functie zal het grootste deel van de tijd “in the field” worden gewerkt en zullen de nodige opleidingen bij de fabriek in Wiesloch (Duitsland) worden gevolgd. Na deze inwerkperiode zal gemiddeld ca. 10% van de werktijd “in the field” worden gewerkt om kennis te onderhouden en machine storingen op locatie te",fr,https://www.stepstone.be/offres-d-emploi--Helpdesk-Technicus-Evere-Heidelberg-Benelux-Bvba--2040006-inline.html,stepstone
2178198,Litigation Officer,Over onze klant:,2025 Français,,,,"Pour les recruteurs Comparateur de salaire Mes Offres Se connecter Trouver un emploi Litigation Officer Headit bv ZAVENTEM Publiée: il y a 4 heures Vous serez l’un des 1er candidats Sauvegarder Litigation Officer Headit bv Sauvegarder Over onze klant: Headit is op zoek naar een punctuele Litigation Officer met een passie voor dossieropvolging, juridische procedures en klantgerichte oplossingen. Onze klant is een gevestigde en groeiende speler binnen de mobiliteitssector. Vanuit hun hoofdkantoor in regio Brussel ondersteunen zij dagelijks zowel particuliere als professionele klanten met slimme mobiliteitsoplossingen. Binnen deze moderne en mensgerichte organisatie krijg je alle ruimte om je talenten te benutten en jezelf verder te ontwikkelen. Voor het Collection-team zoeken we een Litigation Officer die dossiers rond geschillen en faillissementen efficiënt en correct opvolgt. Jouw verantwoordelijkheden Wat houdt de functie in? Als Litigation Officer ben je verantwoordelijk voor de administratieve en juridische opvolging van dossiers in het kader van geschillen, wanbetaling en faillissement. Je werkt nauw samen met advocaten, curatoren en externe partners om openstaande vorderingen optimaal te innen en elk dossier correct af te ronden. Jouw takenpakket omvat o.a.: Administratieve opvolging van dossiers in geschil of faillissement; Actief ondernemen van stappen om openstaande bedragen te recupereren; Contact onderhouden met externe partners zoals advocaten, curatoren en gespecialiseerde dienstverleners; Indiening en opvolging van faillissementsdossiers in REGSOL; Voorbereiden van juridische dossiers en opvolging van dossiers m.b.t. collectieve schuldenregeling of gerechtelijke reorganisatie. Wie ben jij? Je bent nauwkeurig, georganiseerd en weet van aanpakken; Je hebt minstens 2 jaar ervaring binnen debiteurenbeheer of incasso, met kennis van de juridische context rond invorderingsprocedures; Je spreekt en schrijft vlot Nederlands en Frans – kennis van het Engels is e",fr,https://www.stepstone.be/offres-d-emploi--Litigation-Officer-ZAVENTEM-Headit-bv--2178198-inline.html,stepstone
2172517,IT Consultant Software,Introductie,1702 Groot-Bijgaarden,,,,"Pour les recruteurs Comparateur de salaire Mes Offres Se connecter Trouver un emploi IT Consultant Software Interflex Groot-Bijgaarden Contrat fixe à durée indéterminée Plein temps, Télétravail possible Publiée: il y a 3 heures Sauvegarder IT Consultant Software Interflex Sauvegarder Introductie Samen nieuwe wegen inslaan is precies ons ding! Als medewerker van Interflex werk je in teams waarin een collegiale werksfeer en wederzijds respect dagelijks in de praktijk worden gebracht. Interflex staat voor flexibiliteit, zeker als het gaat om het ondersteunen van onze medewerkers. Wij bieden de vrij heid om talent optimaal tot ontwikkeling te brengen. Want vrijheid en vertrouwen creëren potentieel. Je zou zo vrij kunnen zijn om te zeggen: Als ik me goed voel, groei ik boven mezelf uit - in Duitsland, België, Nederland, Oostenrijk en Zwitserland. I’m So Good – Verantwoordelijkheden Je zorgt voor een naadloze communicatie met interne en externe klanten over IT-oplossingen, met de nadruk op toegangscontrole- en tijdregistratiesystemen. Als belangrijk teamlid werk je in een team van consultants en draag je bij aan de ontwikkeling en het onderhoud van klantspecifieke oplossingen binnen onze applicaties. Je analyseert de behoeften en wensen van klanten met betrekking tot ons softwarepakket in hun specifieke klantomgeving. Je wilt graag diepgaande ervaring opdoen in het configureren en testen van onze softwareoplossingen in combinatie met onze hardware, waaronder badgelezers en klokken die zijn aangesloten op Linux-controllers, met een hands-on aanpak. Je ondersteunt presales-activiteiten door potentiële klanten te adviseren, technische concepten te ontwerpen, demonstraties te geven en technische vragen te beantwoorden om de toegevoegde waarde van onze oplossingen te communiceren. Je neemt deel aan en beheert projecten, waarbij je samenwerkt met teamleden om doelen te bereiken en ervoor te zorgen dat financiële doelstellingen worden gehaald. Ik ben er helemaal klaar voor – Pro",fr,https://www.stepstone.be/offres-d-emploi--IT-Consultant-Software-Groot-Bijgaarden-Interflex--2172517-inline.html,stepstone
2174766,Loketbediende,Introductie,2040 Antwerpen Contrat fixe à durée indéterminée Plein temps Publiée,,,,"Pour les recruteurs Comparateur de salaire Mes Offres Se connecter Trouver un emploi Loketbediende HTC Haven Noord 2040 Antwerpen Contrat fixe à durée indéterminée Plein temps Publiée: il y a 4 heures Sauvegarder Loketbediende HTC Haven Noord Sauvegarder Introductie HTC is in 1998 opgericht en is stelselmatig uitgegroeid tot een leiding gevende groep binnen de sector van de tank cleaning in België. Als organisatie dragen wij kwaliteit en veiligheid hoog in het vaandel. Om de groei van onze organisatie verder te ondersteunen zijn wij dan ook opzoek naar een gemotiveerde Loketbediende. Jouw uitdaging - Je onthaalt chauffeurs in verschillende talen - Je vraagt de correcte informatie over het te reinigen product - Je maakt het reinigingsdocument aan in het ERP programma - Je informeert de chauffeur over de te volgen procedures - Je werkt nauw samen met de cleaners en andere collega’s - Na de cleaning, verwerk je de reinigingsopdracht en geef je de chauffeur de vereiste documenten - Je beheert de mailbox en onderhoudt contact met de klanten - Algemene rapportering naar klanten Jouw profiel - Klantgerichtheid - Basiskennis Frans, Engels, Duits - Goede communicatie skills - Kennis van Microsoft Office - Probleemoplossend denken - Een positieve houding die bijdraagt tot een fijne sfeer in het team en naar de klanten. - Zich aanpassen aan veranderende omstandigheden (flexibiliteit) - Vervangingen van collega’s in andere vestigingen (Antwerpen) Wat bieden we? - Voltijdse job (38u) in een groeiend bedrijf - Stabiele en leuke werkomgeving - Marktconforme verloning - Geen weekendwerk - Vroege 6.00-14.00 – Late 14.00-22.00 - Extralegale voordelen Geïnteresseerd? Neem dan snel contact op met: HTC Haven Noord 1 Job Localisation HTC Haven Noord Nieuwe Westweg 15, 2040 Antwerpen, België Afficher la carte Temps de trajet De: À: Via: En voiture Transports en commun À pied À vélo Calculer mon temps de trajet - - : - - Des offres d'emploi similaires Woonassistent(e) Armonea NV Antwerpen ",fr,https://www.stepstone.be/offres-d-emploi--Loketbediende-2040-Antwerpen-HTC-Haven-Noord--2174766-inline.html,stepstone
2169103,Planificateur,Introduction,4800 Verviers,,,,"Pour les recruteurs Comparateur de salaire Mes Offres Se connecter Trouver un emploi Planificateur Autosécurité Verviers Contrat fixe à durée indéterminée Plein temps Publiée: il y a 1 heure Sauvegarder Planificateur Autosécurité Sauvegarder Introduction Nous recherchons ... Un Planificateur (H/F/X) ! Rejoindre Autosécurité, c’est contribuer à la sécurité routière et travailler pour le premier opérateur wallon de contrôle technique. Acteur incontournable du secteur automobile depuis plus de 90 ans, Autosécurité exerce deux missions essentielles : le contrôle technique des véhicules et l’organisation des examens du permis de conduire, tant théoriques que pratiques. Grâce à une stratégie axée sur l’innovation et les nouvelles technologies, Autosécurité s’est imposé comme le leader wallon dans ces domaines d’activité. La fonction Votre rôle principal sera de concevoir, coordonner et optimiser la planification des activités du Contrôle Technique et du Permis de Conduire, afin de garantir un service fluide, efficace et conforme aux engagements de l’entreprise envers ses clients. Vous serez le garant de la disponibilité des ressources, de l’anticipation des imprévus et de l’adaptation des plannings en fonction des priorités et contraintes opérationnelles. Vos missions: Élaborer et mettre à jour les plannings opérationnels en tenant compte des capacités, délais et priorités. Assurer l’équilibrage de la charge de travail et optimiser l’utilisation des ressources. Ajuster les plannings en cas d’imprévus (absences, retards, urgences client). Anticiper les périodes de forte demande et mettre en place des solutions alternatives. Communiquer activement avec les responsables de sites pour garantir la disponibilité des ressources. Adapter la planification aux attentes clients et veiller au respect des délais. Suivre les indicateurs clés de performance (taux de respect des délais, taux d’occupation, efficacité des plannings). Identifier et proposer des actions d’amélioration. Analy",fr,https://www.stepstone.be/offres-d-emploi--Planificateur-Verviers-Autosecurite--2169103-inline.html,stepstone
2172145,Projectleider renovaties/nieuwbouw regio Gent,Introductie,2025 Français,,,,"Pour les recruteurs Comparateur de salaire Mes Offres Se connecter Trouver un emploi Projectleider renovaties/nieuwbouw regio Gent Multibat Deinze Contrat fixe à durée indéterminée, Freelance Plein temps Publiée: il y a 39 minutes Vous serez l’un des 1er candidats Candidature facile Sauvegarder Projectleider renovaties/nieuwbouw regio Gent Multibat Sauvegarder Introductie Multibat is een bouwbedrijf gespecialiseerd in renovatie en nieuwbouwwoningen met een hoog afwerkingsniveau. Jouw verantwoordelijkheden Jouw impact Je leidt 3-5 werven parallel ( planning, budget, kwaliteit, veiligheid). Je coördineert onderaannemers ( van A tot Z) Je anticipeert risico’s en communiceert helder met bouwheer en partners. Je bewaakt meerwerken en opleveringen. Je leid werfvergaderingen en volgt verslaggeving op. Je signaliseert en lost knelpunten proactief op. Je finaliseert opleverdossiers. Jouw profiel Wie jij bent Ervaring als projectleider/werfleider (±4+ jaar) in renovatie/nieuwbouw Sterk in organisatie, communicatie en probleemoplossing Sterk in planning en kostenbewaking Taal: Nederlands (Frans is een plus) Handig met MS Office/Excel; ervaring met planningstools/ERP is mooi meegenomen Ons aanbod Wij bieden Een marktconforme verloning met extralegale voordelen zoals maaltijdcheques, ecocheques en groepsverzekering Zelfstandigheid, korte beslissingslijnen Projecten met een hoge afwerkingssgraad Collegiaal team en no-nonsens cultuur Kwaliteitsprojecten met zichtbare impact Contractvorm : loondienst of zelfstandige ( jij kiest) Geïnteresseerd? Multibat 1 Job Des offres d'emploi similaires Projectleider Technische Dienst Psychiatrisch Centrum Sint-Amandus Beernem il y a 5 jours Technical Manager Jefferson Wells Gent il y a 2 jours Werfleider Technieken Water Stadsbader NV Oost-Vlaanderen, West-Vlaanderen il y a 2 jours Werfleider Gebouwtechnieken Stadsbader NV Gent, Antwerpen il y a 2 jours Management Traineeship Finance Robert Walters Deinze il y a 4 jours Werkvoorbereider Elektri",fr,https://www.stepstone.be/offres-d-emploi--Projectleider-renovaties-nieuwbouw-regio-Gent-Deinze-Multibat--2172145-inline.html,stepstone
2170637,Recruitment Consultant,Introduction,1000 Bruxelles,,,,"Pour les recruteurs Comparateur de salaire Mes Offres Se connecter Trouver un emploi Recruitment Consultant Talencia Consulting Bruxelles Contrat fixe à durée indéterminée Plein temps Publiée: il y a 2 heures Vous serez l’un des 1er candidats Candidature facile Sauvegarder Recruitment Consultant Talencia Consulting Sauvegarder Introduction Due to our continued growth, we are looking for several Recruitment / Business Solution Consultants to assist our clients in finding the best people to staff their permanent/contract positions. Put in another way, you will help people find their ideal role/position. Generally speaking, you will develop existing clients, find new clients, attract relevant candidates, screen and match them with appropriate positions of your clients and prospects. Vos responsabilités Calling clients/prospects to offer your expertise as a Recruitment / Business Solution Consultant Keeping track of the job opportunities Developing new clients with long term objectives and various approaches Advertising your client's opportunities in an attractive way Reading efficiently CV's for a quick sort based on the identified client's needs Calling relevant candidates to further investigate their suitability, interest and availability Arranging interviews and managing client and candidate’s expectations Conducting Interviews: prepare the consultant to the client's interview and accompaniment Managing in a creative way the client's and the candidate's expectations Votre profil Bachelor Degree or 1st experience as Key account manager or senior recruitment consultant or similar experiences Proven track records in sales would be an asset but not Mandatory! Good understanding and command of sourcing and recruiting techniques would be an asset. Entrepreneurial-minded with a strong focus on the further development of activities. Fluent in French and English (written and spoken). Dutch would give you a large advantage. Stress-resistant, resourceful, ambitious, proactive ",fr,https://www.stepstone.be/offres-d-emploi--Recruitment-Consultant-Brussels-Talencia-Consulting--2170637-inline.html,stepstone
2174794,Sales Executive - Chasseurs de clients (Namur / Charleroi),"Implantée à Louvain-la-Neuve, Zellik, Mons et Liège, Clean Power est un leader national dans le secteur du nettoyage professionnel et des services aux entreprises. Nous travaillons avec respect, tant avec nos clients qu’avec nos collaborateurs qui œuvrent sur le terrain chaque jour. Tes responsabilités Prospecter activement : téléphone, terrain, networking. Identifier, contacter et convaincre de potentiels clients chaque semaine. Présenter des offres percutantes adaptées à leurs besoins. Négocier et conclure des contrats dans une logique « win-win ». Une fois le contrat signé, transmettre le client à l’équipe opérationnelle qui assurera le suivi. Apporter ton énergie positive à une équipe soudée et ambitieuse. Ton profil Tu prends plaisir à ouvrir des portes et conquérir de nouveaux clients. La prospection pure te motive et tu sais garder ton énergie et ta persévérance même après plusieurs refus. Tu es ambitieux(se), persévérant(e) et orienté(e) résultats. Francophone, tu maîtrises parfaitement le français à l'oral comme à l'écrit. Tu sais analyser, calculer et proposer des offres réfléchies avec rigueur ; Ta présentation est soignée et ton élocution impeccable. La maîtrise de l’anglais et/ou du néerlandais constitue un réel atout. Autonome et organisé(e), tu aimes bouger : parcourir la Wallonie au quotidien ne te fait pas peur.. Résider dans le Hainaut ou la région namuroise est un atout précieux pour être au coeur de ta zone de prospection. Pour te permettre de donner le meilleure de toi même, nous offrons: Une entreprise en pleine expansion où ton rôle est clé : tu es celui/celle qui fait entrer les nouveaux clients. Un package attractif : salaire fixe en fonction de ton expérience + commissions motivantes (mensuelles et annuelles). Avantages extra-légaux : voiture de société, GSM, PC, chèques-repas, assurance pension et hospitalisation. Jours de congés + 6 RTT + congés ancienneté Une équipe conviviale et ambitieuse qui valorise l’esprit d’initiative. Comment postuler? Clean Power 2 Jobs Localisation Clean Power 1435 Mont-Saint-Guibert, Belgique Afficher la carte Temps de trajet De: À: Via: En voiture Transports en commun À pied À vélo Calculer mon temps de trajet - - : - - Des offres d'emploi similaires ATTACHE TECHNICO-COMMERCIAL (H/F/X) Daoust Fleurus il y a 1 jour Business Developer Clean Power Mont-saint-Guibert il y a 20 heures NOUVEAU Représentant.e Technico - commercial.e Batit Protect Bruxelles, Wavre, Brabant Wallon il y a 5 jours Sales Executive SGS Group Belgium Gembloux il y a 4 jours CHEF(S) D’ÉQUIPES (H/F/X) Daoust Fleurus il y a 5 jours Inspecteur Advanced NDT (H/F/X) Vinçotte Belgique et à l'étranger il y a 5 jours Inspecteur Pression (H/F/X) Vinçotte Gembloux il y a 3 jours (Key) Account Manager (H/F/X) Vinçotte Wallonie il y a 3 jours Commercial.e B2B NL C1-C2 Daoust Wavre il y a 5 jours TECHNICO - COMMERCIAL(E) NÉGOCE avec affinité pour la construction Clotures Leblanc SA Mettet Candidature facile il y a 19 heures NOUVEAU Stepstone Qui sommes-nous Espace Presse Devenez partenaire Candidat Carrière chez Stepstone Conseils de carrière FAQ Recruteur Pourquoi Stepstone Actualités recrutement Publier une annonce Recrutement international: THE NETWORK Restons en contact Donnez-nous votre avis Apps Déclaration de confidentialité Conditions d'utilisation Contactez-nous Conditions générales de vente THE NETWORK The Stepstone Group GmbH © 2025 Français",1435 Mont-Saint-Guibert,,,,"Pour les recruteurs Comparateur de salaire Mes Offres Se connecter Trouver un emploi Sales Executive - Chasseurs de clients (Namur / Charleroi) Clean Power Mont-saint-Guibert Contrat fixe à durée indéterminée Plein temps Publiée: il y a 1 heure Sauvegarder Sales Executive - Chasseurs de clients (Namur / Charleroi) Clean Power Sauvegarder Introduction Tu adores décrocher ton téléphone, aller sur le terrain et convaincre de nouveaux clients ? Tu es motivé(e) par les challenges et la conquête d’un marché ? Alors ce poste est fait pour toi ! Clean Power, en pleine croissance, recherche deux Sales Executive prêt(e)s à conquérir de nouveaux clients dans le Hainaut et dans la région namuroise. Quelques mots sur notre entreprise: Implantée à Louvain-la-Neuve, Zellik, Mons et Liège, Clean Power est un leader national dans le secteur du nettoyage professionnel et des services aux entreprises. Nous travaillons avec respect, tant avec nos clients qu’avec nos collaborateurs qui œuvrent sur le terrain chaque jour. Tes responsabilités Prospecter activement : téléphone, terrain, networking. Identifier, contacter et convaincre de potentiels clients chaque semaine. Présenter des offres percutantes adaptées à leurs besoins. Négocier et conclure des contrats dans une logique « win-win ». Une fois le contrat signé, transmettre le client à l’équipe opérationnelle qui assurera le suivi. Apporter ton énergie positive à une équipe soudée et ambitieuse. Ton profil Tu prends plaisir à ouvrir des portes et conquérir de nouveaux clients. La prospection pure te motive et tu sais garder ton énergie et ta persévérance même après plusieurs refus. Tu es ambitieux(se), persévérant(e) et orienté(e) résultats. Francophone, tu maîtrises parfaitement le français à l'oral comme à l'écrit. Tu sais analyser, calculer et proposer des offres réfléchies avec rigueur ; Ta présentation est soignée et ton élocution impeccable. La maîtrise de l’anglais et/ou du néerlandais constitue un réel atout. Autonome et orga",fr,https://www.stepstone.be/offres-d-emploi--Sales-Executive-Chasseurs-de-clients-Namur-Charleroi-Mont-saint-Guibert-Clean-Power--2174794-inline.html,stepstone
2174370,Sales Representative - Oost-Vlaanderen,Jouw verantwoordelijkheden,9000 Gent,,,,"Pour les recruteurs Comparateur de salaire Mes Offres Se connecter Trouver un emploi Sales Representative - Oost-Vlaanderen Salonkee S.A. Gent Contrat fixe à durée indéterminée Plein temps Publiée: il y a 1 heure Sauvegarder Sales Representative - Oost-Vlaanderen Salonkee S.A. Sauvegarder Als toonaangevend Europees softwarebedrijf biedt Salonkee geavanceerde digitale oplossingen voor kappers- en schoonheidszaken, waarmee we de manier waarop ze werken transformeren. Onze missie is om de beauty- en wellnesssector te digitaliseren met een compleet pakket aan hoogwaardige softwaretools. Van gebruiksvriendelijke agenda’s en klantenbestanden tot naadloze online boekingssystemen en geïntegreerde kassasystemen – wij helpen salons hun processen te optimaliseren en een uitzonderlijke klantervaring te bieden. Word onderdeel van ons getalenteerde team als Sales Representative en draag bij aan de toekomst van deze dynamische sector. Bij Salonkee krijg je de kans om aan innovatieve projecten te werken, samen te werken met gepassioneerde professionals en een blijvende impact te maken. Jouw verantwoordelijkheden Je adviseert potentiële klanten op competente wijze over digitale oplossingen om hun bedrijfsprocessen te optimaliseren en hun potentieel maximaal te benutten. Je bent verantwoordelijk voor het volledige acquisietraject van nieuwe klanten voor Salonkee. Dit omvat het eerste contact, het inplannen van afspraken, het geven van demonstraties en het afsluiten van contracten. Je bent verantwoordelijk voor het geven van productpresentaties op locatie om de waarde van onze producten op een duidelijke manier over te brengen aan potentiële klanten. Je maakt gebruik van verschillende communicatiekanalen om potentiële klanten te benaderen en relaties op te bouwen. Jouw profiel Ervaring in een salesfunctie, inclusief cold calling en het bezoeken van prospects Sterke probleemoplossende vaardigheden en een creatieve mindset Vloeiend in het Nederlands en Engels Een echte self-starter Uits",fr,https://www.stepstone.be/offres-d-emploi--Sales-Representative-Oost-Vlaanderen-Gent-Salonkee-S-A--2174370-inline.html,stepstone
2040005,Service Engineer,Introductie,1140 BRUSSEL,,,,"Pour les recruteurs Comparateur de salaire Mes Offres Se connecter Trouver un emploi Service Engineer Heidelberg Benelux Bvba Evere Contrat fixe à durée indéterminée Plein temps Publiée: il y a 4 heures Candidature facile Sauvegarder Service Engineer Heidelberg Benelux Bvba Sauvegarder Introductie Heidelberg Benelux (voorheen Plantin en Tetterode) is een onderdeel van de Heidelberg groep, wereldspeler in de ondersteuning van de grafische industrie met high-end machines, service en verbruiksgoederen. Samen met onze 11.500 medewerkers, 11 productievestigingen en sales- en servicekantoren over de hele wereld hebben we afgelopen boekjaar meer dan 2,5 miljard euro omzet gerealiseerd. Als betrouwbare partner voor de gedrukte media-industrie kijken we mee vooruit met onze klanten en bieden oplossingen aan nog voordat vragen problemen worden. Wij leveren de juiste producten en diensten op het juiste moment en ondersteunen op deze manier het economische succes en de continuïteit van onze klanten. In onze Heidelberg Benelux vestigingen in Evere en Haarlem werken in totaal een 180 medewerkers. Om onze support voor onze klanten te versterken zijn wij op zoek naar een Service engineer drukpersen - elektromechanisch in Evere. Wat ga jij doen Je vertrekt van thuis uit naar de klant. Je installeert, onderhoudt en lost storingen op van het elektrisch deel van drukpersen, op locatie bij de klanten of op afstand, in de gehele Benelux, alleen of samen met je Belgische en Nederlandse collega’s. Je bent het gezicht van de internationale Heidelberg Group bij onze klanten en helpt hen succesvol te zijn! Wat verwachten wij van jou Je hebt een elektrische achtergrond/scholing en interesse. Bachelor elektriciteit/elektromechanica …, of gelijkwaardig door ervaring Je hebt geen schrik van mechanische problemen Je hebt interesse in de softwaretoepassingen Je bent vlot in gebruik van de digitale technologie (pc, MS Office…) Veel “goesting” om erin te vliegen. Je bent in het bezit van een rijbewij",fr,https://www.stepstone.be/offres-d-emploi--Service-Engineer-Evere-Heidelberg-Benelux-Bvba--2040005-inline.html,stepstone
2178195,Slager-verkoper Sint-Idesbald (M/V/X),Introductie,2025 Français,,,,"Pour les recruteurs Comparateur de salaire Mes Offres Se connecter Trouver un emploi Slager-verkoper Sint-Idesbald (M/V/X) Slagerij Dierendonck Bvba KOKSIJDE Publiée: il y a 4 heures Vous serez l’un des 1er candidats Sauvegarder Slager-verkoper Sint-Idesbald (M/V/X) Slagerij Dierendonck Bvba Sauvegarder Introductie Dierendonck groeit verder! En om die groei kracht bij te zetten, zijn we op zoek naar een extra rock-’n-roller met een passie voor ambacht en vlees. In onze winkel in Koksijde verwelkomen we graag een voltijdse Slager-Verkoper die mee wil bouwen aan ons verhaal van ambacht, passie en terroir. Jouw rol? Als Slager-Verkoper ben jij het kloppend hart van onze winkel. Je combineert vakmanschap met klantgerichtheid en staat in voor: Het zorgvuldig klaarzetten en aanvullen van onze toonbank volgens de Dierendonck-waarden. Een volle toonbank is voor onze klanten wat een snoepwinkel is voor kinderen! Het bereiden van dagvers gehakt Het adviseren van klanten, het opnemen van bestellingen en het versnijden van vleeswaren volgens hun wensen. Klanten informeren over de herkomst en bereiding van onze producten. Het naleven van de HACCP-regels en zorgen voor een nette, veilige en hygiënische werkomgeving. Jouw profiel Wie zoeken we? Je hebt een echte passie voor vlees en ons ambacht Je bent zelfstandig, nauwkeurig en ziet werk. Je bent een teamspeler die meebouwt aan de sfeer en werking in de winkel. Weekendwerk schrikt je niet af. Je spreekt vlot Nederlands en hebt een basiskennis Frans. Opleiding & ervaring Je volgde een opleiding of hebt ervaring als slager of vleesbewerker, of je volgde een koksopleiding en je bent bereid om het slagersvak verder aan te leren. Slagerij Dierendonck Bvba 2 Jobs Stepstone Qui sommes-nous Espace Presse Devenez partenaire Candidat Carrière chez Stepstone Conseils de carrière FAQ Recruteur Pourquoi Stepstone Actualités recrutement Publier une annonce Recrutement international: THE NETWORK Restons en contact Donnez-nous votre avis Apps Dé",fr,https://www.stepstone.be/offres-d-emploi--Slager-verkoper-Sint-Idesbald-M-V-X-KOKSIJDE-Slagerij-Dierendonck-Bvba--2178195-inline.html,stepstone
2177140,Stagiair(e) van de Chief Transformation Officer,Introductie,"Brussel Geïnteresseerd? SPB Benelux 1 Job Localisation SPB Benelux Avenue Louise 120, 1000 Brussel, België Afficher la carte Temps de trajet De: À: Via: En voiture Transports en commun À pied À vélo Calculer mon temps de trajet - - : - - Des offres d'emploi similaires Systems Analyst Monitoring Smals Brussel Télétravail possible il y a 2 jours Azure Architect Smals Brussel Télétravail possible il y a 2 jours IT Strategic Planning & Innovation Manager STIB / MIVB Brussel il y a 2 jours Stage Tender STADSBADER CONTRACTORS Stadsbader NV Brussel il y a 2 jours Test Analyst Smals Brussel Télétravail possible il y a 5 jours AI Advisor Beobank Brussel Télétravail possible il y a 5 jours PowerBI Analyst Smals Brussel Télétravail possible il y a 5 jours Modern Workplace Lead Smals Brussel Télétravail possible il y a 2 jours Cobol Developer Smals Brussel Télétravail possible il y a 2 jours Datawarehouse Engineer Smals Brussel Télétravail possible il y a 2 jours Stepstone Qui sommes-nous Espace Presse Devenez partenaire Candidat Carrière chez Stepstone Conseils de carrière FAQ Recruteur Pourquoi Stepstone Actualités recrutement Publier une annonce Recrutement international: THE NETWORK Restons en contact Donnez-nous votre avis Apps Déclaration de confidentialité Conditions d'utilisation Contactez-nous Conditions générales de vente THE NETWORK The Stepstone Group GmbH © 2025 Français",,,,"Pour les recruteurs Comparateur de salaire Mes Offres Se connecter Trouver un emploi Stagiair(e) van de Chief Transformation Officer SPB Benelux Brussel Job étudiant / travail saisonnier, Stage Plein temps, Télétravail possible Publiée: il y a 3 heures Vous serez l’un des 1er candidats Sauvegarder Stagiair(e) van de Chief Transformation Officer SPB Benelux Sauvegarder Introductie Over SPB SPB is Europa’s toonaangevende affinityverzekeringsgroep, gespecialiseerd in het ontwerpen en beheren van verzekerings- en assistentieoplossingen voor alledaagse producten en diensten (bank, telecom, retail, mobiliteit, reizen, energie, medische apparatuur). Opgericht in 1965, bedient SPB zowel zakelijke klanten (white-labeloplossingen) als particuliere klanten (claimsbeheer). Met 850 medewerkers verspreid over 7 Europese landen, wordt de Groep gedreven door drie kernwaarden: innovatie, uitmuntendheid en integriteit. Met de steun van onze aandeelhouder BlackFin Capital Partners – een Europese leider in private equity voor financiële diensten – start SPB een nieuwe groeifase, met een herfocus op de kernactiviteiten: brokerage en claimsbeheer. Jouw rol Als trainee binnen het team van de Chief Transformation Officer speel je een actieve rol bij de uitvoering van belangrijke transformatie-initiatieven in heel Europa. Je werkt nauw samen met zowel centrale teams als de business units in de verschillende landen (bijv. Frankrijk, Spanje, Duitsland, Italië, België, Polen, VK). Je zal: Samenwerken met lokale en internationale teams aan transformatie-initiatieven met grote impact, over alle functies heen (operations, IT, HR, finance en sales) Helpen bij de implementatie en opvolging van transformatie-initiatieven: opstellen van projectroadmaps, monitoren van KPI’s en opstellen van beslissingsdocumenten voor het Executive Committee en de Raad van Bestuur Bijdragen aan groepbrede strategische projecten, inclusief marktanalyse, benchmarking, businesscase-ontwikkeling, strategische planning en o",fr,https://www.stepstone.be/offres-d-emploi--Stagiaire-van-de-Chief-Transformation-Officer-Brussel-SPB-Benelux--2177140-inline.html,stepstone
2166837,Technisch tekenaar,Introductie,1000 Employés,,,,"Pour les recruteurs Comparateur de salaire Mes Offres Se connecter Trouver un emploi Technisch tekenaar Dovy Keukens Industrieweg 5, Roeselare Contrat fixe à durée indéterminée Plein temps Publiée: il y a 2 heures Vous serez l’un des 1er candidats Candidature facile Sauvegarder Technisch tekenaar Dovy Keukens Sauvegarder Introductie Al 45 jaar combineren we vakmanschap, innovatie en klantgerichtheid om hoogwaardige maatkeukens te creëren. Dit volledig in eigen beheer, van ontwerp tot plaatsing. Wat ons echt bijzonder maakt? De collega’s die hier werken, hun drive en betrokkenheid vormen het kloppend hart van Dovy. Samen met onze gepassioneerde teams werk je in een moderne en professionele omgeving, met de warmte van een echt familiebedrijf. Door de 41 toonzalen verspreid over gans Vlaanderen en Wallonië blijven we groeien, zonder het persoonlijke uit het oog te verliezen. Zie je jezelf meewerken aan het Dovy-verhaal als technisch tekenaar? Jouw verantwoordelijkheden Wat verwachten we van jou: Het controleren van ontwerpen en het oplossen van constructieproblemen in samenwerking met onze verkopers en collega’s zowel in het Nederlands als in het Frans. Ontwerpen worden vertaald naar technische tekeningen en werkplannen voor een efficiënte productie en plaatsing. Met behulp van Imos (Autocad) worden kastontwerpen tot in detail uitgewerkt volgens de wensen van de klant. Bijdragen aan procesverbetering door werkinstructies op te stellen en in samenwerking met jouw team door te voeren. Jouw profiel Wie zoeken wij? Eigenschappen die jou typeren zijn nauwkeurig, leergierig en probleemoplossend denken. Je beschikt over een scherp 3D-inzicht en hebt ervaring met meubelconstructies. Naast het Nederlands spreek je vloeiend Frans. Je bent een echte teamplayer in hart en nieren. Ons aanbod Wat mag je van ons verwachten? Vast contract van onbepaalde duur. Uitdagende job met veel variatie. Maaltijdcheques van €8/dag. Groepsverzekering. Glijdende uren (starten tussen 7u30-8u30). 30 ",fr,https://www.stepstone.be/offres-d-emploi--Technisch-tekenaar-Industrieweg-5-Roeselare-Dovy-Keukens--2166837-inline.html,stepstone
2178243,Vacature Hoofdverpleegkundige - Teamcoach Borsbeekhof,Introductie,2140 Antwerpen,,,,"Pour les recruteurs Comparateur de salaire Mes Offres Se connecter Trouver un emploi Vacature Hoofdverpleegkundige - Teamcoach Borsbeekhof Korian Belgium NV Borsbeekstraat 11, 2140 Antwerpen, België Publiée: il y a 4 heures Vous serez l’un des 1er candidats Sauvegarder Vacature Hoofdverpleegkundige - Teamcoach Borsbeekhof Korian Belgium NV Sauvegarder Introductie Korian België is sinds 2005 actief in de residentiële zorg voor ouderen en kwetsbaren, alsook in de thuiszorg, thuisverpleging en thuiszorgwinkels. Elke dag staan 10.000 medewerkers in voor de zorg van meer dan 13.000 bewoners in 116 voorzieningen verspreid over gans België. Daarnaast werken er nog 600 medewerkers in de thuiszorg, waaronder een 150-tal zelfstandige verpleegkundigen in de thuisverpleging. Zorgjobs.beis dé gratis jobsite voor werkzoekenden in de zorgsector. Vind dagelijks duizenden jobs in de zorg voor verpleegkundigen, artsen, apothekers, kinesitherapeuten, zorgkundigen, zorgmanagers en andere zorgprofessionals . Solliciteer rechtstreeks bij ziekenhuizen, woonzorgcentra, thuisverpleging en zorgbedrijven met actuel zorgvacaturese voor vast of deeltijds werk in de gezondheidszorg. Wil je als eerste op de hoogte zijn van nieuwe zorgjobs ? Stel ee jobalertn in en ontvang dagelijks automatisch de meest relevant zorgvacaturese in je mailbox — volledig gratis. Jouw verantwoordelijkheden Je verzekert het goed functioneren van de afdeling binnen het woonzorgcentrum teneinde de kwaliteit van de opvang van de bewoners en de zorg te optimaliseren, alsook de organisatie, coördinatie en continuïteit binnen de zorgverlening van het rusthuis. Planning van het verplegend personeel Coördinerende functie bij de opname van nieuwe bewoners Beheer van de individuele zorgdossiers Beheer van de apotheek Instaan voor communicatie en informatie (intern en extern) Beheer van materiële middelen Meedraaien in het team Jouw profiel We zijn op zoek naar een collega met het hart op de juiste plaats en een passie voor ouder",fr,https://www.stepstone.be/offres-d-emploi--Vacature-Hoofdverpleegkundige-Teamcoach-Borsbeekhof-Borsbeekstraat-11-2140-Antwerpen-Belgie-Korian-Belgium-NV--2178243-inline.html,stepstone
2171157,Vertegenwoordiger,Introductie,2025 Français,,,,"Pour les recruteurs Comparateur de salaire Mes Offres Se connecter Trouver un emploi Vertegenwoordiger Seru Resto Service BVBA Antwerpen Contrat fixe à durée indéterminée Plein temps Publiée: il y a 4 heures Candidature facile Sauvegarder Vertegenwoordiger Seru Resto Service BVBA Sauvegarder Introductie Seru Resto Service is een gevestigde waarde in de horecawereld en dé partner voor restaurants, hotels en cateraars op zoek naar kwaliteitsvolle producten en een betrouwbare service. We bieden een ruim assortiment aan tableware, van elegant porselein en stijlvol glaswerk tot praktisch bestek – steeds met oog voor kwaliteit, functionaliteit en design. Ter uitbreiding van ons team zoeken wij een enthousiaste en gedreven Vertegenwoordiger Tableware die onze klanten inspireert en adviseert in hun keuze voor de perfecte tafelaankleding. Jouw verantwoordelijkheden Actief prospecteren en bezoeken van horecazaken, cateraars en andere B2B-klanten Adviseren van klanten over ons tableware-assortiment en voorstellen op maat maken Uitbouwen en onderhouden van duurzame klantenrelaties Opvolgen van offertes, bestellingen en leveringen Samenwerken met het interne team voor een vlotte klantbeleving Markttrends opvolgen en rapporteren aan het management Jouw profiel Commerciële ervaring, bij voorkeur in de horeca- of tablewaresector Sterke communicatie- en onderhandelingsvaardigheden Zelfstandig, klantgericht en resultaatgedreven Interesse in tafelcultuur, design en hospitality In het bezit van een rijbewijs B Ons aanbod Een boeiende en zelfstandige functie binnen een stabiel familiebedrijf Aantrekkelijk salarispakket met commissies en extralegale voordelen Bedrijfswagen, tankkaart, laptop en gsm Grondige productopleiding en ondersteuning op maat Werken in een sector vol beleving, creativiteit en menselijk contact Geïnteresseerd? Seru Resto Service BVBA Fast Moving Consumer Goods, Durables • 1-10 Employés 3 Jobs Page Entreprise Localisation Seru Resto Service BVBA Antwerpen, België Aff",fr,https://www.stepstone.be/offres-d-emploi--Vertegenwoordiger-Antwerpen-Seru-Resto-Service-BVBA--2171157-inline.html,stepstone
2175956,schade-expert,Introductie,2170 Antwerpen,,,,"Pour les recruteurs Comparateur de salaire Mes Offres Se connecter Trouver un emploi schade-expert KVDS.be bvba België Contrat fixe à durée indéterminée Plein temps Publiée: il y a 1 heure Vous serez l’un des 1er candidats Sauvegarder schade-expert KVDS.be bvba Sauvegarder Introductie KVDS.be is een dynamisch expertisekantoor ten behoeve van de (transport)verzekeringssector dat nationaal en internationaal actief is, voornamelijk in de logistieke, maritieme en industriële sector. In het kader van onze continue groei zijn wij op zoek naar een jong en sterk gemotiveerd medewerker die mee in onze boeiende wereld van de expertise een carrière wil uitbouwen. Jouw verantwoordelijkheden ✓ Als schade-expert bij KVDS.be doe je een gedreven onderzoek naar omstandigheden, oorzaak en omvang van schadegevallen die zich hoofdzakelijk situeren in de logistieke, maritieme of industriële sector. ✓ Je verzorgt de volledige administratieve opvolging van de dossiers tot de finale rapportering (NL/FR/UK) aan onze opdrachtgevers (verzekeringsmaatschappijen, makelaars, logistieke spelers). ✓ Je werkgebied situeert zich hoofdzakelijk in de Benelux, en sporadisch in andere EU-landen. ✓ Je komt terecht in een jong en dynamisch team waarmee u zeer nauw samenwerkt en gebruik maakt van Office 365 gecombineerd met een uniek en performant dossierbeheersysteem. Jouw profiel ✓ Heb je hoger onderwijs succesvol afgerond? Je bent actief en gedreven op zoek naar een nieuwe uitdaging? ✓ Je hebt een extra troef in handen indien U een Graduaat / Bachelor opleiding genoot in: o Transport & Logistiek o Bedrijfsmanagement (Financiën en verzekeringen; Internationaal ondernemen; Supply Chain Management) o Industriële wetenschappen & Technologie o Scheepswerktuigkundige / Nautische Wetenschappen o of gelijkwaardig door ervaring ✓ Affiniteit met de maritieme en/of logistieke wereld is een pluspunt. ✓ Je hebt een sterke dosis gezond verstand, hanteert een vlotte pen en Je hebt administratieve vaardigheden. ✓ Je be",fr,https://www.stepstone.be/offres-d-emploi--schade-expert-Belgie-KVDS-be-bvba--2175956-inline.html,stepstone
2178193,Administratief medewerker / telefonist(e) / Planner,Over APEX:,2025 Français,,,,"Pour les recruteurs Comparateur de salaire Mes Offres Se connecter Trouver un emploi Administratief medewerker / telefonist(e) / Planner Dak Plus BVBA WESTERLO Publiée: il y a 4 heures Vous serez l’un des 1er candidats Sauvegarder Administratief medewerker / telefonist(e) / Planner Dak Plus BVBA Sauvegarder Over APEX: APEX is dé marktleider in België voor installatie en distributie van dakramen en toebehoren.Wij blijven sterk groeien en zoeken een enthousiaste collega om ons team te versterken. Ben jij een echte multitasker met een commerciële flair en een talent voor organiseren? Heb je zin om te werken in een dynamisch team waar initiatief en inzet het verschil maken? Dan is dit jouw kans! Wat ga je doen: Je verwerkt inkomende aanvragen via ons intern systeem en analyseert de behoeften van klanten. Je stelt makkelijk offertes op via onze online calculator en volgt ze proactief op. Je plant technische opmetingen in voor onze vertegenwoordigers. Je coördineert projecten en bewaakt de voortgang. Je staat klanten vriendelijk te woord via telefoon en e-mail, en volgt alles nauwgezet op. Je denkt actief mee over het verbeteren van onze interne processen. ... Kortom: jij zorgt ervoor dat alles op wieltjes loopt en speelt een cruciale rol in de tevredenheid van onze klanten én partners. Jouw profiel Je bent commercieel ingesteld en werkt nauwkeurig en gestructureerd. Je beschikt over uitstekende communicatieve vaardigheden en houdt van samenwerken. Je hebt een proactieve houding en denkt oplossingsgericht. Affiniteit met de bouwsector is een pluspunt, maar geen must. Je beheerst het Nederlands perfect; kennis van Frans en Engels is een extra troef. Ervaring met administratieve systemen zoals Odoo is meegenomen, maar geen vereiste – wij voorzien een interne opleiding. Dak Plus BVBA 1 Job Stepstone Qui sommes-nous Espace Presse Devenez partenaire Candidat Carrière chez Stepstone Conseils de carrière FAQ Recruteur Pourquoi Stepstone Actualités recrutement Publier une annonce",fr,https://www.stepstone.be/offres-d-emploi--Administratief-medewerker-telefoniste-Planner-WESTERLO-Dak-Plus-BVBA--2178193-inline.html,stepstone
2178224,Demand Planner,Over Ciner Glass,3920 Lommel,,,,"Pour les recruteurs Comparateur de salaire Mes Offres Se connecter Trouver un emploi Demand Planner Ciner Glass Belgium Nv 3920 Lommel, België Publiée: il y a 4 heures Vous serez l’un des 1er candidats Sauvegarder Demand Planner Ciner Glass Belgium Nv Sauvegarder Over Ciner Glass Word flessenier bij Ciner Glass en volg jouw carrière naar flessengeluk! Ciner Glass is meer dan een verpakkingsglasproducent. We zijn een familiebedrijf met een internationale blik, gedreven door technologie, duurzaamheid en mensen. Vanuit onze vestigingen in Turkije, het VK en België leveren we jaarlijks miljarden glazen flessen aan de grootste merken binnen de voedings- en drankenindustrie ter wereld. In 2026 openen we in Lommel de meest geavanceerde en duurzame verpakkingsglasfabriek van Europa. Een investering van meer dan €600 miljoen, goed voor 500 jobs én een carrière vo flessengelukl . Hier bottelen we de toekomst… en dat doen we samen met jou,flessenierals van morgen. Verantwoordelijkheden & Belangrijkste Taken Als Demand Planner voorzie jij de vraag vóór ze er is en leg je de basis voor een vlotte en betrouwbare glasproductie. Als Demand Planner bij Ciner Glass Belgium leg jij mee de basis voor een feilloze productie- en leverketen. Met jouw analytische blik vertaal je marktinzichten en verkooptrends naar nauwkeurige vraagprognoses, zodat onze glazen flessen altijd op het juiste moment op de juiste plaats zijn. In nauwe samenwerking met Sales, Marketing en Supply Chain zorg je voor stabiliteit én flexibiliteit in een dynamische productieomgeving. Dankzij jouw strategisch inzicht en data-gedreven aanpak bouw je mee aan de groei van een snelgroeiend productiebedrijf in glasverpakkingen. Heb jij een passie voor cijfers, procesoptimalisatie en samenwerking? Dan ben jij misschien wel de flessenier die wij zoeken. Verzamelen, analyseren en consolideren van marktinformatie, verkoopgegevens en historische gegevens om vraagprognoses op te stellen Onderhouden en verbeteren van prognosemode",fr,https://www.stepstone.be/offres-d-emploi--Demand-Planner-3920-Lommel-Belgie-Ciner-Glass-Belgium-Nv--2178224-inline.html,stepstone
2177536,Cabin Crew - Relocation to Dubai,Vos responsabilités,1970 Wezembeek Oppem il y a,,,,"Pour les recruteurs Comparateur de salaire Mes Offres Se connecter Trouver un emploi Cabin Crew - Relocation to Dubai Emirates Airlines Dubai Contrat fixe à durée indéterminée Plein temps Publiée: il y a 6 heures Vous serez l’un des 1er candidats Sauvegarder Cabin Crew - Relocation to Dubai Emirates Airlines Sauvegarder Experience the world as part of your career. Vos responsabilités Live the cabin crew life Join our team as Emirates cabin crew and see the world as you work. This is your opportunity to be part of the world’s largest international airline. Look forward to a tax-free salary, free accommodation and great travel perks for you and your family. Make Dubai your home and enjoy all the benefits of this vibrant city. If you’re ready for a career that takes you places, apply online now and start your adventure with Emirates. Votre profil We are looking for: • 1+ year of hospitality or customer service experience • Positive attitude with the natural ability to provide excellent service in a team environment, dealing with people from many cultures • High school graduate (Grade 12) • Fluency in written and spoken English (ability to speak another language is an advantage) • Arm reach of 212 cm while standing on tiptoes and minimum height of 160 cm which will enable you to reach emergency equipment on all aircraft types • No visible tattoos while you’re in Emirates cabin crew uniform (cosmetic and bandage coverings are not allowed) • Can adapt to new people, new places and new situations • As Emirates cabin crew, you will be based in Dubai and will need to meet the UAE’s employment visa requirements Fly Emirates. Fly Better. Notre offre Starting Salary & Flying Pay Your pay is made up of three components: a fixed basic salary, an hourly pay for operated flights and an overseas meal allowance. Basic Salary: AED 4,980 / month Flying pay: AED 69.6 / hour based on avg. 80-100 hours / month Average monthly pay: AED 11,244 / month (USD 3,061) These are approximate numbe",fr,https://www.stepstone.be/offres-d-emploi--Cabin-Crew-Relocation-to-Dubai-Dubai-Emirates-Airlines--2177536-inline.html,stepstone
2178223,"Diagnosetechnieker Cars - Mercedes-Benz, Corvette, Xpeng en Hongqi",Over Hedin Automotive Belgium,2610 Antwerpen,,,,"Pour les recruteurs Comparateur de salaire Mes Offres Se connecter Trouver un emploi Diagnosetechnieker Cars - Mercedes-Benz, Corvette, Xpeng en Hongqi Hedin Automotive Wilrijk, 2610 Antwerpen, België Publiée: il y a 4 heures Vous serez l’un des 1er candidats Sauvegarder Diagnosetechnieker Cars - Mercedes-Benz, Corvette, Xpeng en Hongqi Hedin Automotive Sauvegarder Over Hedin Automotive Belgium Ben jij een diagnosetechnieker met oog voor detail en passie voor topmerken? ðŸš—ðŸ”§ Sluit je aan bij Hedin Automotive en werk zelfstandig aan hoogwaardige wagens! Aantrekkelijke voorwaarden Ã©n groei! Hedin Automotive BelgiÃ« is een toonaangevende speler in de automobielsector, gespecialiseerd in de verkoop en service van verschillende automerken. We bieden een breed scala aan voertuigen, zowel nieuw als tweedehands, en richten ons opÂ op zowel particuliere als zakelijke klanten. Bij Hedin Automotive kan jeÂ rekenen op een hoge kwaliteit van service, inclusief onderhoud en reparaties. Daarnaast investeren we in duurzame mobiliteitsoplossingen, waaronder elektrische voertuigen. Met meerdere vestigingen in BelgiÃ« is Hedin Automotive altijd dicht in de buurt. Ben jij een diagnosetechnieker met oog voor detail en passie voor topmerken? ðŸš—ðŸ”§ Sluit je aan bij Hedin Automotive en werk zelfstandig aan hoogwaardige wagens! Aantrekkelijke voorwaarden Ã©n groei! Jouw verantwoordelijkheden Je voert onderhoud-, reparatie en/of diagnoseopdrachten uit bij personenwagens. Mercedes-Benz, Corvette, Xpeng en Hongqi. Je maakt rapporten van eventuele technische problemen aan de voertuigen en voert zelfstandig de nodige herstellingen uit. Je houdt alle werkzaamheden correct bij op het werkorder. Je informeert de magazijnmedewerkers over de wisselstukken en accessoires die besteld moeten worden om je opdrachten uit te voeren. Herken je jezelf hierin? Perfect! ðŸ‘Œ Je beschikt over een goede algemene kennis inzake autotechniek (bij voorkeur A2 autotechniek of bachelor, maar geen vereiste). Je",fr,https://www.stepstone.be/offres-d-emploi--Diagnosetechnieker-Cars-Mercedes-Benz-Corvette-Xpeng-en-Hongqi-Wilrijk-2610-Antwerpen-Belgie-Hedin-Automotive--2178223-inline.html,stepstone
2178220,Elektricien/Storingstechnieker,Introductie,2340 Beerse,,,,"Pour les recruteurs Comparateur de salaire Mes Offres Se connecter Trouver un emploi Elektricien/Storingstechnieker EQUANS 2340 Beerse, België Publiée: il y a 4 heures Vous serez l’un des 1er candidats Sauvegarder Elektricien/Storingstechnieker EQUANS Sauvegarder Introductie Thank you for your interest in Equans! Our website is under maintenance for 2 days however if you see a position you are interested in and would like to contact us please emai staffing@equans.coml . Wat als jij dé schakel wordt in het onderhoud van geavanceerde elektrische en HVAC-installaties? Bij Equans in regio Beerse krijg je de kans om jouw eerste ervaring als elektricien verder uit te bouwen en jouw kennis te verdiepen in gebouwbeheersystemen en HVAC-technologie. Samen zorgen we voor een duurzame toekomst! Wat houdt deze job precies in? preventief en curatief onderhoud uitvoeren op elektrische installaties opsporen en oplossen van elektrische defecten in zowel gebouwgebonden als HVAC-installaties uitvoeren van isolatiemetingen bij aardfouten kleine installatieprojecten realiseren, zoals verlichting vernieuwen of aanpassingen aan sturingen meewerken aan relightingsprojecten, bijvoorbeeld de overstap van TL naar LED-verlichting opvolging van installaties via gebouwbeheersystemen zoals Honeywell Waarom jij deze uitdaging aankan: je hebt een A2-diploma in elektriciteit je hebt een eerste werkervaring in elektriciteit je beschikt over een sterk analytisch denkvermogen om storingen op te sporen je toont interesse in gebouwbeheersystemen en HVAC-technologie je bent communicatief, verzorgd, en hebt oog voor detail en afwerking je werkt zelfstandig en hecht veel belang aan veiligheid Een job bij Equans betekent: Zin om mee te werken aan de multitechnische uitdagingen van morgen? Ja? Dan kom je bij Equans terecht in een innovatieve en boeiende werkomgeving met gevarieerde projecten waarin je jouw skills verder kan ontplooien . Je komt in contact met de nieuwste technologieën en helpt onze klanten bi",fr,https://www.stepstone.be/offres-d-emploi--Elektricien-Storingstechnieker-2340-Beerse-Belgie-EQUANS--2178220-inline.html,stepstone
2174365,Health & Safety Plant Lead,Vos responsabilités,1500 HALLE il y a,,,,"Pour les recruteurs Comparateur de salaire Mes Offres Se connecter Trouver un emploi Health & Safety Plant Lead Brambles Holdings (UK) Limited Bornem Contrat fixe à durée indéterminée Plein temps Publiée: il y a 2 heures Vous serez l’un des 1er candidats Sauvegarder Health & Safety Plant Lead Brambles Holdings (UK) Limited Sauvegarder CHEP helps move more goods to more people, in more places than any other organization on earth via our 347 million pallets, crates and containers. We employ approximately 13,000 people and operate in 60 countries. Through our pioneering and sustainable share-and-reuse business model, the world’s biggest brands trust us to help them transport their goods more efficiently, safely and with less environmental impact. What does that mean for you? You’ll join an international organization big enough to take you anywhere, and small enough to get you there sooner. You’ll help change how goods get to market and contribute to global sustainability. You’ll be empowered to bring your authentic self to work and be surrounded by diverse and driven professionals. And you can maximize your work-life balance and flexibility through our Hybrid Work Model. Vos responsabilités Key Responsibilities Lead the implementation and maintenance of HSE management systems, ensuring timely closure of corrective actions from GAP audits. Advise the Plant Leadership Team on regulatory and internal policy updates Oversee daily HSE operations, ensuring team performance and compliance with emergency protocols and safety standards. Drive continuous improvement through action plans, compliance tracking, and proactive safety initiatives. Champion a proactive safety culture by embedding the Safety Differently philosophy and facilitating Learning Teams and safety discussions across all levels. Monitor and enhance training programs to ensure regulatory compliance and competency development. Lead investigations into incidents and near misses, ensuring lessons learned are shared ",fr,https://www.stepstone.be/offres-d-emploi--Health-Safety-Plant-Lead-Bornem-Brambles-Holdings-UK-Limited--2174365-inline.html,stepstone
2178189,Inside Sales & Customer Service Medewerker,Waar kom je terecht?,2025 Français,,,,"Pour les recruteurs Comparateur de salaire Mes Offres Se connecter Trouver un emploi Inside Sales & Customer Service Medewerker Headit bv BERCHEM Publiée: il y a 4 heures Vous serez l’un des 1er candidats Sauvegarder Inside Sales & Customer Service Medewerker Headit bv Sauvegarder Waar kom je terecht? Headit is op zoek naar een Inside Sales & Customer Service Medewerker voor een internationale KMO, regio Kempen. Je gaat aan de slag bij een middelgrote onderneming met een sterke internationale reputatie in de productie en ontwikkeling van hoogwaardige bouw- en afwerkingsmaterialen. Het bedrijf levert vandaag aan klanten in meer dan 50 landen en geldt als marktleider binnen zijn niche. Vanuit een innovatieve aanpak en doorgedreven productontwikkeling willen ze hun positie nog verder versterken in zowel binnen- als buitenland. Binnen deze organisatie werk je samen met een hecht team van collega’s in een warme en collegiale sfeer. Er wordt veel belang gehecht aan samenwerking, kwaliteit en klantgerichtheid. Je krijgt er bovendien de kans om een belangrijke schakel te zijn in de verdere commerciële groei van het bedrijf. Wat zijn jouw verantwoordelijkheden? Als Inside Sales & Customer Service Medewerker fungeer je als het eerste aanspreekpunt voor klanten en partners. Je combineert administratieve opvolging met een sterke commerciële insteek en zorgt ervoor dat elke klant een uitstekende service ervaart. Concreet betekent dit dat je: Klanten telefonisch, per mail en face-to-face te woord staat en hen adviseert over producten, prijzen en leveringen; Instaat voor het opmaken en opvolgen van offertes en het correct verwerken van verkooporders in het systeem; De opvolging van transporten coördineert (weg-, zee- en luchtvracht) en de bijhorende administratie nauwkeurig in orde brengt; Klachten en vragen van klanten op een professionele manier behandelt en doorgeeft waar nodig; Nauw samenwerkt met sales, logistiek en andere interne teams om een vlotte service te garanderen; Ka",fr,https://www.stepstone.be/offres-d-emploi--Inside-Sales-Customer-Service-Medewerker-BERCHEM-Headit-bv--2178189-inline.html,stepstone
2178249,Keukenmedewerker parttime - Brussel,Functieomschrijving,2025 Français,,,,"omschrijving Food&Iis op zoek naar een enthousiaste keukenmedewerker/barista om ons team te versterken in de regio Brussel . Wat ga je doen? Met een glimlach heerlijke koffies, thee en andere dranken bereiden Broodjes en koude schotels klaarmaken Algemene keukentaken uitvoeren, zoals de afwas Samen met je collega’s zorgen voor een aangename sfeer Wie je bent Je bent snel beschikbaar en wil 20 uur per week werken dynamisch en enthousiast team Tweetalig (Nederlands/Frans)zijn is een pluspunt , maar geen vereiste Wat je krijgt Een parttime contract van 20 uur per week , met vaste werkuren va 13u30 tot 17un , van maandag tot vrijda Vrije weekends Een gezellige werkplek in de regio Brussel Een tof en collegiaal team waarin teamwork centraal staat Doorgroeimogelijkheden regio Brussel Geïnteresseerd? Food & I NV 2 Jobs Stepstone Qui sommes-nous Espace Presse Devenez partenaire Candidat Carrière chez Stepstone Conseils de carrière FAQ Recruteur Pourquoi Stepstone Actualités recrutement Publier une annonce Recrutement international: THE NETWORK Restons en contact Donnez-nous votre avis Apps Déclaration de confidentialité Conditions d'utilisation Contactez-nous Conditions générales de vente THE NETWORK The Stepstone Group GmbH © 2025 Français",fr,https://www.stepstone.be/offres-d-emploi--Keukenmedewerker-parttime-Brussel-Brussel-Belgie-Food-I-NV--2178249-inline.html,stepstone
2174050,Hondengeleider VUB,Vacatureomschrijving,1000 Brussels,,,,"omschrijving Als deeltijdse hondengeleider bij Securitas combineer je bewakingstaken met en zonder je diensthond. Een deel van je werkuren voer je uit samen met je eigen hond, en de overige uren werk je zonder hond als bewakingsagent. Je zorgt voor een veilige omgeving door preventieve rondes uit te voeren, verdachte situaties te melden en adequaat op te treden bij incidenten. Uitvoeren van bewakingsrondes met en zonder hond Observeren, signaleren en rapporteren van onregelmatigheden Optreden bij incidenten en alarmmeldingen Zorgen voor de goede conditie en training van je eigen diensthond Functie-eisen In het bezit van een eigen diensthond Goede fysieke conditie en verantwoordelijkheidsgevoel Nederlandstalig, kennis van het Frans is een pluspunt Flexibel en zelfstandig kunnen werken Aanvullende informatie Bruto salaris: €17,40 per uur (Exclusief extra bonus) | Brussel | Voltijds | Onbepaalde duur contract Premies: +12,5% (20u – 22u), +18% voor zaterdagen, +23% voor zondagen, +22,5% voor nachtdiensten en +30% voor feestdagen Maaltijdcheques: € 4,19 per 6,92 uur Km vergoeding 24 vakantiedagen, vakantiegeld en eindejaarspremie Hospitalisatieverzekering + ambulante zorgverzekering voor jezelf en gezinsleden Ontwikkelings- en opleidingsmogelijkheden, binnen deze functie laten we je eveneens de opleiding mobiele bewaking volgen Allerhande voordelen en kortingen via ons Benefits@Work programma We help make your world a safer place. Wij hechten veel belang aan onze waarden: integriteit, hulpvaardigheid en waakzaamheid. Bij Securitas zetten we diversiteit voorop. Wij moedigen iedereen aan te solliciteren ongeacht je afkomst, leeftijd, gender of culturele en religieuze achtergrond. Ons doel is om de wereld een veiligere plek te maken door onze klanten verschillende diensten aan te bieden zoals permanente bewaking, SECURITAS Andere sectoren • 5.500 Employés 25 Jobs Page Entreprise Localisation SECURITAS 1000 Brussels, België Afficher la carte Temps de trajet De: À: Via: En voiture Transports en commun À pied À vélo Calculer mon temps de trajet - - : - - Avantages sociaux Services médicaux supplémentaires Épargne pension Horaires de travail flexibles Parking Réductions pour employés Chèques-repas Garde d'enfants Formation Télétravail Voiture de fonction Transport public Allocation d'études Les avantages décrits sont d’application pour la société et peuvent varier en fonction du poste ou du service en question. Des offres d'emploi similaires Sales Manager - Digital Marketing Agency - Brussels Michael Page Brussels il y a 1 jour Provider Partnership Manager International SOS France Brussels Télétravail possible il y a 2 jours Partnership Manager Brussels Airport Company Brussels Télétravail possible il y a 1 jour Surface Commercial Solution Group Lead - EMEA Microsoft Brussels il y a 3 jours Projectmanager | Softwaretoepassingen Sales Talents Anderlecht il y a 4 jours Security Services &amp; Intelligence Manager Brussels Airport Company Brussels Télétravail possible il y a 5 jours Project Officer - Electricity Brussels Airport Company Brussels Télétravail possible il y a 6 jours Staff Mobility Manager Brussels Airport Company Brussels Télétravail possible il y a 6 jours Head of Security Brussels Airport Company Brussels Télétravail possible il y a 1 jour Service Manager (Access &amp; Identification) Brussels Airport Company Brussels Télétravail possible il y a 1 jour Stepstone Qui sommes-nous Espace Presse Devenez partenaire Candidat Carrière chez Stepstone Conseils de carrière FAQ Recruteur Pourquoi Stepstone Actualités recrutement Publier une annonce Recrutement international: THE NETWORK Restons en contact Donnez-nous votre avis Apps Déclaration de confidentialité Conditions d'utilisation Contactez-nous Conditions générales de vente THE NETWORK The Stepstone Group GmbH © 2025 Français",fr,https://www.stepstone.be/offres-d-emploi--Hondengeleider-VUB-Brussels-SECURITAS--2174050-inline.html,stepstone
2178244,Koeltechnieker,Introductie,2025 Français,,,,"Pour les recruteurs Comparateur de salaire Mes Offres Se connecter Trouver un emploi Koeltechnieker EQUANS West-Vlaanderen, België Publiée: il y a 4 heures Vous serez l’un des 1er candidats Sauvegarder Koeltechnieker EQUANS Sauvegarder Introductie Thank you for your interest in Equans! Our website is under maintenance for 2 days however if you see a position you are interested in and would like to contact us please emai staffing@equans.coml . Wat als jij met jouw koeltechnische kennis kon zorgen dat installaties betrouwbaar en efficiënt blijven draaien? Ben jij gepassioneerd door koeltechniek? Hou je van het onderhouden en herstellen van koelinstallaties? Dan is deze functie bij Equans helemaal iets voor jou! Jouw verantwoordelijkheden Als Service Koeltechnieker ben je verantwoordelijk voor het preventief en curatief onderhoud van koelinstallaties in verschillende sectoren, waaronder zwembaden, kantoorgebouwen, sporthallen, sites van defensie … Jouw werklocatie Jouw Equans-uitvalsbasis Wat ga je doen? Je maakt deel uit van de interventie- en onderhoudsafdeling. Na een grondige opleiding ga je zelfstandig aan de slag met: uitvoeren van onderhoud, foutanalyse, reparaties en afstellingen van koelinstallaties behandeling van storingsmeldingen en revisie van bestaande installaties installeren van aanpassingen en uitbreidingen om optimale werking van koelinstallaties te garanderen dagelijkse rapportering aan je leidinggevende en communicatie met klanten correcte administratieve verwerking van uitgevoerde werken Wat breng je mee? je bent in het bezit van een diploma in koeltechniek, elektromechanica, of een erkende koeltechnische opleiding je bent in het bezit van een koelcertificaat cat. 1 je hebt een klantgerichte, oplossingsgerichte en technisch onderlegde houding je bent stressbestendig en houdt letterlijk en figuurlijk het hoofd koel je werkt graag in team, maar kan ook zelfstandig aan de slag je hebt een geldig rijbewijs B Ons aanbod Zin om mee te werken aan de multi",fr,https://www.stepstone.be/offres-d-emploi--Koeltechnieker-West-Vlaanderen-Belgie-EQUANS--2178244-inline.html,stepstone
2178209,Leerling Monteur,Introductie,2025 Français,,,,"Pour les recruteurs Comparateur de salaire Mes Offres Se connecter Trouver un emploi Leerling Monteur I-Tek Kaulille NV KAULILLE Publiée: il y a 4 heures Vous serez l’un des 1er candidats Sauvegarder Leerling Monteur I-Tek Kaulille NV Sauvegarder Introductie Itek is de specialist in fiets-, fitness-, tuin- en allerhande andere sport-, hobby- en vrijetijdsartiekelen. Onze vestingingen zijn gelegen zowel in Nederland als België. Met een alsmaar uitbreidend winkelnetwerk is ITEK en bloeiende en groeiende onderneming met vele kansen voor zij die de uitdaging aangaan! Voor ons Filiaal te Kaulille zijn we dringend op zoek naar gemotiveerde en leergierige LEERLING-MONTEUR. Je taken: Je verzorgt de dienst na verkoop van voornamelijk fietsen en electrische fietsen, maar ook grasmaaiers, fitnessapparatuur en aanverwante producten. Je stelt de fietsen af naar de wensen van de klant Je staat in voor de herstellingen van bovenvernoemde producten Je werkt onder leiding van een hoofdmonteur en volgt zijn aanbevelingen nauwgezet op. Jouw profiel Je kan zelfstandig werken en je bent stressbestendig en leergierig. Je bent klantvriendelijk en kan probleemoplossend denken. Je bent bereid tot weekendwerk Je bent leergierig en beschikt over een grote dosis motivatie en doorzettingsvermogen. I-Tek Kaulille NV 6 Jobs Stepstone Qui sommes-nous Espace Presse Devenez partenaire Candidat Carrière chez Stepstone Conseils de carrière FAQ Recruteur Pourquoi Stepstone Actualités recrutement Publier une annonce Recrutement international: THE NETWORK Restons en contact Donnez-nous votre avis Apps Déclaration de confidentialité Conditions d'utilisation Contactez-nous Conditions générales de vente THE NETWORK The Stepstone Group GmbH © 2025 Français",fr,https://www.stepstone.be/offres-d-emploi--Leerling-Monteur-KAULILLE-I-Tek-Kaulille-NV--2178209-inline.html,stepstone
2176786,"Leerkracht ASV BuSO (type 2, OV1) 22/22",Introductie,9255 BUGGENHOUT,,,,"Pour les recruteurs Comparateur de salaire Mes Offres Se connecter Trouver un emploi Leerkracht ASV BuSO (type 2, OV1) 22/22 Blijdorp BUGGENHOUT Contrat fixe à durée indéterminée Temps partiel Publiée: il y a 3 heures Vous serez l’un des 1er candidats Sauvegarder Leerkracht ASV BuSO (type 2, OV1) 22/22 Blijdorp Sauvegarder Introductie Op zoek naar een boeiende job waar je de mogelijkheid hebt om samen met het team het beste uit de kinderen te halen ? We verwelkomen je graag in de warme Blijdorp-wereld: Jouw verantwoordelijkheden · Je behartigt de missie, visie en de waarden binnen Blijdorp als organisatie en de school in het bijzonder. · Je streeft de doelstellingen na met betrekking tot de ontwikkeling van het kind op cognitief, affectief, emotioneel, motorisch en sociaal gebied. · Je bereidt je lessen voor zoals voorzien in de individuele handelingsplanning van elke leerling en het groepswerkplan en stuurt bij waar nodig na evaluatie. · Je werkt mee aan klas overschrijdende activiteiten. · Je voldoet aan de administratieve verplichtingen. · Je werkt binnen een multidisciplinair team en werkt nauw samen met de ouders. · Je bevordert integratie in de maatschappij en dit op een professionele, didactisch en pedagogisch verantwoorde wijze. Jouw profiel Geïnteresseerden zonder onderwijsdilploma maar met een bachelordiploma én een warm hart voor onze leerlingen zijn zeker welkom in ons team. · Je bent respectvol in de omgang met jongeren met een verstandelijke en/of meervoudige beperking. · Je bent sociaalvaardig en flexibel. · Je bent positief ingesteld en bereid je ruim te engageren. · Je bent in het bezit van een onderwijsdiploma. Ook personen zonder onderwijsdiploma maar met een bachelordiploma en een groot hart voor onze leerlingen zijn zeker welkom. Ons aanbod In onze school sta je er nooit alleen voor. Indien gewenst kan je slechts een deel van de uren opnemen of een deel van de uren combineren met uren ASV onderwijs aan huis (4/22 tot einde schooljaar). Door de g",fr,https://www.stepstone.be/offres-d-emploi--Leerkracht-ASV-BuSO-type-2-OV1-22-22-BUGGENHOUT-Blijdorp--2176786-inline.html,stepstone
2178192,Logistiek Administratief Bediende,Over het bedrijf,2025 Français,,,,"Pour les recruteurs Comparateur de salaire Mes Offres Se connecter Trouver un emploi Logistiek Administratief Bediende Headit bv WILLEBROEK Publiée: il y a 4 heures Vous serez l’un des 1er candidats Sauvegarder Logistiek Administratief Bediende Headit bv Sauvegarder Over het bedrijf Headit is op zoek naar een gemotiveerd Logistiek Administratief Bediende! Voor een internationale speler met Belgische origine in de petrochemische sector (regio Antwerpen), zijn wij op zoek naar een enthousiaste professional die het verschil wil maken in klantgerichte processen. Je komt terecht bij een toonaangevend bedrijf met een stevige verankering in België en een internationale scope. Vanuit het hoofdkantoor ondersteun je klanten in Scandinavië en de Baltische landen met duurzame en efficiënte oplossingen. Verantwoordelijkheden als Logistiek Administratief Bediende: Als Logistiek Administratief Bediende ben jij het kloppend hart van de order-to-cash processen. Je fungeert als schakel tussen klanten, sales, logistiek en supply chain, met een focus op service, precisie en klanttevredenheid.Concreet betekent dat: Je beheert het volledige orderproces van A tot Z voor klanten in Scandinavië en de Baltische landen; Je staat dagelijks in contact met klanten en bent hun eerste aanspreekpunt; Je coördineert transporten, stelt verzenddocumenten op en volgt leveringen nauwgezet op; Je werkt actief mee aan het opzetten en onboarden van nieuwe klanten; Je bewaakt de voorraadniveaus in samenwerking met Supply Chain; Je volgt forecasts op, analyseert orderdata en speelt accuraat in op afwijkingen; Je adviseert klanten over importregels, douaneformaliteiten, transportmiddelen en zendingseisen. Wat we verwachten van de Logistiek Administratief Bediende: Een bachelor of relevante ervaring in customer service, sales support of logistieke administratie; Je bent klantgericht, oplossingsgericht en je weet makkelijk te schakelen tussen verschillende taken; Je communiceert vlot en bouwt sterke relaties ui",fr,https://www.stepstone.be/offres-d-emploi--Logistiek-Administratief-Bediende-WILLEBROEK-Headit-bv--2178192-inline.html,stepstone
2178232,Ploegbaas gietasfalt (West-Vlaanderen of Oost-Vlaanderen),Introductie,2025 Français,,,,"Pour les recruteurs Comparateur de salaire Mes Offres Se connecter Trouver un emploi Ploegbaas gietasfalt (West-Vlaanderen of Oost-Vlaanderen) Mobilmat NV West-Vlaanderen, België Publiée: il y a 4 heures Vous serez l’un des 1er candidats Sauvegarder Ploegbaas gietasfalt (West-Vlaanderen of Oost-Vlaanderen) Mobilmat NV Sauvegarder Introductie Welkom! We zijn blij dat je een kijkje komt nemen naar onze vacature voor ploegbaas gietasfalt. Wij zoeken een ploegbaas voor onze gietasfaltafdeling, bij voorkeur afkomstig uit regio Oost of West-Vlaanderen. Bedrijfsinfo De activiteiten van Mobilmat zijn specifiek gericht op het klein onderhoud en herstel van asfalt- en betonwegen. Naast de productie en de verkoop van “Vanmac” koudasfalt en de verdeling van een breed gamma aan onderhoudsproducten voor asfalt- en betonwegen (zoals o.a. gietasfaltsmelttegels, bitumenemulsies, voegvullingsproducten en steenslag) is Mobilmat verdeler in België van “Mesh Track” stalen wapeningsnetten voor Bekaert. De wegenwerken van Mobilmat zijn geschraagd op twee pijlers: het plaatsen van gekleurde wegdeksystemen en gietasfaltherstellingen. Bedrijfsinfo De activiteiten van Mobilmat zijn specifiek gericht op het klein onderhoud en herstel van asfalt- en betonwegen. Naast de productie en de verkoop van “Vanmac” koudasfalt en de verdeling van een breed gamma aan onderhoudsproducten voor asfalt- en betonwegen (zoals o.a. gietasfaltsmelttegels, bitumenemulsies, voegvullingsproducten en steenslag) is Mobilmat verdeler in België van “Mesh Track” stalen wapeningsnetten voor Bekaert. De wegenwerken van Mobilmat zijn geschraagd op twee pijlers: het plaatsen van gekleurde wegdeksystemen en gietasfaltherstellingen. Functie Je wordt tewerkgesteld als ploegbaas in de gietasfaltwerken (werven verspreid in Vlaanderen). Je bent verantwoordelijk voor het aansturen van jouw team en hebt overleg met de werfleiding. Je bent verantwoordelijk voor het correct uitvoeren van de gietasfaltwerken. Je vertrekt dagelijks met ",fr,https://www.stepstone.be/offres-d-emploi--Ploegbaas-gietasfalt-West-Vlaanderen-of-Oost-Vlaanderen-West-Vlaanderen-Belgie-Mobilmat-NV--2178232-inline.html,stepstone
2172121,Project Engineer Building,Jouw verantwoordelijkheden,4000 enthousiaste collega's Cultuur waar onze waarden courage,,,,"Pour les recruteurs Comparateur de salaire Mes Offres Se connecter Trouver un emploi Project Engineer Building Pfizer Puurs Contrat fixe à durée indéterminée Plein temps Publiée: il y a 3 heures Sauvegarder Project Engineer Building Pfizer Sauvegarder Bij Pfizer surfen we allemaal op dezelfde golf. Een golf van kwaliteit, veiligheid en innovatie die we samen op gang brengen. Met grote en kleine overwinningen, goed voor onszelf en de wereld. De weg ernaartoe is een ervaring, maar we geraken waar we moeten zijn door voor elke uitdaging een oplossing te vinden. De stroming ontstaat omdat we dingen doen die nog nooit eerder zijn gedaan. Omdat we geloven dat alles mogelijk is. We trekken elkaar erin mee, vanaf dag één. Op de afdeling Engineering werken we aan de nieuwe projecten op de site van Puurs. Deze projecten variëren gaande van nieuwe productie-installaties tot hoogbouwmagazijnen en nog veel meer. Naast uitbreidingen zetten we ook hard in op duurzaamheid en innovatie. Als Project Engineer Building ben je verantwoordelijk voor de bouwkundige uitwerking binnen deze projecten. Dit omvat het volledige pakket van een project: feasibility studies, detailed engineering, constructie, validatie en opstart van de installatie. Doorheen het ganse project is er een nauwe samenwerking met vele andere afdelingen zoals productie, onderhoud en QA. Jouw verantwoordelijkheden Op de afdeling Engineering werken we aan de nieuwe projecten op de site van Puurs. Deze projecten variëren gaande van nieuwe productie-installaties tot hoogbouwmagazijnen en nog veel meer. Naast uitbreidingen zetten we ook hard in op duurzaamheid en innovatie. Als Project Engineer Building ben je verantwoordelijk voor de bouwkundige uitwerking binnen deze projecten. Dit omvat het volledige pakket van een project: feasibility studies, detailed engineering, constructie, validatie en opstart van de installatie. Doorheen het ganse project is er een nauwe samenwerking met vele andere afdelingen zoals productie, onde",fr,https://www.stepstone.be/offres-d-emploi--Project-Engineer-Building-Puurs-Pfizer--2172121-inline.html,stepstone
2178218,Quality Engineer,Introductie,"Brugge Een vast contract in een boeiende, veelzijdige functie binnen een dynamische en groeiende organisatie. Ruimte voor professionele ontwikkeling en doorgroeimogelijkheden. Eend iverse en inclusieve werkomgeving waar respect en openheid centraal staan. Een competitief salaris met extralegale voordelen. Zet de volgende stap in je carri è re en draag bij aan een duurzame toekomst in de voedingsindustrie. Geïnteresseerd? MOWI BELGIUM 2 Jobs Stepstone Qui sommes-nous Espace Presse Devenez partenaire Candidat Carrière chez Stepstone Conseils de carrière FAQ Recruteur Pourquoi Stepstone Actualités recrutement Publier une annonce Recrutement international: THE NETWORK Restons en contact Donnez-nous votre avis Apps Déclaration de confidentialité Conditions d'utilisation Contactez-nous Conditions générales de vente THE NETWORK The Stepstone Group GmbH © 2025 Français",,,,"Pour les recruteurs Comparateur de salaire Mes Offres Se connecter Trouver un emploi Quality Engineer MOWI BELGIUM Brugge, België Publiée: il y a 4 heures Vous serez l’un des 1er candidats Sauvegarder Quality Engineer MOWI BELGIUM Sauvegarder Introductie Welkom bij Mowi Belgium, een toonaangevende speler in de visverwerkingsindustrie en trotse leverancier van hoogwaardige zalm. Bij Mowi streven we ernaar om duurzaamheid, kwaliteit en innovatie te integreren in alles wat we doen. Met onze diepe betrokkenheid bij de bescherming van onze oceanen en een focus op het leveren van de beste producten aan onze klanten, vormen we een essentiële schakel in de voedselvoorzieningsketen. Jouw verantwoordelijkheden Als Quality Engineer draag je bij aan het waarborgen van de hoogste kwaliteitsnormen binnen onze innovatieve productieomgeving. Je zorgt ervoor dat onze producten en processen niet alleen voldoen aan de verwachtingen, maar deze ook overtreffen. Vacature details Jouw verantwoordelijkheden Onderhouden en verder ontwikkelen van het kwaliteits- en HACCP-systeem. Verifi ë ren en valideren van processen, nieuwe producten en kwaliteitssystemen. Initi ë ren, co ö rdineren en opvolgen van kwaliteitsprojecten. Ondersteunen bij documentbeheer en CPA-beheer. Behandelen van consumentenklachten en interne afwijkingen. Ondersteunen van QC: analyseresultaten beoordelen en verbeteracties uitzetten. Uitvoeren van hygi ë ne-audits en begeleiden van interne en externe audits (klanten), inclusief corrigerende acties. Jouw profiel Bachelor of Master in microbiologie, chemie, voedingskunde of gelijkwaardig door ervaring. Grondige kennis van kwaliteitsstandaarden (IFS/ACS), HACCP en relevante wetgeving. Sterk inzicht in productieprocessen en kwaliteitsanalysemethoden. Gestructureerd, goed georganiseerd en probleemoplossend ingesteld. Goede communicatieve vaardigheden en het vermogen om groepen te begeleiden. Flexibel, hands-on en creatief, met oog voor verbetering. Ons aanbod Afdeling: Product",fr,https://www.stepstone.be/offres-d-emploi--Quality-Engineer-Brugge-Belgie-MOWI-BELGIUM--2178218-inline.html,stepstone
2174371,Sales Representative - Vlaams-Brabant,Jouw verantwoordelijkheden,3000 Leuven,,,,"Pour les recruteurs Comparateur de salaire Mes Offres Se connecter Trouver un emploi Sales Representative - Vlaams-Brabant Salonkee S.A. Leuven Contrat fixe à durée indéterminée Plein temps Publiée: il y a 1 heure Sauvegarder Sales Representative - Vlaams-Brabant Salonkee S.A. Sauvegarder Als toonaangevend Europees softwarebedrijf biedt Salonkee geavanceerde digitale oplossingen voor kappers- en schoonheidszaken, waarmee we de manier waarop ze werken transformeren. Onze missie is om de beauty- en wellnesssector te digitaliseren met een compleet pakket aan hoogwaardige softwaretools. Van gebruiksvriendelijke agenda’s en klantenbestanden tot naadloze online boekingssystemen en geïntegreerde kassasystemen – wij helpen salons hun processen te optimaliseren en een uitzonderlijke klantervaring te bieden. Word onderdeel van ons getalenteerde team als Sales Representative en draag bij aan de toekomst van deze dynamische sector. Bij Salonkee krijg je de kans om aan innovatieve projecten te werken, samen te werken met gepassioneerde professionals en een blijvende impact te maken. Jouw verantwoordelijkheden Je adviseert potentiële klanten op competente wijze over digitale oplossingen om hun bedrijfsprocessen te optimaliseren en hun potentieel maximaal te benutten. Je bent verantwoordelijk voor het volledige acquisietraject van nieuwe klanten voor Salonkee. Dit omvat het eerste contact, het inplannen van afspraken, het geven van demonstraties en het afsluiten van contracten. Je bent verantwoordelijk voor het geven van productpresentaties op locatie om de waarde van onze producten op een duidelijke manier over te brengen aan potentiële klanten. Je maakt gebruik van verschillende communicatiekanalen om potentiële klanten te benaderen en relaties op te bouwen. Jouw profiel Ervaring in een salesfunctie, inclusief cold calling en het bezoeken van prospects Sterke probleemoplossende vaardigheden en een creatieve mindset Vloeiend in het Nederlands en Engels Een echte self-starter Uits",fr,https://www.stepstone.be/offres-d-emploi--Sales-Representative-Vlaams-Brabant-Leuven-Salonkee-S-A--2174371-inline.html,stepstone
2172155,Team Leader Productie Nachtshift,Jouw verantwoordelijkheden,4000 enthousiaste collega's Cultuur waar onze waarden courage,,,,"Pour les recruteurs Comparateur de salaire Mes Offres Se connecter Trouver un emploi Team Leader Productie Nachtshift Pfizer Puurs Contrat fixe à durée indéterminée Plein temps Publiée: il y a 40 minutes Sauvegarder Team Leader Productie Nachtshift Pfizer Sauvegarder Bij Pfizer surfen we allemaal op dezelfde golf. Een golf van kwaliteit, veiligheid en innovatie die we samen op gang brengen. Met grote en kleine overwinningen, goed voor onszelf en de wereld. De weg ernaartoe is een ervaring, maar we geraken waar we moeten zijn door voor elke uitdaging een oplossing te vinden. De stroming ontstaat omdat we dingen doen die nog nooit eerder zijn gedaan. Omdat we geloven dat alles mogelijk is. We trekken elkaar erin mee, vanaf dag één. Je komt in een cultuur terecht waarbij ownership een essentieel kenmerk is. We willen vandaag uitblinken maar al denken aan morgen en daar pro-actief op inspelen. Bij Pfizer geloven we ook heel sterk in teamwerk. Om je werk te realiseren hebben we elkaar nodig, helpen we elkaar, dagen we elkaar uit en delen we kennis. ""Hoge kwaliteit"" is de rode draad in alles wat we doen. Jouw verantwoordelijkheden De functie situeert zich binnen de productie afdeling Blow-Fill-Seal met een totaal van 80 medewerkers. Dit is een farmaceutische productie afdeling waar oftalmische geneesmiddelen worden afgevuld in zelfgevormde plastic bottles, gesealed, gelektest en geïnspecteerd. BFS is een afdeling waar een hoge graad van automatisatie aanwezig is. In onze afdeling zijn er 5 lijnen die telkens bestaan uit een blow-fill-seal machine, een isolator voor toevoegen tip caps, een lektester en een inspectiemachine. Onze productiviteit vertaalt zich in ± 50 mio stuks/jaar. Als Team Leader draag jij de volgende verantwoordelijkheden: Je bent eindverantwoordelijke voor de operationele objectieven van het proces van afvullen, sealen, lektesten en inspecteren van oftalmische geneesmiddelen op vlak van veiligheid, kwaliteit, output en kost Je staat in voor de dagelijkse",fr,https://www.stepstone.be/offres-d-emploi--Team-Leader-Productie-Nachtshift-Puurs-Pfizer--2172155-inline.html,stepstone
2174049,Technicien Electromécanique,Introduction,1000 Bruxelles,,,,"Description du Le En tant que Technicien(ne), vos principales missions seront Réaliser le montage et le câblage d’ensembles mécaniques et électriques dans des véhicules militaires, selon des critères de fabrication exigeants Lire et interpréter les dossiers de fabrication et les plans d’intégration pour effectuer l’installation complète des équipements Souder des connecteurs pour antennes GPS et radios Effectuer de petites modifications mécaniques pour adapter les pièces aux contraintes d’intégration Travailler en étroite collaboration avec l’équipe projet et sous la supervision d’un chef d’équipe Participer à l’ensemble du processus d’intégration, étape par étape, au sein d’une équipe Votre profil Votre Formation technique (électromécanique, électricité, mécanique ou équivalent) Une première expérience en montage mécanique ou câblage dans un environnement normé Maîtrise de la lecture de plans et schémas de fabrication Expérience en soudure de connecteurs (atout) Autonomie, rigueur et esprit d’équipe Bon niveau de français – la connaissance de l’anglais technique est un plus Capacité à déplacer des charges légères (jusqu’à 60 kg avec assistance Informations L'engagement d'ALTEN Nos trois piliers d'engagement en faveur du développement durable L'approche d'ALTEN en matière de développement durable et de responsabilité sociale repose sur trois piliers fondamentaux : Humain Nous célébrons la riche diversité de nos employés, qui représentent plus de 100 nationalités. Notre engagement est de cultiver un environnement inclusif où chacun peut s'épanouir et apporter une contribution significative. Nous encourageons l'acquisition de compétences et soutenons activement nos talents dans leur développement personnel et professionnel. Environnement Notre mission est de minimiser notre impact environnemental tout en favorisant une croissance durable. Nous nous engageons à atteindre la neutralité carbone d'ici 2050, un objectif qui guide nos opérations et oriente nos initiatives stratégiques. Innovation durable Chez ALTEN, nous considérons les défis liés au développement durable comme des opportunités pour stimuler la recherche et l'innovation. Avec 31 % de notre R&D interne consacrée à l'innovation durable, nous sommes déterminés à transformer ces défis en solutions qui créent de la valeur ALTEN Consulting • 0-50 Employés 6 Critiques 3 Jobs Page Entreprise Localisation ALTEN 1000 Bruxelles, Belgique Afficher la carte Temps de trajet De: À: Via: En voiture Transports en commun À pied À vélo Calculer mon temps de trajet - - : - - Des offres d'emploi similaires 🚀 Offre d’emploi - Gestionnaire de Planning (H/F) Le chef d’orchestre de nos techniciens ! OCELEC SECURITY SYSTEMS SA Louvain-La-Neuve il y a 22 heures NOUVEAU Mécanicien - Technicien automobile (H/F/X) - BXL Keos Brussels Bruxelles il y a 3 jours Contremaître Entretien & Maintenance Immobilier social BinHôme scrl Bruxelles Télétravail possible il y a 4 jours Technisch medewerker/medewerkster Kanal Brussel il y a 11 heures NOUVEAU Test Automation Engineer Smals Brussel Télétravail possible il y a 5 jours Facility Engineer Smals Bruxelles Télétravail possible il y a 5 jours Functional Analyst - RIZIV Smals Brussel Télétravail possible il y a 5 jours Coordinateur Sécurité Chantiers (H/F/X) Vinçotte Bruxelles il y a 18 heures NOUVEAU Ingénieur Système Réseau Etnic - Fédération Wallonie Bruxelles Bruxelles il y a 1 jour Field Support Engineer - FR/NL - Bruxelles / Gent Talents4You N.V. Bruxelles il y a 1 semaine Stepstone Qui sommes-nous Espace Presse Devenez partenaire Candidat Carrière chez Stepstone Conseils de carrière FAQ Recruteur Pourquoi Stepstone Actualités recrutement Publier une annonce Recrutement international: THE NETWORK Restons en contact Donnez-nous votre avis Apps Déclaration de confidentialité Conditions d'utilisation Contactez-nous Conditions générales de vente THE NETWORK The Stepstone Group GmbH © 2025 Français",fr,https://www.stepstone.be/offres-d-emploi--Technicien-Electromecanique-Bruxelles-ALTEN--2174049-inline.html,stepstone
2178245,Vacature Hoofdverpleegkundige - WZC Ter Rooierheide,Introductie,3590 Diepenbeek,,,,"Pour les recruteurs Comparateur de salaire Mes Offres Se connecter Trouver un emploi Vacature Hoofdverpleegkundige - WZC Ter Rooierheide Korian Belgium NV Rooierheide, 3590 Diepenbeek, België Publiée: il y a 4 heures Vous serez l’un des 1er candidats Sauvegarder Vacature Hoofdverpleegkundige - WZC Ter Rooierheide Korian Belgium NV Sauvegarder Introductie Korian België is sinds 2005 actief in de residentiële zorg voor ouderen en kwetsbaren, alsook in de thuiszorg, thuisverpleging en thuiszorgwinkels. Elke dag staan 10.000 medewerkers in voor de zorg van meer dan 13.000 bewoners in 116 voorzieningen verspreid over gans België. Daarnaast werken er nog 600 medewerkers in de thuiszorg, waaronder een 150-tal zelfstandige verpleegkundigen in de thuisverpleging. Zorgjobs.beis dé gratis jobsite voor werkzoekenden in de zorgsector. Vind dagelijks duizenden jobs in de zorg voor verpleegkundigen, artsen, apothekers, kinesitherapeuten, zorgkundigen, zorgmanagers en andere zorgprofessionals . Solliciteer rechtstreeks bij ziekenhuizen, woonzorgcentra, thuisverpleging en zorgbedrijven met actuel zorgvacaturese voor vast of deeltijds werk in de gezondheidszorg. Wil je als eerste op de hoogte zijn van nieuwe zorgjobs ? Stel ee jobalertn in en ontvang dagelijks automatisch de meest relevant zorgvacaturese in je mailbox — volledig gratis. Jouw verantwoordelijkheden Je verzekert het goed functioneren van de afdeling binnen het woonzorgcentrum teneinde de kwaliteit van de opvang van de bewoners en de zorgverlening te optimaliseren, alsook de organisatie, coördinatie en continuïteit binnen de zorgverlening. Planning van het verplegend personeel Coördinerende functie bij de opname van nieuwe bewoners Beheer van de individuele zorgdossiers Beheer van de apotheek Instaan voor communicatie en informatie (intern en extern) Beheer van materiële middelen Meedraaien in het team Jouw profiel We zijn op zoek naar een collega met het hart op de juiste plaats en een passie voor ouderenzorg. Iemand di",fr,https://www.stepstone.be/offres-d-emploi--Vacature-Hoofdverpleegkundige-WZC-Ter-Rooierheide-Rooierheide-3590-Diepenbeek-Belgie-Korian-Belgium-NV--2178245-inline.html,stepstone
2178227,Vacature Zorgkundige - WZC Wijgmaalbroek ( alleen in het weekend),Introductie,3018 Leuven,,,,"Pour les recruteurs Comparateur de salaire Mes Offres Se connecter Trouver un emploi Vacature Zorgkundige - WZC Wijgmaalbroek ( alleen in het weekend) Korian Belgium NV Remy Alloingstraat 19, 3018 Leuven, België Publiée: il y a 4 heures Vous serez l’un des 1er candidats Sauvegarder Vacature Zorgkundige - WZC Wijgmaalbroek ( alleen in het weekend) Korian Belgium NV Sauvegarder Introductie Wij zoeken een zorgkundige met het hart op de juiste plaats! ???? Ben jij iemand die met passie en een glimlach voor ouderen zorgt? Hou je van een dynamische werkomgeving waar geen dag hetzelfde is? Dan ben jij de collega die we zoeken! . Bedankt voor je medewerking! Werken bij Korian it! Werken bij Korian betekent veel meer dan werken in de zorg. Het is in de eerste plaats bijdragen aan het welbevinden en de levenskwaliteit van oudere en kwetsbare mensen. Dat doen we met kwaliteitsvolle, warme en zinvolle ondersteuning, op alle vlakken. Met hart en ziel bieden we onze bewoners persoonsgerichte zorg en ondersteuning op maat. We hanteren daarbij het motto: ‘Hier zorgen wij voor u, in uw thuis!’ Vanuit onze ‘positive-care’ filosofie kiezen we voor levenskwaliteit: een visie waarbij we focussen op de persoonlijke wensen en mogelijkheden van de bewoners. Hun autonomie staat bij ons centraal: ze krijgen de kans om zelf te bepalen wat belangrijk is en waaraan ze deelnemen in het dagelijks leven. We willen dat onze bewoners waardig oud worden in hun nieuwe thuis en dat ze zich nuttig en waardevol voelen. Ze behouden daarbij zoveel mogelijk de regie over hun eigen leven. Korian België is sinds 2005 actief in de residentiële zorg voor ouderen en kwetsbaren, alsook in de thuiszorg, thuisverpleging en thuiszorgwinkels. Elke dag staan 10.000 medewerkers in voor de zorg van meer dan 13.000 bewoners in 116 voorzieningen verspreid over gans België. Daarnaast werken er nog 600 medewerkers in de thuiszorg, waaronder een 1: Maak een gratis account Zorgjobs.beis dé gratis jobsite voor werkzoekenden in",fr,https://www.stepstone.be/offres-d-emploi--Vacature-Zorgkundige-WZC-Wijgmaalbroek-alleen-in-het-weekend-Remy-Alloingstraat-19-3018-Leuven-Belgie-Korian-Belgium-NV--2178227-inline.html,stepstone
2178233,Vacature: tweede opbouwwerker voor Open Armen vzw (50% - bepaalde duur),Introductie,"Molenborre 18, 1500 Halle Je krijgt ondersteuning over nodige werkwijzen en kennis door een stafmedewerker van SAAMO Vlaams-Brabant. Andere tegemoetkomingen: woon-werk verkeer, gsm met belkrediet, eindejaarspremie, laptop ter beschikking Je krijgt opleidingen op maat van wat jij nodig hebt in deze job. SAAMO Vlaams-Brabant voert een gelijke kansenbeleid. Kwaliteiten van mensen zijn doorslaggevend, ongeacht hun sekse, afkomst of handicap. Hoe solliciteren? Saamo Vlaams-Brabant vzw 1 Job Stepstone Qui sommes-nous Espace Presse Devenez partenaire Candidat Carrière chez Stepstone Conseils de carrière FAQ Recruteur Pourquoi Stepstone Actualités recrutement Publier une annonce Recrutement international: THE NETWORK Restons en contact Donnez-nous votre avis Apps Déclaration de confidentialité Conditions d'utilisation Contactez-nous Conditions générales de vente THE NETWORK The Stepstone Group GmbH © 2025 Français",,,,"Pour les recruteurs Comparateur de salaire Mes Offres Se connecter Trouver un emploi Vacature: tweede opbouwwerker voor Open Armen vzw (50% - bepaalde duur) Saamo Vlaams-Brabant vzw Molenborre 18, 1500 Halle, België Publiée: il y a 4 heures Vous serez l’un des 1er candidats Sauvegarder Vacature: tweede opbouwwerker voor Open Armen vzw (50% - bepaalde duur) Saamo Vlaams-Brabant vzw Sauvegarder Introductie Ben je sociaal geëngageerd en vlot in omgang? Wil je aan de slag met volwassenen in een maatschappelijk kwetsbare positie te Halle? Stel je dan zeker kandidaat! Voor deze job zoeken wij een tweede opbouwwerker. Na onmiddellijke indiensttreding ga jij – samen met je collega Nathan – de Vereniging Waar Armen Het Woord Nemen Open Armen uitbouwen. Deze vereniging heeft 2 grote doelen: Enerzijds brengt ze mensen in armoede en mensen die niet in armoede leven bij elkaar. Voor ontmoeting, vorming, een uitstap, gezellige babbels, een maaltijd, …Dit noemen we de basiswerking . Anderzijds wil ze maatschappelijke structuren veranderen, drempels in kaart brengen, in gesprek gaan met beleid om de toegang tot hun rechten te vergroten. Dit is de beleidswerking . Daarom werken we samen met heel veel partners en zijn we blijvend op zoek naar mensen in armoede. Ook helpen heel veel vrijwilligers onze werking uitbouwen. Wat ga je doen? Je werkt in tandem met Nathan, waarbij vooral verantwoordelijk bent voor de basiswerkingjij , samen met de vrijwilligers en in samenwerking met partners. Ook zal je meewerken aan de 6 criteria . Wie ben jij? Je begrijpt wat achterstelling en sociale uitsluiting betekenen en hebt er voeling mee. Ervaring in het werken met mensen in deze context is een plus. Je hebt minimaal een bachelor diploma in sociale, sociaal-culturele of pedagogische richting of gelijkwaardig door ervaring. Je neemt initiatief, werkt zelfstandig en je kan ook in teamverband werken. Je bent goed in plannen en organiseren. Je bent een sterke netwerker . Kennis van het (Halse) sociale",fr,https://www.stepstone.be/offres-d-emploi--Vacature-tweede-opbouwwerker-voor-Open-Armen-vzw-50-bepaalde-duur-Molenborre-18-1500-Halle-Belgie-Saamo-Vlaams-Brabant-vzw--2178233-inline.html,stepstone
2178229,Vacature teamcoach op Graandreef 1 en 2,Introductie,9160 Lokeren,,,,"Pour les recruteurs Comparateur de salaire Mes Offres Se connecter Trouver un emploi Vacature teamcoach op Graandreef 1 en 2 Emiliani VZW 9160 Lokeren, België Publiée: il y a 4 heures Vous serez l’un des 1er candidats Sauvegarder Vacature teamcoach op Graandreef 1 en 2 Emiliani VZW Sauvegarder Introductie Ben jij op zoek naar een nieuwe uitdaging en wil je dit graag waarmaken binnen een warme en groeiende organisatie? Dan ben je bij Emiliani aan het goede adres! Als organisatie streven we naar het garanderen en verbeteren van de levenskwaliteit van onze cliënten op vlak van wonen, werken en vrije tijd. Weet je graag meer over onze visie en onze waarden? Lees meer via deze link . Werken als teamcoach Als teamcoach schep je een omgeving waarin jouw teamleden kunnen leren en groeien en waarin ze ook hun persoonlijke doelen kunnen waarmaken, terwijl zij de bedoeling van het werk voor ogen houden en het behalen van resultaten bewaken. Je balanceert tussen de verschillende rollen: : je zorgt dat het team het doel voor ogen houdt; dat het team werkt binnen de visie van Emiliani én dat het team elkaar vindt als collega’sLeider : je geeft collega’s de kans om te groeien en verantwoordelijkheden op te nemen afhankelijk van hun competenties; je biedt hen de ruimte die ze nodig hebben om te kunnen groeien in hun opdrachtManager : je zorgt ervoor dat jouw teamleden hun competenties inzetten en erop aangesproken worden; je geeft feedback op een open en constructieve manierCoach Als teamcoach ben je verantwoordelijk voor: Het voorbereiden en voorzitten van de teamvergadering Het behartigen van het uurrooster Het voeren van functionerings- en evaluatiegesprekken met jouw teamleden Het verbinden van jouw team met de brede organisatie en met externen Naast de rol van teamcoach draai je ook mee in de woning: Wat verwachten we van jou? Je bent in het bezit van een sociaal-agogisch bachelorsdiploma Je hebt minimaal 2 jaar dienstanciënniteit in de sector Wat kan jij van ons verwachten? J",fr,https://www.stepstone.be/offres-d-emploi--Vacature-teamcoach-op-Graandreef-1-en-2-9160-Lokeren-Belgie-Emiliani-VZW--2178229-inline.html,stepstone
2178250,Vertegenwoordiger West-Vlaanderen,Introductie,2025 Français,,,,"Pour les recruteurs Comparateur de salaire Mes Offres Se connecter Trouver un emploi Vertegenwoordiger West-Vlaanderen Climatrix Nv West-Vlaanderen, België Publiée: il y a 4 heures Vous serez l’un des 1er candidats Sauvegarder Vertegenwoordiger West-Vlaanderen Climatrix Nv Sauvegarder Introductie Ons team verwelkomt graag een geëngageerde climaat ter ondersteuning van de sales. Je collega’s houden zich het liefst bezig met het ontwerpen en installeren van innovatieve verwarmings- en koelsystemen. Jij daarentegen bent liever bezig met het uitbouwen en onderhouden van klantenrelaties, het liefst met HVAC-installateurs. Krijg je het warm bij de gedachte alleen al? Dan ben jij misschien de Sales Champ waar we bij Climatrix naar zoeken. Benieuwd hoe het is om bij Climatrix te werken? Sales Champ Kristof en Sales Driver Steven vertellen je er alles over. Wie is Climatrix? Duurzaam verwarmen en koelen dankzij innovatieve lagetemperatuursystemen voor vloeren, wanden en plafonds. Daar staan wij als comfort companions voor. Climatrix is een partner voor professionele installateurs met residentiële en niet-residentiële bouw- en renovatieprojecten die hun klanten maatgericht willen verder helpen en die voor elke mogelijke situatie een optimale oplossing willen bieden . Ontdek ons verhaalhttps://www.climatrix.be/ons-verhaal/op Werken als één van onze climaten Bij Climatrix worden collega’s maten. Climaten om precies te zijn. Mensen met expertise, die bezeten zijn door verwarmings- en koelingssystemen – of dit nog willen worden. Die meedenken, adviseren, helpen, stressbestendig en flexibel zijn. Professionals met een koel hoofd maar een warm hart. Climaten zijn fijne en warme collega’s. Die samen grote en kleine successen vieren, teambuildings organiseren, samen de kerstboom opzetten en het bouwverlof inzetten met avontuurlijke uitstappen. Collega’s die bijleren op de Climatrix Academy, hun kennis delen met elkaar én vooral ook zorg dragen voor elkaar. Stuk voor stuk gedreven com",fr,https://www.stepstone.be/offres-d-emploi--Vertegenwoordiger-West-Vlaanderen-West-Vlaanderen-Belgie-Climatrix-Nv--2178250-inline.html,stepstone
2178219,Wegenwachter - Brussel,Introductie,2025 Français,,,,"omschrijving Bedrijfsdetails Touring is een belangrijke speler in de wereld van de voortdurend evoluerende mobiliteit en dit zowel vandaag als morgen, in België of ver erbuiten. We informeren onze klanten en staan hen bij tijdens al hun verplaatsingen – ongeacht het vervoersmiddel – zodat hun mobiliteit een efficiënte maar vooral aangename ervaring is. We ontwikkelen toekomstgerichte multimodale bijstands-, service- & mobiliteitsoplossingen, steeds gericht op het menselijke aspect en innovatief karakter. Spreekt onze missie jou aan? Aarzel dan niet en maak deel uit van ons team als Wegenwachter voor de regio Brussel . Jouw verantwoordelijkheden Functie Verantwoordelijkheden als wegenwachter: Na ontvangst van de pechmelding via dispatching , rijd je naar de klant om deze zo snel mogelijk te helpen. Je lokaliseert op een snelle en efficiënte manier problemen, stelt een correcte diagnose, depanneert en je biedt technische en praktische oplossingen met als doel de mobiliteit van de klant te verzekeren. Afhankelijk van de aard van de panne - mechanisch, elektronisch of andere – herstel je het voertuig of zorg je voor een vervangwagen of een sleping rekening houdend met de algemene voorwaarden die van toepassing zijn. Eens alle gegevens van de pechverhelping zorgvuldig in de computer ingebracht, rijd je naar je volgende tussenkomst. Je klantvriendelijke aanpak zorgt voor betrouwbaarheid bij onze klanten; je commerciële gedrevenheid voor de rentabiliteit van onze wegendienst. Dankzij een vlotte communicatie tussen jou en de collega’s van dispatching en de bijstandscentrale bouw je mee aan de uitstekende reputatie van Touring. Profiel Onze ideale nieuwe collega wegenwachter of takelaar... Kan zich terugvinden in onze waarden : Menselijk, Betrouwbaar, Positief en Innovatief en leeft daar ook daadwerkelijk naar; Beschikt over een diploma automechanica, elektromechanica . Heb je een andere opleiding achter de rug, maar beschik je over de nodige ervaring? Dan ben je uiteraard ook welkom; Heeft reeds enkele jaren ervaring als automechanieker, wegenwachter, pechverhelper ...; Is in het bezit van minstens een rijbewijs B (C/CE is een plus) ; Heeft een goede kennis van of ervaring met auto-elektriciteit, automechanica & hybride wagens en is bereid om zich te verdiepen in nieuwe technologieën; Hebt een goede kennis van het Frans of Nederlands met kennis van de andere taal (Frans of Nederlands). Werkt snel, nauwkeurig en is commercieel maar vooral klantgericht ingesteld ; Hebt goede sociale vaardigheden, communiceert goed en houdt van klantenrelaties ; Kan omgaan met de gevraagde flexibilieit in deze job: bereid te werken in een shiftsysteen tussen 7u en 22u30 (maandag tot zaterdag). Ons aanbod Aanbod Waarom bij Touring werken? Touring biedt jou een boeiende functie aan met ruimte voor initiatief in een informele werksfeer. contract van bepaalde duur van 1 jaar (met optie vast indien positieve evaluatie), Een aantrekkelijk salaris aangevuld met diverse extralegale voordelen (groeps- en hospitalisatieverzekering,eco-cheques, premies,...). Je zal voor een succesvolle marktleider werken, die de nodige opleidingen en doorgroeimogelijkheden voorziet dankzij regelmatige coaching op de werkvloer. Touring 8 Critiques 1 Job Stepstone Qui sommes-nous Espace Presse Devenez partenaire Candidat Carrière chez Stepstone Conseils de carrière FAQ Recruteur Pourquoi Stepstone Actualités recrutement Publier une annonce Recrutement international: THE NETWORK Restons en contact Donnez-nous votre avis Apps Déclaration de confidentialité Conditions d'utilisation Contactez-nous Conditions générales de vente THE NETWORK The Stepstone Group GmbH © 2025 Français",fr,https://www.stepstone.be/offres-d-emploi--Wegenwachter-Brussel-Brussel-Belgie-Touring--2178219-inline.html,stepstone
2178246,Advertising Specialist,Introductie,Contract: Start Eind The Maffia 1 Job Stepstone Qui sommes-nous Espace Presse Devenez partenaire Candidat Carrière chez Stepstone Conseils de carrière FAQ Recruteur Pourquoi Stepstone Actualités recrutement Publier une annonce Recrutement international: THE NETWORK Restons en contact Donnez-nous votre avis Apps Déclaration de confidentialité Conditions d'utilisation Contactez-nous Conditions générales de vente THE NETWORK The Stepstone Group GmbH © 2025 Français,,,,"Pour les recruteurs Comparateur de salaire Mes Offres Se connecter Trouver un emploi Advertising Specialist The Maffia 3600 Genk, België Publiée: il y a 4 heures Vous serez l’un des 1er candidats Sauvegarder Advertising Specialist The Maffia Sauvegarder Introductie The Maffia en een agency zijn op zoek naar een Advertising Specialist. Je functie: We willlen groeien binnen het domein van SEA en hebben iemand nodig om daar de leiding in te nemen. Je kickt op lead generation. Je monitort, analyseert, rapporteert al jouw en onze inspanningen. Samen met ons marketing team neem je verantwoordelijkheid over onze marketingcocktail. Je haalt het maximum uit het budget om knappe realisaties te bereiken. Je profiel: Ervaring: Beschikbaarheid: Talen: Google mag misschien alles van jou weten, jij weet ook alles over Google. Ervaring als SEA-marketeer is onontbeerlijk. Ofwel heb je al uitgebreide kennis ofwel ben je ongelooflijk gemotiveerd om te tonen wat je nu op jonge(re) leeftijd al kan. Je kan gebruik maken van onze tools, maar zelf ga je natuurlijk ook op zoek naar wat beter kan binnen jouw en onze campagnes. Mocht je ervaring hebben met marketing automation tools zoals Sharpspring, Hubspot of andere, dan zou dat een onverwachte troef zijn! Zelfstandig werken schrikt je niet af, je bijt je namelijk graag vast in zaken en bent gefocust op oplossingen. Uiteraard blijft communicatie binnen het team essentieel. Hier durf je slimme vragen te stellen om samen tot het beste resultaat te komen. Ons aanbod Locatie: Contract: Start Eind The Maffia 1 Job Stepstone Qui sommes-nous Espace Presse Devenez partenaire Candidat Carrière chez Stepstone Conseils de carrière FAQ Recruteur Pourquoi Stepstone Actualités recrutement Publier une annonce Recrutement international: THE NETWORK Restons en contact Donnez-nous votre avis Apps Déclaration de confidentialité Conditions d'utilisation Contactez-nous Conditions générales de vente THE NETWORK The Stepstone Group GmbH © 2025 Français",fr,https://www.stepstone.be/offres-d-emploi--Advertising-Specialist-3600-Genk-Belgie-The-Maffia--2178246-inline.html,stepstone
2178215,BEGELEIDERS VOOR- EN/OF NASCHOOLSE OPVANG IN HAACHT,Introductie,3150 Haacht,,,,"Pour les recruteurs Comparateur de salaire Mes Offres Se connecter Trouver un emploi BEGELEIDERS VOOR- EN/OF NASCHOOLSE OPVANG IN HAACHT IGO 3150 Haacht, België Publiée: il y a 4 heures Vous serez l’un des 1er candidats Sauvegarder BEGELEIDERS VOOR- EN/OF NASCHOOLSE OPVANG IN HAACHT IGO Sauvegarder Introductie IGO is als één van de belangrijkste intergemeentelijke verenigingen van de referentieregio Oost-Brabant een betrouwbare partner voor de lokale besturen en hun inwoners, een sociale werkgever en een vitale kracht achter de socio-economische ontwikkeling van de streek. Ruim 230 medewerkers ontwikkelen en verlenen duurzame, maatschappelijk relevante en kwaliteitsvolle diensten. Werken bij IGO is kiezen voor een boeiende en waardevolle job waarin je het verschil kan maken voor mens en regio. Je komt terecht in een team dat is samengesteld op basis van competenties en talenten, ongeacht leeftijd, genderidentiteit, afkomst, levensbeschouwing of beperking. We zijn momenteel op zoek naar: deeltijds - met aanleg werfreserve Takenpakket Je begeleidt de voor- en/of naschoolse kinderopvang in Haacht. Je zorgt voor een veilige, aangename en kwaliteitsvolle opvang van kleuters en lagereschoolkinderen. Je animeert kinderen en bezorgt hen een leuke tijd. Indien nodig breng je structuur aan en los je conflicten op. Je voert administratieve opdrachten nauwkeurig uit. Jouw Profiel Je bent flexibel. Je bent bereid om voor- en/of naschools te werken. Je investeert in een goede en professionele samenwerking met je team. Je hebt verantwoordelijkheidszin en bent enthousiast. Geen aangepast diploma? Geen probleem, we geven iedereen een kans en voorzien opleidingen. Aanbod Wij bieden een verloning barema IFIC11 voor buitenschoolse kinderopvang. Bruto aanvangsloon voor een tewerkstelling van 38u/week: € 2835,18. IGO neemt tot 9 jaar relevante anciënniteit mee uit de privésector. Het brutoloon met erkenning van 9 jaar relevante anciënniteit bedraagt: €3261,38. Bovenstaande bedragen diene",fr,https://www.stepstone.be/offres-d-emploi--BEGELEIDERS-VOOR-EN-OF-NASCHOOLSE-OPVANG-IN-HAACHT-3150-Haacht-Belgie-IGO--2178215-inline.html,stepstone
2178184,Business Manager - Head of Division,Introductie,2025 Français,,,,"Pour les recruteurs Comparateur de salaire Mes Offres Se connecter Trouver un emploi Business Manager - Head of Division Headit bv WILLEBROEK Publiée: il y a 4 heures Vous serez l’un des 1er candidats Sauvegarder Business Manager - Head of Division Headit bv Sauvegarder Introductie Ben jij een sterke people manager met een strategische blik en commerciële feeling? Voor een internationale organisatie in de logistieke sector, regio Willebroek, zijn wij op zoek naar een ervaren manager die een afdeling van ca. 20 medewerkers leidt en verder uitbouwt. Je combineert leiderschap en visie met de drive om resultaten te boeken en teams mee te krijgen in een helder verhaal. Jouw rol Je geeft leiding aan een afdeling met meerdere teams en supervisors, samen goed voor ongeveer 20 medewerkers. Je stuurt de supervisors aan, ondersteunt hen in hun rol, en zorgt voor een duidelijke structuur en efficiënte samenwerking. Je vertaalt de strategische doelstellingen van de organisatie naar concrete plannen en rapportages. Je neemt een voortrekkersrol op in het verder ontwikkelen van de afdeling: je bouwt mee aan een sterker marktverhaal en zoekt actief naar verbeterkansen. Je bent verantwoordelijk voor de financiële resultaten van de afdeling (P&L) en werkt aan verdere groei en rendabiliteit. Je combineert people management met business development: je begrijpt de noden van klanten, denkt mee in oplossingen en speelt in op toekomstige trends. Wat breng je mee? Minstens 5 jaar leidinggevende ervaring, idealiter met teams van 10–20 medewerkers. Sterke skills in people management: je bent een inspirerende leider die draagvlak creëert, conflicten oplost en teams motiveert. Strategische denker die ook rapportages en cijfers kan vertalen naar duidelijke acties. Commerciële feeling: ervaring in een commerciële of klantgerichte rol is een grote plus. Talenkennis: vlot Nederlands en Engels. Frans is een troef. Bachelor- of gelijkwaardig denkniveau. Headit bv 11 Jobs Stepstone Qui sommes-nous Esp",fr,https://www.stepstone.be/offres-d-emploi--Business-Manager-Head-of-Division-WILLEBROEK-Headit-bv--2178184-inline.html,stepstone
2178234,Chauffeur ADR - Wondelgem,Jouw rol,9032 Gent,,,,"Pour les recruteurs Comparateur de salaire Mes Offres Se connecter Trouver un emploi Chauffeur ADR - Wondelgem Denys Wondelgem, 9032 Gent, België Publiée: il y a 4 heures Vous serez l’un des 1er candidats Sauvegarder Chauffeur ADR - Wondelgem Denys Sauvegarder Jouw rol Ga jij op baan naar onze werven? Wij zijn Denys, een toonaangevend internationaal bouwbedrijf, en wij zijn op zoek naar gemotiveerde chauffeurs voor de bediening van een dieseltankwagen . Ben jij graag op baan en steek je graag de handen uit de mouwen? Lees dan zeker verder! Wat ga je doen? Bevoorrading van werven: Efficiënt plannen: Uitdagende omstandigheden: Weer of geen weer: Jouw profiel Jouw profiel Wat verwachten we van jou? Je bent georganiseerd en kan makkelijk plannen lezen. Je hebt idealiter ervaring met 4x4 vrachtwagens . Je beschikt over een geldig rijbewijs C en een ADR-certificaat . Je bent niet bang voor fysiek werk en voelt je thuis in een werkomgeving waar elke dag anders is. Flexibiliteit: Je bent zelfstandig, betrouwbaar en weet hoe je prioriteiten moet stellen . Je spreekt Nederlands, Frans of Engels Je kan je vlot verplaatsen naar onze hoofdzetel te Wondelgem. Ons aanbod Bij Denys steken we de handen uit de mouwen en durven we dromen. Samen sterk op de werf en daarbuiten. Je blijft groeien. Of je nu net begint of al jaren meedraait: bij Denys krijg je kansen om bij te leren en door te groeien. We zorgen voor een degelijke opstart, opleiding op maat en doorgroeimogelijkheden. Hier krijg je kansen als je ze grijpt. En we zorgen voor jou. Klaar om mee te bouwen aan projecten waar je trots op kan zijn? Join the Do-Dreamers! Denys 3 Jobs Stepstone Qui sommes-nous Espace Presse Devenez partenaire Candidat Carrière chez Stepstone Conseils de carrière FAQ Recruteur Pourquoi Stepstone Actualités recrutement Publier une annonce Recrutement international: THE NETWORK Restons en contact Donnez-nous votre avis Apps Déclaration de confidentialité Conditions d'utilisation Contactez-nous Conditio",fr,https://www.stepstone.be/offres-d-emploi--Chauffeur-ADR-Wondelgem-Wondelgem-9032-Gent-Belgie-Denys--2178234-inline.html,stepstone
2178231,Consulent dienstencheques - westerlo/lier - tijdelijk,Introductie,2260 Westerlo,,,,"Pour les recruteurs Comparateur de salaire Mes Offres Se connecter Trouver un emploi Consulent dienstencheques - westerlo/lier - tijdelijk Helan Huishoudhulp Vzw 2260 Westerlo, België Publiée: il y a 4 heures Vous serez l’un des 1er candidats Sauvegarder Consulent dienstencheques - westerlo/lier - tijdelijk Helan Huishoudhulp Vzw Sauvegarder Introductie Helan Huishoudhulp biedt meer dan alleen poetshulp. Met 4200 huishoudhulpen en 25.000 klanten verspreid over heel Vlaanderen maken we dagelijks een verschil in het leven van mensen. In regio Westerlo/Lier krijg je als Consulent Dienstencheques de kans om die impact nog groter te maken. Samenbrengen van huishoudhulpen en klanten vormt de kern van jouw werk. Onze dynamische werkomgeving laat jouw talenten schitteren. Binnen een warme en open bedrijfscultuur krijg je de ruimte om te groeien, bij te leren en écht iets te betekenen voor anderen. Dit maakt je job zo waardevol \\\""Bij Helan zijn er zoveel doorgroeimogelijkheden,\\\"" zegt Matthias, Consulent bij Helan Huishoudhulp. \\\""Ik startte als klantenadviseur en werk nu als consulent. Jouw verantwoordelijkheden Het geeft me een kick als ik de perfecte match maak tussen een huishoudhulp en een klant, zeker als de persoonlijke klik er ook is. Wat deze job uniek maakt, is het contact met huishoudhulpen van diverse achtergronden, zoals Bulgaars, Roemeens en Afghaans. Het geeft zoveel voldoening om niet alleen klanten te helpen, maar ook huishoudhulpen aan werk te helpen.\\\"" Hier zet jij graag je tanden in Na een gedegen inwerkperiode draag je de verantwoordelijkheid voor een team van ongeveer 65 huishoudhulpen en hun klanten. Met jouw leiderschap en organisatietalent zorg je voor tevreden medewerkers én klanten. We zoeken een gemotieveerde collega. Motiveren en coachen: * Inspireer je team om topprestaties te leveren. * Geef gerichte feedback en ontwikkel hen via opleidingen. * Werk aan meer zelfstandigheid bij huishoudhulpen, zodat zij klanten goed ondersteunen. Plannin",fr,https://www.stepstone.be/offres-d-emploi--Consulent-dienstencheques-westerlo-lier-tijdelijk-2260-Westerlo-Belgie-Helan-Huishoudhulp-Vzw--2178231-inline.html,stepstone
2175133,Dossierbeheerder,Jouw verantwoordelijkheden,"Bree Jouw verantwoordelijkheden Wat houdt de functie in? In deze rol beheer je een gevarieerd klantenportfolio van a tot z. Je bent verantwoordelijk voor onder meer: De voorbereiding en indiening van btw-aangiftes, personen- en vennootschapsbelasting Het verwerken en controleren van boekhoudkundige documenten De opmaak van tussentijdse balansen en jaarafsluitingen Het digitaal bijhouden van dossiers en efficiënt gebruik van boekhoudsoftware Rechtstreeks contact met klanten bij vragen of opvolging Heb je ambitie om eindbesprekingen te voeren? Dan krijg je hier zeker de kans toe - maar het is geen must. Jouw profiel Wie zoeken we? We zijn op zoek naar iemand met: Een bachelor of master in accountancy en/of fiscaliteit Minstens 3 jaar ervaring in een boekhoud- of accountantskantoor Een gezonde dosis zelfstandigheid en collegialiteit Een nauwkeurige, gestructureerde werkhouding Kennis van Build to Box, Expert M, Exact Online en/of Silverfin is een pluspunt Je bent klantgericht, vlot in communicatie, en denkt proactief mee met ondernemers. Ons aanbod Wat mag jij verwachten? Een voltijdse functie in een stabiel en professioneel kantoor met een familiale sfeer Flexibele werktijden en mogelijkheid tot deels thuiswerken Overuren worden gerecupereerd - jouw work-life balans is belangrijk Parkeergelegenheid en vlot bereikbare locatie Ruimte om te groeien in je rol, met ondersteuning waar nodig Een team van zes collega's die graag samenwerken én plezier maken Ben jij toe aan een nieuwe uitdaging binnen een kleiner maar kwalitatief sterk kantoor waar je echt het verschil kan maken? Austin Bright Andere sectoren • 11-50 Employés 115 Jobs Page Entreprise Localisation Austin Bright 3960 Bree, België Afficher la carte Temps de trajet De: À: Via: En voiture Transports en commun À pied À vélo Calculer mon temps de trajet - - : - - Des offres d'emploi similaires Accountant | Inzet op automatisering Sander Antwerpen Hasselt il y a 5 jours dossierbeheerder | Focus op klantencontact Sander Antwerpen Leopoldsburg Télétravail possible il y a 5 jours Dossierbeheerder | Uitdagende dossiers, warme cultuur Sander Antwerpen Maaseik Télétravail possible il y a 5 jours Accountant AY Robert Half Genk il y a 5 jours Junior Dossierbeheerder Robert Half Hasselt Télétravail possible il y a 5 jours Medewerker Boekhouding Robert Walters Genk il y a 3 jours Dossierbeheerder A-Z Austin Bright Peer il y a 5 jours Dossierbeheerder | Groei mee in een dynamisch team Sander Antwerpen Oudsbergen Télétravail possible il y a 5 jours Accountant | Groei mee in een ambitieuze omgeving Sander Antwerpen Sint-Truiden Télétravail possible il y a 5 jours Dossierbeheerder gezocht… kantoorhond keurt sollicitanten goed! Austin Bright Zutendaal Télétravail possible il y a 5 jours Stepstone Qui sommes-nous Espace Presse Devenez partenaire Candidat Carrière chez Stepstone Conseils de carrière FAQ Recruteur Pourquoi Stepstone Actualités recrutement Publier une annonce Recrutement international: THE NETWORK Restons en contact Donnez-nous votre avis Apps Déclaration de confidentialité Conditions d'utilisation Contactez-nous Conditions générales de vente THE NETWORK The Stepstone Group GmbH © 2025 Français",,,,"Pour les recruteurs Comparateur de salaire Mes Offres Se connecter Trouver un emploi Dossierbeheerder Austin Bright Bree Contrat fixe à durée indéterminée Plein temps, Télétravail possible Publiée: il y a 7 heures Vous serez l’un des 1er candidats Sauvegarder Dossierbeheerder Austin Bright Sauvegarder Hou jij van structuur, cijfers én een gezellige werksfeer? Wil je méér zijn dan zomaar een schakel in een groot kantoor? Dan is deze job op jouw lijf geschreven! Voor een familiaal en modern accountancykantoor zoeken we een dossierbeheerder die energie krijgt van klantencontact, slimme fiscale oplossingen en een goed georganiseerd digitaal dossier. Hier ben je geen nummertje, maar een belangrijke schakel in een hecht team waar jouw expertise écht telt. Je komt terecht in een kantoor waar kwaliteit hand in hand gaat met collegialiteit, flexibiliteit en plezier in je werk. Locatie: Bree Jouw verantwoordelijkheden Wat houdt de functie in? In deze rol beheer je een gevarieerd klantenportfolio van a tot z. Je bent verantwoordelijk voor onder meer: De voorbereiding en indiening van btw-aangiftes, personen- en vennootschapsbelasting Het verwerken en controleren van boekhoudkundige documenten De opmaak van tussentijdse balansen en jaarafsluitingen Het digitaal bijhouden van dossiers en efficiënt gebruik van boekhoudsoftware Rechtstreeks contact met klanten bij vragen of opvolging Heb je ambitie om eindbesprekingen te voeren? Dan krijg je hier zeker de kans toe - maar het is geen must. Jouw profiel Wie zoeken we? We zijn op zoek naar iemand met: Een bachelor of master in accountancy en/of fiscaliteit Minstens 3 jaar ervaring in een boekhoud- of accountantskantoor Een gezonde dosis zelfstandigheid en collegialiteit Een nauwkeurige, gestructureerde werkhouding Kennis van Build to Box, Expert M, Exact Online en/of Silverfin is een pluspunt Je bent klantgericht, vlot in communicatie, en denkt proactief mee met ondernemers. Ons aanbod Wat mag jij verwachten? Een voltijdse functie in",fr,https://www.stepstone.be/offres-d-emploi--Dossierbeheerder-Bree-Austin-Bright--2175133-inline.html,stepstone
2178228,Ervaren Elektricien,Jouw verantwoordelijkheden,9032 Gent,,,,"Pour les recruteurs Comparateur de salaire Mes Offres Se connecter Trouver un emploi Ervaren Elektricien Denys Wondelgem, 9032 Gent, België Publiée: il y a 4 heures Vous serez l’un des 1er candidats Sauvegarder Ervaren Elektricien Denys Sauvegarder Jouw verantwoordelijkheden Jouw rol Als ervaren elektricien ben jij een onmisbare schakel in onze projecten. Je taken bestaan uit twee grote luiken: In onze werkplaats in Wondelgem houd je je bezig met het bouwen van schakelkasten en het oplossen van storingen in machines. Daarnaast voer je controles uit op sensoren en meetinstrumenten via testopstellingen. Je bent in staat om, zelfs bij onbekende machines, fouten te detecteren aan de hand van een schema. Op locatie ben je verantwoordelijk voor het plaatsen van werfkasten en het herstellen van elektrisch materiaal na defecten of schade. Je streeft er steeds naar om de snelste en beste oplossing te vinden voor eventuele storingen in machines. Jouw profiel Je beschikt over een A2 diploma en hebt minimum 10 jaar ervaring als elektricien in industriële en/of residentiële elektriciteit Je kan onderhoud en herstellingen uitvoeren aan elektrische installaties Je spreekt Nederlands; kennis van Frans en/of Engels is een pluspunt Je hebt een rijbewijs B Je bent betrouwbaar en kan zowel zelfstandig als in teamverband werken Fysieke arbeid, werken in putten en op hoogte schrikken je niet af Ons aanbod Bij Denys steken we de handen uit de mouwen en durven we dromen. Samen sterk op de werf en daarbuiten. Je blijft groeien. Of je nu net begint of al jaren meedraait: bij Denys krijg je kansen om bij te leren en door te groeien. We zorgen voor een degelijke opstart, opleiding op maat en doorgroeimogelijkheden. Hier krijg je kansen als je ze grijpt. En we zorgen voor jou. . Klaar om mee te bouwen aan projecten waar je trots op kan zijn? Join the Do-Dreamers! Denys 3 Jobs Stepstone Qui sommes-nous Espace Presse Devenez partenaire Candidat Carrière chez Stepstone Conseils de carrière FAQ Rec",fr,https://www.stepstone.be/offres-d-emploi--Ervaren-Elektricien-Wondelgem-9032-Gent-Belgie-Denys--2178228-inline.html,stepstone
2178221,Ervaren PLC Engineer,Introductie,2025 Français,,,,"Pour les recruteurs Comparateur de salaire Mes Offres Se connecter Trouver un emploi Ervaren PLC Engineer EQUANS Gent, België Publiée: il y a 4 heures Vous serez l’un des 1er candidats Sauvegarder Ervaren PLC Engineer EQUANS Sauvegarder Introductie Wat als je met jouw passie voor automatisatie boeiende projecten kon realiseren? Gezien onze groei zoeken we een PLC Engineer Industrial Automation . Jouw verantwoordelijkheden In deze rol ben je verantwoordelijk voor het realiseren van projecten bij één van onze klanten. Je bent verantwoordelijk voor het beheren en coördineren van automatiseringsprojecten van ontwerp tot oplevering. Je bent actief binnen Process Solutions, dit is binnen Equans het toonaangevende departement voor industriële automatisering. Jouw werklocatie Wat ga je doen? bestuderen van een bestaande situatie en tot een correcte functionele analyse komen instaan voor het technische detailontwerp en de softwareontwikkeling van projecten instaan voor het testen van de software, de indienstname van de systemen en verzorgen van de stand-by instaan voor een adequate documentatie van de projecten (pro)actief meedenken over de standaardisatie van de processen bijstand en advies leveren aan klanten na de oplevering van de installatie Wat breng je mee? je hebt een hoger technisch diploma op zak met min. 3 jaar ervaring in industriële automatisatie ervaring in de Automotive is een plus je hebt kennis van elektromechanica en een passie voor automatisatie je hebt goede kennis van PLC Siemens S7 300, 400, 1500, TIa Portal je hebt goede kennis van HMI: SCADA, Siemens WinCC persoonlijke drive en zelfstandig ondernemerschap zijn typerend voor jou je bent een teamspeler met sterke communicatieve vaardigheden je bent in het bezit van een rijbewijs B Ons aanbod Zin om mee te werken aan de multitechnische uitdagingen van morgen? Bij Equans vind je een boeiende carrière in een stabiel en financieel gezond bedrijf. Je werkt aan uitdagende, gevarieerde projecten en helpt onze ",fr,https://www.stepstone.be/offres-d-emploi--Ervaren-PLC-Engineer-Gent-Belgie-EQUANS--2178221-inline.html,stepstone
2173531,Facility Coordinator (réserve de recrutement),Vos responsabilités,1000 Brussels,,,,"Pour les recruteurs Comparateur de salaire Mes Offres Se connecter Trouver un emploi Facility Coordinator (réserve de recrutement) Sodexo België Bruxelles Contrat fixe à durée indéterminée Plein temps Publiée: il y a 40 minutes Vous serez l’un des 1er candidats Sauvegarder Facility Coordinator (réserve de recrutement) Sodexo België Sauvegarder Tout commence au quotidien ! En tant que leader du marché belge des services de restauration et des services facilitaires, nous contribuons à un avenir durable, à un impact positif sur l'environnement et à un environnement de travail sûr pour tous nos collaborateurs grâce à nos valeurs fondamentales que sont l'esprit d'équipe, l'esprit de service et l'esprit de progrès. Vos responsabilités Assurez un environnement de travail où tout fonctionne parfaitement. Êtes-vous un talent organisationnel avec un œil pour la qualité et le service ? Alors ce poste est fait pour vous ! En tant que Facility Coordinator, vous jouez un rôle clé dans la gestion quotidienne de nos services facilitaires et contribuez à un lieu de travail agréable, sûr et bien organisé. Facility Requests : Vous soutenez le FM Manager et traitez les demandes liées aux facilities avec soin et efficacité. Vous assurez un suivi qualitatif et un service fluide. Équipe : Vous dirigez l’équipe Cleaning. Vous les motivez et les coachez pour offrir ensemble un service de qualité. Vous êtes également un véritable teamplayer pour vos collègues directs. Rapportage & Gestion : Vous êtes responsable de l’administration quotidienne : planning, facturation, commandes. Vous travaillez aisément avec les outils informatiques et gardez une vue d’ensemble claire. Sécurité avant tout : Vous adoptez une zero risk mindset et ne prenez aucun risque en matière de sécurité — ni pour vous-même, ni pour vos collègues. Votre profil Vous êtes titulaire d’un diplôme de bachelier ou équivalent grâce à une expérience pertinente dans une fonction similaire. Vous êtes bilingue français-néerlandais. G",fr,https://www.stepstone.be/offres-d-emploi--Facility-Coordinator-reserve-de-recrutement-Brussels-Sodexo-Belgie--2173531-inline.html,stepstone
2178248,Inside Sales Engineer,Introductie,2025 Français,,,,"Pour les recruteurs Comparateur de salaire Mes Offres Se connecter Trouver un emploi Inside Sales Engineer TURCK MULTIPROX N.V. Aalst, België Publiée: il y a 4 heures Vous serez l’un des 1er candidats Sauvegarder Inside Sales Engineer TURCK MULTIPROX N.V. Sauvegarder Introductie Ben jij technisch ingesteld en hou je ervan om klanten te helpen? Dan hebben wij goed nieuws voor jou! Bij Turck Multiprox zijn we namelijk op zoek naar een nieuwe medewerker die onze technische commerciële binnendienst kan versterken. Ik ben geïnteresseerd! Enkele taken die je te wachten staan: Je informeert de klanten over onze producten en applicaties. Je beantwoordt hun vragen over onze producten en prijzen. Je stelt offertes op met de producten die deel uitmaken van onze “core business”. Je geeft onze klanten professioneel advies. Je onderhoudt nauwe contacten met onze Duitse moederfirma en andere leveranciers. Bovendien maak je deel uit van een hechte ploeg en rapporteer je jouw resultaten aan de Internal Sales Verantwoordelijke. Dit verwachten wij van jou: Je bent in het bezit van een diploma Hoger Technisch Onderwijs en gespecialiseerd in elektriciteit, elektronica of elektromechanica. Je bent resultaat- en taakgericht en toont initiatief. Je bent Nederlandstalig, met een voldoende kennis van het Frans, en spreekt een aardig mondje Engels en/of Duits. Je bent organisatorisch ingesteld en bovendien een echte teamplayer. Je woont binnen een straal van ongeveer 30 km van onze vestiging in Aalst. Kennis van industriële automatisatie is een pluspunt. Dit mag je van ons verwachten: AalstFull time Een competitief en marktconform salaris, aangevuld met extralegale voordelen. Grote afwisseling en variatie binnen je job. Een enthousiast jong en ervaren team. Opleidingen in de wereld van de industriële automatisering. Jouw toekomstige collega’s aan het woord! Bij het zoeken naar een nieuwe job is het belangrijk om te weten hoe het er écht aan toe gaat op de werkvloer. Jelle vertelt je graag ove",fr,https://www.stepstone.be/offres-d-emploi--Inside-Sales-Engineer-Aalst-Belgie-TURCK-MULTIPROX-N-V--2178248-inline.html,stepstone
2178182,Junior Embedded Software Engineer - Machine Learning,Introduction,2022 the U,,,,"job description sketches the context in which you will work, rather than listing preconditions for the job. In our health solutions team at NXP Leuven we want to capture the strong market growth in IC's for hearing, hearables, wearables and personal health monitoring applications. To that end, we offer challenging opportunities for young SW engineers that want to dive into a deep understanding of DSP architectures and neural network topologies that are used for machine learning operations in applications with low power constraints ('on the edge'). You will be given the chance to learn and contribute to an end-to-end ML deployment flow: from floating-point training to quantized, edge-ready inference. Creating Secure Connections and Infrastructure for a Smarter World NXP Semiconductors N.V. (NASDAQ: NXPI) makes products and environments safer, more sustainable, and more secure with innovative connectivity and edge processing solutions for a smarter world. We are in the business of better. Not just better technologies, but better innovations to improve society. As the world leader in secure connectivity and processing solutions for embedded applications, NXP is solving the world’s most complex technology challenges to accelerate business innovation, enhance how we work, and advance how we live. Ready to create a smarter world? Visit our career website and follow us on social: LinkedIn, Facebook, and Twitter. To learn more about NXP in Belgium, click here or visit our showroom here Our office: NXP Belgium is located in Leuven and consists of around 120 employees focused on advancing technology through innovative R&D solutions for IoT, Healthcare, Cryptography and Audio innovation. And more: Life at NXP is more than work alone. Join one of the many social activities that are organized by and for employees in Belgium. We collaborate with universities in Belgium offering students real-world experience through internships and providing Master’s students with thesis assistance. We participate in annual job fairs and hire graduates from our Belgian universities. In 2020, the European Commission declared Leuven to be the European Capital of Innovation and NXP is proud to be a part of this environment of invention. We are a member of Leuven MindGate , a cooperation between the government, local companies and knowledge institutions focused on elevating Leuven as a top destination in health, high-tech and creativity. Finally, we are also very proud, in 2022 the U.S. Government’s National Institute of Standards and Technology (NIST) selects specialized NXP co-authored Crystals-Kyber algorithm for post-quantum cryptography standard development. To learn more about this, click here Job Description The SW DSP Engineer / Architect designs, codes, develops and debugs DSP algorithms on a variety of platforms, processors and assembly language programs. Develops and executes system software algorithm performance. Analyzes and determines system software test standards and procedures. This is a specialty position that is often found outside the semiconductor industry. Expectations: It is an asset when you are already familiar with : C and Python programming SW engineering processes Embedded FW development Design and implementation of (audio) DSP algorithms the use of Machine learning toolchains You are a Master in Electronic Engineering (micro-/nano-electronics). Excellent communication skills, in English. Ability to work in a team as well as independently. You will be working in Leuven and in cooperation with NXP colleagues from remote locations. We offer What can you expect? Contract: This is a full-time position with a permanent contract. Benefits: Besides a competitive salary, we offer great benefits. A bonus plan, an excellent pension plan, a work from home policy. Development opportunities: We believe that a key component to growing our business is to develop our people. To enable you to grow your career at NXP, we provide you with a mix of lear",fr,https://www.stepstone.be/offres-d-emploi--Junior-Embedded-Software-Engineer-Machine-Learning-Leuven-NXP-Semiconductors-Netherlands-B-V--2178182-inline.html,stepstone
2178194,Kassabediende,Introductie,2025 Français,,,,"Pour les recruteurs Comparateur de salaire Mes Offres Se connecter Trouver un emploi Kassabediende I-Tek Hasselt NV Hasselt Publiée: il y a 4 heures Vous serez l’un des 1er candidats Sauvegarder Kassabediende I-Tek Hasselt NV Sauvegarder Introductie ITEK is de specialist in fiets-, fitness-, tuin- en allerhande andere sport-, hobby- en vrijetijdsartikelen. Onze vestigingen zijn gelegen in zowel Nederland als Belgie. Met een alsmaar uitbreidend winkelnetwerk is ITEK een bloeiende en groeiende onderneming met vele kansen voor zij die de uitdaging aangaan ! Voor ons filiaal te Hasselt zijn we dringend op zoek naar een accurate en klantvriendelijke Kassabediende Uw taken: U staat in voor een vlotte en correcte betaling van de producten. U kan vlot alle mogelijke kassaverrichtingen uitvoeren. U bent klantvriendelijk en helpt de klant indien nodig. U bent verantwoordelijk, samen met de filiaalhouder, voor de dagelijkse afsluiting van de kassa en het correct doorsturen van de nodige gegevens naar het hoofdkantoor. Jouw profiel U kan zelfstandig werken en bent stressbestendig. U bent klantvriendelijk en kan probleemoplossend denken. U bent leergiering en kan vlot overweg met een computerkassa. U bent bereid tot weekendwerk Geen ervaring verreist, motivatie en doorzettingsvermogen des te meer ! I-Tek Hasselt NV 5 Jobs Stepstone Qui sommes-nous Espace Presse Devenez partenaire Candidat Carrière chez Stepstone Conseils de carrière FAQ Recruteur Pourquoi Stepstone Actualités recrutement Publier une annonce Recrutement international: THE NETWORK Restons en contact Donnez-nous votre avis Apps Déclaration de confidentialité Conditions d'utilisation Contactez-nous Conditions générales de vente THE NETWORK The Stepstone Group GmbH © 2025 Français",fr,https://www.stepstone.be/offres-d-emploi--Kassabediende-Hasselt-I-Tek-Hasselt-NV--2178194-inline.html,stepstone
2178216,Laatavond zorgkundige in jouw regio binnen Vlaams-Brabant,Introductie,2835 en,,,,"Pour les recruteurs Comparateur de salaire Mes Offres Se connecter Trouver un emploi Laatavond zorgkundige in jouw regio binnen Vlaams-Brabant Wit-Gele Kruis Vlaams Brabant Vlaams-Brabant, België Publiée: il y a 4 heures Vous serez l’un des 1er candidats Sauvegarder Laatavond zorgkundige in jouw regio binnen Vlaams-Brabant Wit-Gele Kruis Vlaams Brabant Sauvegarder Introductie Beschrijving FUNCTIE Ben jij een zorgzame en dynamische zorgverlener met een hart voor thuiszorg? Word deel van ons team bij Wit-Gele Kruis Vlaams-Brabant, waar je écht het verschil maakt in het leven van onze patiënten! Over ons: Als zorgkundige in de thuisverpleging: Als laatavond zorgkundige zorg jij er immers voor dat onze patiënten later op de dag zorg kunnen krijgen waardoor zij langer van hun dag kunnen genieten, en later kunnen gaan slapen. Verleen je zorg: Bouw je een band op: Werk je samen: PROFIEL Je heb een diploma als zorgkundige ; Je bent reeds in het bezit van het attest om de 5 extra verpleegkundige handelingen uit te mogen voeren; Je komt in aanmerking voor de subsidies omtrent ‘mobiele equipe’. Elke verpleegkundige die opstart binnen het Wit-Gele Kruis Vlaams-Brabant, komt hiervoor in aanmerking. Je bent een dynamische persoon die zelfstandig kan werken, maar ook in team; Je bent diplomatisch, kan je goed inleven en hebt de nodige verantwoordelijkheidszin; laatavond-rondes van 19u30 tem 23u30. WIJ BIEDEN Wens je meer uren te werken per week? Je kan tot 32 uur per week werken (afhankelijk van de mogelijkheden binnen de afdeling) indien je ook namiddagrondes werkt van 12u tem 16u. Je kan ook werken op feestdagen en 1 weekend per 2 ; rijbewijs B. Een contract onbepaalde duur ; Je werkt in de regio van je woonplaats binnen Vlaams-Brabant, in een deeltijds contract (20u, 24u, 28u afhankelijk van de mogelijkheden in de afdeling). Hiernaast kan zelfroosteren . Autonoom werk waarbij je zeker ondersteuning mag verwachten van je team en afdeling; Je komt terecht in een stabiele organisa",fr,https://www.stepstone.be/offres-d-emploi--Laatavond-zorgkundige-in-jouw-regio-binnen-Vlaams-Brabant-Vlaams-Brabant-Belgie-Wit-Gele-Kruis-Vlaams-Brabant--2178216-inline.html,stepstone
2178197,Logistiek Process Administrator,Over het bedrijf:,2025 Français,,,,"Pour les recruteurs Comparateur de salaire Mes Offres Se connecter Trouver un emploi Logistiek Process Administrator Headit bv WILLEBROEK Publiée: il y a 4 heures Vous serez l’un des 1er candidats Sauvegarder Logistiek Process Administrator Headit bv Sauvegarder Over het bedrijf: Headit is op zoek naar een gemotiveerde Logistiek Process Administrator! Voor een internationale speler met Belgische origine in de petrochemische sector (regio Antwerpen), zijn wij op zoek naar een enthousiaste professional die het verschil wil maken in klantgerichte processen. Je komt terecht bij een toonaangevend bedrijf met een stevige verankering in België en een internationale scope. Vanuit het hoofdkantoor in de regio Antwerpen werk je mee aan duurzame en efficiënte oplossingen binnen de Franse markt. Verantwoordelijkheden als Logistiek Process Administrator: Als Customer Service & Supply Coordinator ben jij het kloppend hart van de order-to-cash processen. Je fungeert als schakel tussen klanten, sales, logistiek en supply chain, met een focus op service, precisie en klanttevredenheid. Concreet betekent dat: Je beheert het volledige orderproces van A tot Z voor klanten in Frankrijk; Je staat dagelijks in contact met klanten en bent hun eerste aanspreekpunt; Je coördineert transporten, stelt verzenddocumenten op en volgt leveringen nauwgezet op; Je werkt actief mee aan het opzetten en onboarden van nieuwe klanten;; Je bewaakt de voorraadniveaus in samenwerking met Supply Chain; Je volgt forecasts op, analyseert orderdata en speelt accuraat in op afwijkingen; Je adviseert klanten over importregels, douaneformaliteiten, transportmiddelen en zendingseisen. Wat we verwachten van de Logistiek Process Administrator: Een bachelor of relevante ervaring in customer service, sales support of logistieke administratie; Je bent klantgericht, oplossingsgericht en je weet makkelijk te schakelen tussen verschillende taken; Je communiceert vlot en bouwt sterke relaties uit met zowel interne als extern",fr,https://www.stepstone.be/offres-d-emploi--Logistiek-Process-Administrator-WILLEBROEK-Headit-bv--2178197-inline.html,stepstone
2173861,Maintenance Manager,Vos responsabilités,2000 Antwerp,,,,"Pour les recruteurs Comparateur de salaire Mes Offres Se connecter Trouver un emploi Maintenance Manager CORECRUITMENT LIMITED Antwerp Contrat fixe à durée indéterminée Plein temps Publiée: il y a 3 heures Vous serez l’un des 1er candidats Sauvegarder Maintenance Manager CORECRUITMENT LIMITED Sauvegarder My client is looking for a Technical Service Employee to join their team in Antwerp. If you love hotels, like to be kept busy and love that not one is the same then this role is for you. Vos responsabilités - Perform preventive maintenance, resolve technical issues, and keep technical documentation up to date to ensure smooth operations and guest comfort. - Collaborate with the Head of Technical Services and other departments to resolve malfunctions, improve processes, and maintain safety and cleanliness standards. - Proactively suggest innovations and contribute to procedures, work instructions, and initiatives to continuously enhance technical standards and guest experience. Votre profil - Proactive, guest-oriented professional with strong focus on order, safety, and quality, able to stay calm and deliver solutions under pressure. - Broad technical expertise across electricity, HVAC, control systems, mechanics, plumbing, and painting, with eagerness to keep learning and developing skills. - Flexible team player with strong communication skills (fluent in English, good Dutch), willing to prioritize tasks, tackle issues immediately, and participate in on-call duty. Notre offre My client is seeking a Technical Service Employee to join their team in Antwerp. This role involves performing preventive maintenance, resolving technical issues, and keeping documentation up to date to ensure smooth operations and guest comfort. You will collaborate closely with the Head of Technical Services, respond to guest complaints, maintain safety standards, and proactively suggest improvements with a focus on innovation and sustainability. This is a hands-on, varied position ideal for",fr,https://www.stepstone.be/offres-d-emploi--Maintenance-Manager-Antwerp-CORECRUITMENT-LIMITED--2173861-inline.html,stepstone
2178186,Mechanical designer,Jouw verantwoordelijkheden:,2025 Français,,,,"Pour les recruteurs Comparateur de salaire Mes Offres Se connecter Trouver un emploi Mechanical designer P.V.S. NV HASSELT Publiée: il y a 4 heures Vous serez l’un des 1er candidats Sauvegarder Mechanical designer P.V.S. NV Sauvegarder Jouw verantwoordelijkheden: Als Mechanical Designer ben je verantwoordelijk voor het ontwerp en de uitvoering van nieuwe producten van concept tot productie. - Je bent verantwoordelijk voor het volledige ontwikkelingsproces: van het eerste artistieke concept tot het uitgewerkte technisch product. - Je vertaalt creatieve ideeën naar functionele en technisch haalbare ontwerpen. - Je creëert productontwerpen, gaande van initiële (theoretische) concepttekeningen, tot definitieve producten en gedetailleerde productklare ontwerpen. - Je creëert beelden en animaties (2D en 3D) voor zowel commerciële als communicatieve doeleinden. - Je doet de uitwerking van 3D-modellen, technische tekeningen en prototypes voor audiovisuele systemen en toebehoren (o.a. luidsprekers, montagesystemen, behuizingen van versterkers, matrixsystemen, connectoren etc.). - Je staat in voor het opzetten en opvolgen van het Design for Manufacturing (DFM)-proces in nauwe samenwerking met fabrikanten, met oog voor efficiëntie, kosteneffectiviteit en produceerbaarheid. - Je toets jouw ontwerpen op vlak van mechanische betrouwbaarheid, duurzaamheid en gebruiksvriendelijkheid. - Je bedenkt en integreert innovatieve oplossingen om producten zowel esthetisch aantrekkelijk als technisch hoogstaand te maken. - Je schrijft van productdocumentatie voor zowel technische als commerciële doeleinden. - Je staat in voor het opvolgen van de gehele productcreatiecyclus ook met externe stakeholders (samples, prototypes, testing etc.). - Je ondersteunt het product management. - Je hebt een communicerende rol tussen de product- en de marketingafdeling om zo een vloeiende doorstroom van informatie te bekomen. - Je werkt mee aan markt- en concurrentie analyses om zo voeling en inzicht in de m",fr,https://www.stepstone.be/offres-d-emploi--Mechanical-designer-HASSELT-P-V-S-NV--2178186-inline.html,stepstone
2178237,Pijpfitter - regio Antwerpen,Introductie,2040 Antwerpen,,,,"Pour les recruteurs Comparateur de salaire Mes Offres Se connecter Trouver un emploi Pijpfitter - regio Antwerpen Spie Belgium Antwerpen, België Publiée: il y a 4 heures Vous serez l’un des 1er candidats Sauvegarder Pijpfitter - regio Antwerpen Spie Belgium Sauvegarder Introductie WIE is spie Belgium ? SPIE Belgium helpt haar klanten enerzijds bij het ontwerp en de bouw van hun technische uitrusting en anderzijds bij de exploitatie en het onderhoud van hun installaties. SPIE vind je op de meest uiteenlopende en uitdagende industriele werven over heel België. Ook onze Industry Services horen in dat rijtje. Daar zitten ook heel wat industriële pijpleidingsystemen in jouw regio tussen. Waarom SPIEcialist worden ? Via energiezuinige en milieuvriendelijke installaties maken onze de wereld elke dag een beetje groener.Duurzaamheid is onze SPIEcialiteitSPIEcialisten Zin om aan de slag te gaan in een groot bedrijf dat aanvoelt als een familie? Wij zijn gespecialiseerd in sfeer maken.SPIEcialisten in gezelligheid Hoe je een kan herkennen? Aan zijn brede glimlach, natuurlijk!Gelukkige SPIEcialisten, voor minder gaan we nietSPIEcialist Wens jij ook aan uitdagende projecten te in een gezellige sfeer ? Word !werkendanSPIEcialist HOe SPIEcialist worden ? Jouw verantwoordelijkheden Jouw SPIEcialisatie als Pijpfitter - regio Antwerpen Als Pijpfitter bij SPIE ben je verantwoordelijk voor de prefabricatie van industriële pijpleidingsystemen op basis van technische plannen en isometrische tekeningen. Een job vol afwisseling en toffe collega’s bij een 14-voudig Top Employer. Waar zal jij in uitblinken? Uitvoeren van opmetingen en de nodige berekeningen om nauwkeurige leidingsystemen op te bouwen Plooien, slijpen en aan elkaar zetten van buizen Inbouwen van buisleidingen en apparaten in de installatie WAT MAAKT JOU ZO SPIEcialist ? Als pijpfitter kan je goed met alle mensen om, planlezen, materiaalkennis en nauwkeurig werken zijn je troeven. Zelfs als er wat druk bij komt kijken. ● Je he",fr,https://www.stepstone.be/offres-d-emploi--Pijpfitter-regio-Antwerpen-Antwerpen-Belgie-Spie-Belgium--2178237-inline.html,stepstone
2178251,Polyvalente productiemedewerker,Functieomschrijving:,8020 Oostkamp,,,,"omschrijving: Voor onze vestiging in Oostkamp zijn we op zoek naar een enthousiaste : Polyvalente productiemedewerker Ben je gebeten door mode en textiel? Op zoek naar een nieuwe uitdaging ? Sta je te popelen om deel uit te maken van een enthousiast team? Als je bij het lezen van deze drie vragen volmondig ‘YES’ zegt, dan ben jij de persoon waar wij naar op zoek zijn! Jouw verantwoordelijkheden Als polyvalente productiemedewerker ondersteun je de afdeling personalisatie van modetextiel. Je personaliseert kleding met een volautomatische hittepers en zorgt mee voor een kwaliteitsvol eindresultaat. Wat word er van jou verwacht? · Je hebt oog voor detail. · Je werkt nauwkeurig en met zin voor verantwoordelijkheid. · Je hebt goesting om de handen uit de mouwen te steken. Wat bieden wij jou aan?: · Afwisselend werk: een gevarieerd takenpakket en ruimte om initiatief te nemen. · Aangename werksfeer: werken in een familiaal bedrijf met een collegiale cultuur. · Dichtbij huis: filevrij werken in je eigen regio, vlakbij de E40. · Opleiding en ontwikkeling: kansen om jezelf verder te specialiseren via opleidingen en trainingen. · Aantrekkelijke voorwaarden: een marktconform loon volgens ervaring, aangevuld met extra voordelen. · Werkregime: 38,5u per week in een vast uurrooster, met 6 extra verlofdagen per jaar. Alfa Shirt BVBA 1 Job Stepstone Qui sommes-nous Espace Presse Devenez partenaire Candidat Carrière chez Stepstone Conseils de carrière FAQ Recruteur Pourquoi Stepstone Actualités recrutement Publier une annonce Recrutement international: THE NETWORK Restons en contact Donnez-nous votre avis Apps Déclaration de confidentialité Conditions d'utilisation Contactez-nous Conditions générales de vente THE NETWORK The Stepstone Group GmbH © 2025 Français",fr,https://www.stepstone.be/offres-d-emploi--Polyvalente-productiemedewerker-8020-Oostkamp-Belgie-Alfa-Shirt-BVBA--2178251-inline.html,stepstone
2178188,Sales Purchase Specialist,Introductie,2025 Français,,,,"Pour les recruteurs Comparateur de salaire Mes Offres Se connecter Trouver un emploi Sales Purchase Specialist Headit bv ANTWERPEN Publiée: il y a 4 heures Vous serez l’un des 1er candidats Sauvegarder Sales Purchase Specialist Headit bv Sauvegarder Introductie Ben je analytisch ingesteld en werk je graag met sales data? Houd je van commerciële contacten (met leveranciers en klanten) en heb je interesse in Supply Chain? Wij zijn op zoek naar een Sales Purchase Specialist voor een snelgroeiende organisatie die zich richt op internationale distributie en supply chain van grondstoffen voor Pharma, Food, etc. Een veelzijdige functie voor een teamgerichte kandidaat die houdt van uitdaging en een omgeving in volle ontwikkeling. Wat ga je doen? Het end-to-end doorlopen van de logistieke cyclus: van aankoop van grondstoffen tot sales order management. Opbouwen van goede relaties met suppliers wereldwijd. Aanspreekpunt voor toegewezen klanten binnen Europa. Organisatie en beheer van volledig proces, incl. prijscalculaties, opstellen van offertes en ontvangst van orders. Je bepaalt de marges op verkoop rekening houdende met prijsfluctuaties, transportkosten, import rates, ... die variëren naargelang land van herkomst, product, etc. Om een goede order flow te garanderen, werk je nauw samen met het logistieke team en expeditie partner. Nauwe samenwerking met de Sales Managers, voorbereiding van Sales Meetings (rapportering, forecasting, etc.) Stock management: monitoring en analyse van stocklevels. Deelname aan verbeteringsinitiatieven en ad hoc projecten. Wat verwachten we van jou? Minimaal 2 jaar relevante ervaring in een analytische/cijfermatige rol, idealiter met contacten met stakeholders; Je hebt een hoger diploma, bij voorkeur in Economie of Logistiek (Supply Chain, Internationale Handel, enz.); Je bent commercieel ingesteld en werkt graag met cijfers; Je beschikt over goede communicatieve vaardigheden in het Nederlands en Engels, Frans is een pluspunt; Je houdt van uitd",fr,https://www.stepstone.be/offres-d-emploi--Sales-Purchase-Specialist-ANTWERPEN-Headit-bv--2178188-inline.html,stepstone
2175132,Project (Contract) Manager (industrial Electricity),Bekijk alle vacatures van VINCI Energies Belgium.,2660 Antwerp,,,,"Pour les recruteurs Comparateur de salaire Mes Offres Se connecter Trouver un emploi Project (Contract) Manager (industrial Electricity) Actemium Antwerp Contrat fixe à durée indéterminée Plein temps Publiée: il y a 7 heures Vous serez l’un des 1er candidats Sauvegarder Project (Contract) Manager (industrial Electricity) Actemium Sauvegarder Actemium België geeft advies over, ontwerpt, realiseert en ondersteunt industriële processen. We bieden ook service en opleidingen. Onze activiteiten: elektriciteit & instrumentatie, IT/ICT, automatisering en mechanics & piping. Het is onze missie om klanten te helpen met het verbeteren van hun concurrentievoordeel en industriële prestaties. Vandaag telt Actemium Belgium 900 medewerkers, verspreid over 8 vestigingen in België, 1 in China en 1 in Frankrijk. Actemium is een merk van VINCI Energies. Bekijk alle vacatures van VINCI Energies Belgium. Als Contract Manager bij Actemium sta je centraal in het beheren en uitbreiden van onze klantenportefeuille binnen de industriële sector. Je bouwt proactief aan duurzame relaties met bestaande en nieuwe klanten, en bent hun eerste aanspreekpunt gedurende het volledige traject. Dankzij jouw commerciële inzicht spoor je continu opportuniteiten op en weet je deze strategisch te vertalen naar concrete projecten. Een belangrijk aspect van jouw rol is het opvolgen, beheren en onderhandelen van raamcontracten. Je bent verantwoordelijk voor het ondersteunen van het volledige contractmanagementproces: van initiële besprekingen en het opzetten van contracten tot het monitoren van de uitvoering en het waarborgen van naleving van afspraken. Je onderhandelt met klanten over voorwaarden, prijzen en prestaties, en zorgt voor een optimale balans tussen klanttevredenheid en bedrijfsmatige doelstellingen. Samen met interne teams bewaak je de veiligheid en voortgang van projecten, stuur je bij waar nodig en rapporteer je periodiek aan het management. Je financiële expertise stelt je in staat om kosten en o",fr,https://www.stepstone.be/offres-d-emploi--Project-Contract-Manager-industrial-Electricity-Antwerp-Actemium--2175132-inline.html,stepstone
2176498,Senior Technical Service Engineer - EMEA,Vos responsabilités,"This will be a remote based position requiring visitation to the Dover Fueling Solutions (DFS) Turnhout, Belgium Office at least 1x times per month for 1-3 days! Candidates can be remotely based either in Belgium, UK, Germany or Sweden. Notre offre Excellent salary & benefits Flexible working conditions Join a global pioneering organisation in its field Good learning & development prospects as well as further career opportunities Intéressé.e? Dover Fueling Solutions 1 Job Des offres d'emploi similaires Recruiter Turnhout Intelect HQ Turnhout il y a 2 jours Atelierverantwoordelijke Turnhout HUDSON Turnhout il y a 3 jours Walsmachinist Stadsbader NV Regio Turnhout - Beerse - Vosselaar - Rijkevorsel’ il y a 6 jours Accountant HAYS Turnhout Télétravail possible il y a 4 jours Senior Sales Controller Dixon Finance Turnhout Télétravail possible Candidature facile il y a 3 jours Ervaren Accountant ARBALETT SRL Turnhout il y a 4 jours Verpleegkundige - Hof ter Dennen - Vosselaar Armonea NV Vosselaar il y a 5 jours R&D Manager - Regio Kempen - Metaalindustrie Michael Page Turnhout il y a 23 heures NOUVEAU Junior verzekeringsmedewerker Intelect Turnhout Tielen il y a 1 jour Jurist vennootschapsrecht Austin Bright Turnhout il y a 3 jours Stepstone Qui sommes-nous Espace Presse Devenez partenaire Candidat Carrière chez Stepstone Conseils de carrière FAQ Recruteur Pourquoi Stepstone Actualités recrutement Publier une annonce Recrutement international: THE NETWORK Restons en contact Donnez-nous votre avis Apps Déclaration de confidentialité Conditions d'utilisation Contactez-nous Conditions générales de vente THE NETWORK The Stepstone Group GmbH © 2025 Français",,,,"Pour les recruteurs Comparateur de salaire Mes Offres Se connecter Trouver un emploi Senior Technical Service Engineer - EMEA Dover Fueling Solutions Turnhout Contrat fixe à durée indéterminée Plein temps Publiée: il y a 41 minutes Vous serez l’un des 1er candidats Sauvegarder Senior Technical Service Engineer - EMEA Dover Fueling Solutions Sauvegarder At Dover Fueling Solutions (DFS), we are taking fueling and convenience retail to the next level. We are passionate about cultivating excellence in everything we do, but what really fuels us is our people. They’re the heart of our company. As an employee, our promise to you is that you’ll work on new and innovative products and solutions, be mentored by managers and teammates who are collaborative, caring, and act with integrity, and have the opportunity to grow in ways that are meaningful to you. Unique and interesting projects – both locally and globally – will challenge you and allow you to pursue different and rewarding career paths. We are #EnergizedByGrowth DFS is part of a legacy of leadership that spans back generations, made up of some of the most trusted, leading-edge brands in the industry. As part of Dover Corporation and with our talented, innovative, outstanding people, we are doing great things and redefining what is possible in fueling and convenience retail. Providing advanced fuel-dispensing equipment, including clean energy solutions, systems and payment, automatic tank gauging and wet stock-management solutions, DFS comprises the product brands of Wayne Fueling Systems, OPW Fuel Management Systems, ClearView, Tokheim, ProGauge, Fairbanks, LIQAL, AvaLAN, and Bulloch Technologies. Headquartered in Austin, TX, DFS has a significant technology development and manufacturing presence worldwide, including facilities in Brazil, China, India, Italy, Poland, the Netherlands, the United Kingdom and the United States. Vos responsabilités Role Overview: The 3rd level support forms a technical ""center of compete",fr,https://www.stepstone.be/offres-d-emploi--Senior-Technical-Service-Engineer-EMEA-Turnhout-Dover-Fueling-Solutions--2176498-inline.html,stepstone
2178226,Vacature: Service Technieker - Wielsbeke,Introductie,2025 Français,,,,"Pour les recruteurs Comparateur de salaire Mes Offres Se connecter Trouver un emploi Vacature: Service Technieker - Wielsbeke Intermat NV Wielsbeke, België Publiée: il y a 4 heures Vous serez l’un des 1er candidats Sauvegarder Vacature: Service Technieker - Wielsbeke Intermat NV Sauvegarder Introductie Bij Intermat zitten wij niet stil. In Wielsbeke staat sinds kort ons nieuw hoofdkantoor. Een nieuw kantoor voor ons, dat betekent heel wat kansen voor jou. Wij zijn op zoek naar een service technieker met als uitvalsbasis vestiging Wielsbeke. Intermat,met trots kunnen wij zeggen dat wij een gekende naam in de bouwwereld zijn. Met onze specialisatiein de verkoop en verhuur van bouwmaterieel, zijn wij al meer dan 25 jaar. Wij groeiden enorm de laatste jaren. Wij hebben intussen 5 vestigingen verspreid over Vlaanderen en 1 vestiging in Wallonie , ook onz webshope draai top volle toeren. Het spreekt dan ook voor zich dat wi dynamischj zijn ondernemerschap: is key Geen woorden maar daden.. Join Intermat! WAT DOE JIJ? Verantwoordelijk voor het onderhouden en herstellen van bouwmachines/personen- en goederenliften . Je staat in voor het ingeven van inkomende herstellingen in ons ERP-pakket. Je zoekt de noodzakelijke onderdelen op en indien nodig bestel je deze bij onze leveranciers. Je staat ook zelfstandig in voor het uitvoeren van de herstellingen in ons atelier en op de werf . Heb je geen hoogtevrees? Dan krijg je de kans om nieuwe hoogtes te bereiken bij de montage van personen- en goederenliften. WIE BEN JIJ? Je kunt een diploma A2 (elektromechanica of elektriciteit) voorleggen of je bent gelijkgesteld door ervaring. Kennis van elektromotoren en bijhorende schakelingen is vereist. Kennis in foutzoeken in elektrische schakelingen . Kennis van algemene mechanische herstellingen is een pluspunt. Administratieve taken schrikken je niet af (opmaken offertes, bestellingen, etc.). Je bent commercieel en sociaal ingesteld. Rijbewijs B is een vereiste, BE een pluspunt. WAT KRIJG",fr,https://www.stepstone.be/offres-d-emploi--Vacature-Service-Technieker-Wielsbeke-Wielsbeke-Belgie-Intermat-NV--2178226-inline.html,stepstone
2178238,Vacature plaatser,Introductie,2025 Français,,,,"Pour les recruteurs Comparateur de salaire Mes Offres Se connecter Trouver un emploi Vacature plaatser Meukens NV Beringen, België Publiée: il y a 4 heures Vous serez l’un des 1er candidats Sauvegarder Vacature plaatser Meukens NV Sauvegarder Introductie Meukens in Beringen is een echt familiebedrijf waar je meer bent dan een nummer. Veel meer. Je verovert een plaatsje in een ambitieuze onderneming die al meer dan 30 jaar hoogwaardige ramen, deuren, rolluiken en zonwering plaatst in diverse nieuwbouw- en renovatieprojecten. Ben jij een gedreven perfectionist die ervaring heeft met de plaatsing van buitenschrijnwerk? Dan ben jij misschien wel onze nieuwe plaatser ! Dit is wat je gaat doen bij Meukens: Je geeft elke dag het beste van jezelf op een van onze vele werven waar je ramen, deuren, rolluiken en zonwering plaatst. Je hebt oog voor detail en staat garant voor topwerk. Je werkt op verplaatsing . Deze vaardigheden zijn de jouwe: Je bent een ervaren plaatser of bent op en top gemotiveerd om het vak te leren via een IBO-overeenkomst. Je hebt zin voor initiatief , goed organisatieskillse en houdt altijd he eindresultaatt voor ogen. flexibele teamspeler. Dit bieden wij jou: Je komt terecht in een familiaal bedrijf en maakt deel uit van een gemoedelijk team waarin je echt jezelf kan zijn. Een goede work-lifebalans is gegarandeerd! Je krijgt een praktijkgerichte opleiding on-the-job . Je ontvangt een marktconform loon met vergoeding woon-werkverkeer en extralegale voordelen zoals maaltijd- en ecocheques. Je hebt uitzicht op concrete doorgroeimogelijkheden bij een positieve evaluatie. Geïnteresseerd? Meukens NV 1 Job Des offres d'emploi similaires IT Business Analyst VANBREDA RISK & BENEFITS Antwerpen il y a 1 jour Auditor Milieu &amp; Energie SGS Group Belgium Antwerpen il y a 2 jours Customer Service - Logistics Planner Michael Page Antwerpen Télétravail possible il y a 4 jours Facility Inkoper/ Buyer - Automotive PROGRESSIVE Antwerp il y a 5 jours Credit Controller /",fr,https://www.stepstone.be/offres-d-emploi--Vacature-plaatser-Beringen-Belgie-Meukens-NV--2178238-inline.html,stepstone
2178240,Vertegenwoordiger Luik,Introductie,2025 Français,,,,"Pour les recruteurs Comparateur de salaire Mes Offres Se connecter Trouver un emploi Vertegenwoordiger Luik Climatrix Nv Luik, België Publiée: il y a 4 heures Vous serez l’un des 1er candidats Sauvegarder Vertegenwoordiger Luik Climatrix Nv Sauvegarder Introductie Ons team verwelkomt graag een geëngageerde climaat ter ondersteuning van de sales. Je collega’s houden zich het liefst bezig met het ontwerpen en installeren van innovatieve verwarmings- en koelsystemen. Jij daarentegen bent liever bezig met het uitbouwen en onderhouden van klantenrelaties, het liefst met HVAC-installateurs. Krijg je het warm bij de gedachte alleen al? Dan ben jij misschien de Sales Champ waar we bij Climatrix naar zoeken. Benieuwd hoe het is om bij Climatrix te werken? Sales Champ Kristof en Sales Driver Steven vertellen je er alles over. Wie is Climatrix? Duurzaam verwarmen en koelen dankzij innovatieve lagetemperatuursystemen voor vloeren, wanden en plafonds. Daar staan wij als comfort companions voor. Climatrix is een partner voor professionele installateurs met residentiële en niet-residentiële bouw- en renovatieprojecten die hun klanten maatgericht willen verder helpen en die voor elke mogelijke situatie een optimale oplossing willen bieden . Ontdek ons verhaalhttps://www.climatrix.be/ons-verhaal/op Werken als één van onze climaten Bij Climatrix worden collega’s maten. Climaten om precies te zijn. Mensen met expertise, die bezeten zijn door verwarmings- en koelingssystemen – of dit nog willen worden. Die meedenken, adviseren, helpen, stressbestendig en flexibel zijn. Professionals met een koel hoofd maar een warm hart. Climaten zijn fijne en warme collega’s. Die samen grote en kleine successen vieren, teambuildings organiseren, samen de kerstboom opzetten en het bouwverlof inzetten met avontuurlijke uitstappen. Collega’s die bijleren op de Climatrix Academy, hun kennis delen met elkaar én vooral ook zorg dragen voor elkaar. Stuk voor stuk gedreven comfort companions met een warm hart",fr,https://www.stepstone.be/offres-d-emploi--Vertegenwoordiger-Luik-Luik-Belgie-Climatrix-Nv--2178240-inline.html,stepstone
2178217,Zorgkundige in jouw regio binnen Vlaams-Brabant,Introductie,2835 en,,,,"Pour les recruteurs Comparateur de salaire Mes Offres Se connecter Trouver un emploi Zorgkundige in jouw regio binnen Vlaams-Brabant Wit-Gele Kruis Vlaams Brabant Vlaams-Brabant, België Publiée: il y a 4 heures Vous serez l’un des 1er candidats Sauvegarder Zorgkundige in jouw regio binnen Vlaams-Brabant Wit-Gele Kruis Vlaams Brabant Sauvegarder Introductie Beschrijving FUNCTIE Ben jij een zorgzame, dynamische zorgkundige met een hart voor thuisverpleging? Word deel van ons team bij Wit-Gele Kruis Vlaams-Brabant, waar je écht het verschil maakt in het leven van onze patiënten! Over ons: Als zorgkundige in de thuisverpleging: Verleen je zorg: Bouw je een band op: Werk je samen: PROFIEL Je heb een diploma als zorgkundige . Je bent reeds in het bezit van het attest om de 5 extra verpleegkundige handelingen uit te mogen voeren. Je bent een dynamische persoon die zelfstandig kan werken, maar ook in team. Je bent diplomatisch, kan je goed inleven en hebt de nodige verantwoordelijkheidszin. WIJ BIEDEN Je kan werken in een variabel rooster van 3 shiften: Je werkt vooral voormiddagen van 7u-7u30 tem 11u-11u30; Soms namiddagen 12u-13u tem 16u-17u; Avonden Je kan ook werken op feestdagen en 1 weekend per 2 . rijbewijs B. Een contract onbepaalde duur . Je werkt in de regio van je woonplaats binnen Vlaams-Brabant, in een deeltijds contract (20u, 24u, 28u of 32u). Autonoom werk waarbij je zeker ondersteuning mag verwachten van je team en afdeling. Je komt terecht in een stabiele organisatie die inzet op innovatie en zorgkwaliteit. Een uitgebreid introductie- en coaching traject. Bruto voltijds salaris tussen €2835 en €3629 (IFIC schaal 11), supplementen voor avond-, weekendwerk, feestdagen en onderbroken diensten; een dienstwagen met tankkaart (onbeperkte kilometers bij privégebruik); maaltijdcheques van €7; eindejaarspremie; groepsverzekering, hospitalisatieverzekering en tandzorgplan; extra ongevallenverzekering in je privéleven; anciënniteitsverlof (vanaf 5 jaar dienst): verzek",fr,https://www.stepstone.be/offres-d-emploi--Zorgkundige-in-jouw-regio-binnen-Vlaams-Brabant-Vlaams-Brabant-Belgie-Wit-Gele-Kruis-Vlaams-Brabant--2178217-inline.html,stepstone
